day_index,date,s0,cost_plan,cost_emergency,cost_total,emergency_rate,unextracted_ratio,curtailment_rate,soc_violate_count,emergency_kwh,load_kwh,curtail_kwh,unextracted_kwh,final_soc,dev_c,dev_r
31,2025-02-01,5888.3152720602475,29753.307355079934,521.5423330202885,30274.849688100225,0.0016391079790029708,0.1038386050174024,0.12091926947424662,0,125.0724724584793,76305.20628333333,5069.785881146567,4827.344481576316,5888.3152720602475,0.0,0.0
32,2025-02-02,5888.3152720602475,56757.89964925674,1147.8635969876364,57905.76324624437,0.0019556131224682865,0.054392506859802243,0.03298564998993601,0,238.00979719710637,121705.97265,1429.9178565447837,4836.995199126006,5888.3152720602475,2.0261082134084063,1.6411476528605249
33,2025-02-03,5888.3152720602475,57681.493518137024,485.626468957699,58167.119987094724,0.0010315773193274589,0.049322309646562326,0.0316402651043391,0,126.47526736446301,122603.769,1341.1312500385184,4464.211226774484,5881.374250598816,31.097340979954765,18.941926878474874
34,2025-02-04,5881.374250598816,56226.90099374343,3214.907396361229,59441.80839010466,0.005981639772786191,0.039882396789231535,0.004761278531965211,0,727.236391580891,121578.09884999998,192.2758293806783,3532.0904040440955,5790.1578830849885,424.6308646719076,261.8562696218021
35,2025-02-05,5790.1578830849885,58681.21637097321,902.290660025707,59583.50703099892,0.0019723730974772116,0.054982812631653624,0.048326117569266025,0,240.61193306837774,121991.08443333334,1993.0975127976653,5077.196992532726,5790.1578830849885,71.65911547560518,58.04388353524007
36,2025-02-06,5790.1578830849885,57850.467151715085,879.7126646533011,58730.179816368385,0.0014202318816111505,0.0447309602796541,0.04676154124554676,0,173.62641906245352,122252.1627,1963.1011955925408,4062.3915113187995,5779.137066603841,68.41670281246569,45.49879444506274
37,2025-02-07,5779.137066603841,23705.94292986739,237.00476030585205,23942.94769017324,0.0007326299089898502,0.10328374214490353,0.10405070114353597,0,55.80339223915257,76168.59693333332,4615.992646369345,4633.627192456408,5801.440378562746,11.203688096978794,29.147968121570386
38,2025-02-08,5801.440378562746,20753.873999071275,1720.3301334405314,22474.204132511804,0.005951026318013523,0.04422357463182244,0.058832751714066385,0,450.7711260166615,75746.78751666666,2598.620569161869,1723.3940079266458,5786.942296632252,166.59276924270364,121.89186934914349
39,2025-02-09,5786.942296632252,54603.54135223906,2641.6921080283196,57245.23346026738,0.005202347822317747,0.02531171176083762,0.011628616611195108,0,632.3344714273359,121547.90356666666,488.3145388507645,2177.239301192002,5755.895814989339,535.8804493448372,406.1213304906969
40,2025-02-10,5755.895814989339,55869.39134472851,577.7334249106507,56447.12476963916,0.0014082459180412474,0.07058527287718738,0.06297863178012186,0,171.0702843641881,121477.56451666665,2969.5008654258304,6199.128130440401,5726.68750328447,32.453679672076646,0.0
41,2025-02-11,5726.68750328447,52352.98787972054,883.7153759378884,53236.70325565842,0.0015566340099840079,0.044766042300467775,0.019651665225877187,0,189.039629180549,121441.28161666667,908.3134179773629,3767.210943209814,5726.68750328447,0.0,0.0
42,2025-02-12,5726.68750328447,50731.37867897155,3516.91110586792,54248.28978483947,0.007166970627951674,0.026431857460610844,0.012825780764758987,0,869.8111689098981,121363.85288333334,591.2315133229993,2156.517332333562,5726.68750328447,213.95714093926756,173.30528416080858
43,2025-02-13,5726.68750328447,52191.58554222042,961.2338428461726,53152.81938506659,0.002133812087181657,0.06281244657529758,0.05920785860798234,0,258.85334969405943,121310.28371666666,2959.256417790779,5261.141892044545,5723.240361706236,83.4324406772131,64.47784952813254
44,2025-02-14,5723.240361706236,19764.698924754877,2366.9222002259294,22131.621124980808,0.009157117410577334,0.03590750793718595,0.07365654634784467,0,694.7746539583754,75872.63794999999,3393.4186769388234,1332.0268925762607,5723.071124571181,1252.9693286402553,1014.7528427770567
45,2025-02-15,5723.071124571181,19582.890050906914,1858.7599859670204,21441.650036873933,0.00583111258357337,0.027432254951503237,0.07812108964638918,0,443.4826566630133,76054.55225,3654.0718726606983,1011.8856745318267,5683.0053354820975,360.2840040904639,255.7708331331036
46,2025-02-16,5683.0053354820975,51436.38020018731,4643.885993517833,56080.266193705145,0.00919791366469366,0.03232461015764724,0.01697325071673834,0,1115.495166567114,121276.97728333331,779.0653877632642,2652.5877783927044,5655.08324511618,105.09396048968256,59.99622666731722
47,2025-02-17,5655.08324511618,51380.39856207014,567.3135425281774,51947.71210459832,0.0009338364670994754,0.057122548035128964,0.04468996999242469,0,112.95720721015141,120960.37281666666,2224.5107225861375,4706.374420954717,5640.2900484244365,81.97637854734137,53.08698960077754
48,2025-02-18,5640.2900484244365,49661.44924193622,3078.707997304128,52740.15723924035,0.005536619389927813,0.046112253994020656,0.02232775518479864,0,671.7650689150639,121331.27123333333,1099.4160629996181,3717.7086307878453,5638.139870172413,111.47983934069657,88.36350943914272
49,2025-02-19,5638.139870172413,50348.1657916277,3081.38689452003,53429.552686147734,0.0055589459833872085,0.05403723951418325,0.014213104645356744,0,677.45092566312,121866.79411666666,696.263990991799,4412.111428658028,5605.874543166459,175.89318227753824,113.43468333944543
50,2025-02-20,5605.874543166459,51049.4378586533,1266.627100602652,52316.06495925595,0.0021204248220904956,0.0611211270402383,0.044630890394917445,0,256.79459309912954,121105.25703333333,2236.5486824588884,5035.874490114042,5590.135566972617,23.940676428415372,5.226869332558977
51,2025-02-21,5590.135566972617,23249.653374909154,887.7903243911817,24137.443699300336,0.0034282750471067614,0.06607400310066766,0.10548882237769364,0,259.8701120916126,75802.00203333332,5299.941986806265,2319.79149339402,5590.135566972617,0.0,0.0
52,2025-02-22,5590.135566972617,19041.429447283324,1264.8069122370314,20306.236359520357,0.005009290916404877,0.04186878878004308,0.07647781402369733,0,379.1143687195666,75682.24226666667,3658.5058516410218,1506.149533434559,5574.0420545505085,142.66868463842167,101.07747337722395
53,2025-02-23,5574.0420545505085,50478.95923515876,1457.5786586521644,51936.53789381093,0.00321988997724985,0.042868595703230754,0.04816196959896254,0,390.0643654138288,121142.14093333333,2389.3291463302985,3488.797126058551,5560.353672930114,223.05478339626643,168.3548310926159
54,2025-02-24,5560.353672930114,48284.76844715934,2220.5738424607134,50505.34228962005,0.003982088132311955,0.04321729845452555,0.057812190784914556,0,480.3552637177496,120628.98854999998,3030.8593086871992,3394.68648081477,5560.353672930114,18.491097374672336,14.977788873486247
55,2025-02-25,5560.353672930114,47736.83771979384,1072.2274961719536,48809.06521596579,0.002368388355207867,0.049807324113331115,0.06709193851249809,0,286.7960394941965,121093.33288333332,3708.3062729000007,3860.741822875374,5542.331398241075,34.69906849214976,11.886198258504237
56,2025-02-26,5542.331398241075,46336.372988619514,2683.536028833184,49019.9090174527,0.0047706705985032195,0.028220027377072864,0.019918933182509244,0,577.5408848835973,121060.73411666666,1040.6823139549062,2135.3074177136714,5542.331398241075,487.9235652576115,395.21808785866256
57,2025-02-27,5542.331398241075,48296.55940431098,1705.2323237494727,50001.79172806045,0.0025713046518818766,0.06267589687098742,0.036722926590091236,0,310.0980269088569,120599.48893333334,1969.9244526014575,4877.441306640564,5542.331398241075,0.32059175891106406,0.2596793247172684
58,2025-02-28,5542.331398241075,18508.660106719395,968.5369199275881,19477.197026646983,0.0035804937450872455,0.04799736590000323,0.134443245915836,0,269.9159074877018,75385.10795,7003.486723853428,1680.8337036910023,5538.332337867166,35.11565921929241,24.844529631109538
59,2025-03-01,5538.332337867166,18528.73224459931,1288.3862027038483,19817.118447303157,0.0037518060724580945,0.07490980796478394,0.11839730106667878,0,271.046078750405,72244.16014999998,5752.379546513957,2619.7571706905783,5521.789930755696,211.34775370246004,156.30351409867035
60,2025-03-02,5521.789930755696,47691.89488528488,11757.02279107075,59448.91767635563,0.021599759462846604,0.025861816860640756,0.018702214980074156,0,2545.7566591907766,117860.41708333333,850.9902435786855,1986.7103815958458,5516.141455630521,1241.3055191428243,1000.373842893032
61,2025-03-03,5516.141455630521,47114.18944734043,7909.357983030026,55023.547430370454,0.01471884883823197,0.021248799702564464,0.0068519926027432645,0,1736.2169456338604,117958.7456,314.79149627779753,1626.7513258914378,5516.141455630521,584.1888695638473,473.19298434671333
62,2025-03-04,5516.141455630521,55184.469593757094,469.00460100051873,55653.47419475761,0.0017074931367906149,0.09123290327294775,0.11193269389085689,0,201.72157434617665,118139.02498333334,5477.937577758716,7944.820869242394,5471.291740318136,82.19662298723642,26.214520838513977
63,2025-03-05,5471.291740318136,46619.76122276131,945.7863671297042,47565.547589891015,0.001800633779901622,0.049421585644338684,0.03764917230293371,0,212.60703147561685,118073.44383333332,1955.609895852113,3757.1879814973076,5438.440035127796,126.22568397691471,72.67626934999498
64,2025-03-06,5438.440035127796,46521.9208983456,1132.4071107286147,47654.32800907421,0.002626608340445983,0.03880364726366788,0.05218626001760762,0,309.0824554017223,117673.59855,2699.748888804609,2935.1899599924554,5399.577438885015,111.27870144041219,55.15941154823156
65,2025-03-07,5399.577438885015,18021.562667101618,39.37341578937027,18060.93608289099,0.0002295573515224707,0.0781276543514379,0.13961491249091548,0,16.454753930635405,71680.36145,7086.584327312661,2631.983021239719,5360.258719397521,72.72246274820813,23.518347287307108
66,2025-03-08,5360.258719397521,17016.14939401026,1583.1317852139798,18599.28117922424,0.007727159845902005,0.044311320714922275,0.16645103697658417,0,559.019150410095,72344.71158333334,8868.772922239266,1407.0917899836145,5377.01301088495,9.557435135577009,22.82038479850247
67,2025-03-09,5377.01301088495,46132.395914597146,1805.1684829576575,47937.5643975548,0.0034556423645660393,0.0725549921332776,0.04903079498669182,0,406.7048701616989,117692.9865,2665.2876099419273,5460.32509698896,5314.872139152689,96.79359051822686,22.47602376072905
68,2025-03-10,5314.872139152689,43559.539631912485,6190.6991874860905,49750.238819398575,0.01613075393878637,0.0163997555511694,0.0061745704852191954,0,1902.5105500851423,117943.06436666666,308.1171980463821,1174.6705428450991,5272.838446537375,974.4794037357433,751.4979936721702
69,2025-03-11,5272.838446537375,45482.532524879534,1644.9402891737197,47127.47281405325,0.003515226602077009,0.048260848407023195,0.060779340490539166,0,413.0375542619961,117499.55295,3255.38001989205,3607.269622076515,5268.111540965399,15.252842459889507,8.100587377734087
70,2025-03-12,5268.111540965399,44140.9933169658,2022.0069941718018,46163.000311137606,0.0048911027078645634,0.04317130794325172,0.061295675154827145,0,577.6990814074572,118112.23683333333,3412.741048678466,3133.4423770046146,5174.926223528725,135.54860682047286,25.927585831575925
71,2025-03-13,5174.926223528725,43242.62416527275,9263.101645140128,52505.72581041288,0.019547474508235043,0.02854525939165483,0.0004493750471194389,0,2311.2401590579993,118237.27705,22.779566666666696,2033.9298743522622,5171.0900053144715,1280.867979931193,1034.0504673514456
72,2025-03-14,5171.0900053144715,17583.005641552758,237.20033602437678,17820.205977577134,0.0011299161350690184,0.07423856440819383,0.2038781698915749,0,81.47697450818235,72108.86895,11433.374200582952,2440.938388968404,5188.820944816836,15.02761722316734,28.130215502896476
73,2025-03-15,5188.820944816836,16929.793439592333,1798.2208933801378,18728.01433297247,0.007076353275306991,0.04843603836974802,0.1318407008055921,0,514.627663039132,72724.98178333332,6829.46124086867,1532.3249246393043,5187.461911640533,137.21531436059053,109.92127477340651
74,2025-03-16,5187.461911640533,44173.20100611988,2594.6729533892367,46767.87395950912,0.005543624019048915,0.05226310006494486,0.03708092617108378,0,654.0545899698425,117983.21598333333,2025.8114271092181,3803.9347145035667,5210.36637340268,32.39263280893334,46.85204816116925
75,2025-03-17,5210.36637340268,44256.348273059644,1333.5140013092991,45589.86227436894,0.002230139749394203,0.09039435869824186,0.08190406706132779,0,262.47322422634807,117693.6218,4900.770015638899,6632.677218247225,5218.772466194751,4.277507806617223,11.030264836225045
76,2025-03-18,5218.772466194751,41289.24345870095,6572.508668768067,47861.752127469015,0.01176702710657909,0.038919297481200654,0.03215051196124373,0,1379.7242136442833,117253.42358333332,1804.526741802733,2658.6909683887725,5176.716530890158,214.54710168757993,135.93281059280218
77,2025-03-19,5176.716530890158,41133.905453604006,4526.049927064249,45659.95538066825,0.008200937733255054,0.053566600045911045,0.03358561746738627,0,961.818754417141,117281.55799999999,1941.7889999152135,3655.193273385611,5178.229748221661,32.561594135827704,27.736786848373256
78,2025-03-20,5178.229748221661,41001.26882486456,3305.997799481019,44307.266624345575,0.006805167927754387,0.02722719659322464,0.008169225521740268,0,800.616994123885,117648.38173333331,452.89712409370895,1842.5717980194177,5178.229748221661,854.5212459046625,692.1622091827785
79,2025-03-21,5178.229748221661,16273.660174286138,965.4559273611267,17239.116101647265,0.004104669069186836,0.052258899783160576,0.2396224148589399,0,297.97242631276976,72593.53221666666,14511.549666294884,1602.0597285871563,5125.162644304548,92.84840046773523,27.44681085346312
80,2025-03-22,5125.162644304548,16597.760641828725,620.6410041459485,17218.401645974674,0.002445905425440247,0.06647956482943243,0.19118447527300794,0,175.9509262350927,71936.92953333333,10716.985287858515,2082.5786976305035,5096.482528131117,85.16284853557462,43.169802757730324
81,2025-03-23,5096.482528131117,41695.01169957741,1094.0213818285013,42789.03308140591,0.0023913775958778125,0.05268287755264937,0.04717973189631635,0,281.5607437746696,117739.97726666665,2782.2009221938324,3635.710704123166,5082.236235243645,149.25007574603922,108.07089775556335
82,2025-03-24,5082.236235243645,39545.77471079322,4086.509938544864,43632.284649338086,0.008831371971393817,0.03449390850772756,0.042009017647663786,0,1037.025360520167,117425.17061666667,2496.456177203754,2265.6487108846395,5051.173159484105,411.24041417374343,305.1479672971459
83,2025-03-25,5051.173159484105,39183.03617948475,6274.763489210898,45457.79966869565,0.014367109280253325,0.01836470971521819,0.010564960816655351,0,1696.0827629021346,118053.16781666665,603.2914128632816,1193.6122882084612,5018.919456950933,1088.2861762121381,852.4834704519794
84,2025-03-26,5018.919456950933,42559.87671901118,179.85204458418752,42739.72876359537,0.0005781069839419566,0.08529395043053435,0.0774592256751817,0,68.04586737346857,117704.62779999999,4811.153074496411,6008.042068142006,5011.974594888272,51.040163464201896,35.092156549609484
85,2025-03-27,5011.974594888272,41279.31893121902,1398.3040882363807,42677.6230194554,0.0032328164404369928,0.05860913254221074,0.034112700583038696,0,381.31909919202155,117952.59836666666,2020.686592533862,4010.1719847703616,5000.197575828858,207.7050085933402,157.64173980712982
86,2025-03-28,5000.197575828858,15716.495538052486,1294.9976481203928,17011.49318617288,0.005273194234414681,0.06150224679645877,0.24720671709278003,0,379.09925265246875,71891.76726666666,15096.886154893686,1861.2922794122346,5019.455828343061,14.020939859704754,28.689388549141654
87,2025-03-29,5019.455828343061,15919.012657257583,834.0571856196603,16753.069842877245,0.0026637744571636926,0.05153687948286278,0.28906142348426445,0,192.10682541035055,72118.27746666667,18618.755086122488,1573.935394292817,5004.439272237276,17.351591511232755,0.5398886288924132
88,2025-03-30,5004.439272237276,39562.30898823754,2209.5127196034177,41771.82170784096,0.005095437506115432,0.05527666619618506,0.05581804059037225,0,601.234649711148,117994.70585,3496.949233670428,3642.437480133984,4993.868619434403,209.4260707981216,160.12152982389716
89,2025-03-31,4993.868619434403,40045.224383176144,1674.1596642369163,41719.38404741306,0.003159405260411843,0.04237495961884384,0.057582342306026775,0,369.8894738155146,117075.66561666667,3462.096649211676,2837.2747369691792,4969.422247842675,177.77544493968338,121.99637596859179
90,2025-04-01,4969.422247842675,39618.14210391123,1747.864084924214,41366.00618883545,0.0041863149097980355,0.020091942532332013,0.021472321640185733,0,493.84762342201617,117967.1463,1240.2046829763951,1328.5160141315498,4969.422247842675,1546.022397097292,1252.2781416488056
91,2025-04-02,4969.422247842675,40876.30572148035,6795.0472694059035,47671.352990886255,0.011644391445656018,0.05351047209456896,0.030480621945637786,0,1373.8824986693662,117986.62945,1754.1992364202831,3668.73206026991,4969.422247842675,109.4527512292027,88.65672849565294
92,2025-04-03,4969.422247842675,41158.438810615364,1199.998222910397,42358.43703352576,0.0025714296606150215,0.07121588214871355,0.07182845740654067,0,303.13158694100935,117884.45609999998,4454.867429533801,4915.020485179948,4957.452251649369,66.12127147164844,42.78523331806065
93,2025-04-04,4957.452251649369,15392.797421869847,816.3112327571005,16209.108654626947,0.002935509098747602,0.06811946593146675,0.28799070213931416,0,210.5809521633248,71735.75181666667,18807.21827887683,2037.0920427704953,4979.962908329195,0.0,20.259591011843384
94,2025-04-05,4979.962908329195,15049.811430194437,1933.8793580376673,16983.690788232103,0.007731581391548706,0.032757179748904325,0.2395169593468712,0,561.334013403841,72602.74256666665,14504.81834097956,964.6092373968933,4953.601574192131,1609.8984436194528,1280.2925386083994
95,2025-04-06,4953.601574192131,38460.18816214327,1607.4170979452902,40067.60526008856,0.003425430318629492,0.04190122162371457,0.05906526356590647,0,401.4790354281743,117205.43058333333,3709.024153428399,2703.0547765775364,4953.601574192131,124.82304874225758,101.10666948122787
96,2025-04-07,4953.601574192131,39106.59663121265,567.8471178815128,39674.443749094164,0.001589539905291175,0.05757317560361112,0.07799529121806906,0,186.00023778529805,117015.14203333334,4973.948684068063,3794.423197640702,4945.8363298640015,49.75389608359558,33.311935932395045
97,2025-04-08,4945.8363298640015,39537.96561995552,2738.532556338356,42276.49817629387,0.005391234390658214,0.07476484931068765,0.0611187124499757,0,634.6199387231861,117713.29026666666,3872.4875279540183,4985.493038018009,4945.8363298640015,10.263291198204683,8.313265870545528
98,2025-04-09,4945.8363298640015,37811.23667257675,4542.594668418272,42353.83134099502,0.012253555975134481,0.02362201489078109,0.007123412042341341,0,1441.968109377349,117677.52253333332,417.0274179151596,1497.4431205678397,4877.481161688307,1219.8048059679081,926.5222414758812
99,2025-04-10,4877.481161688307,40514.286952828734,2047.614082270742,42561.90103509948,0.0038080114685099574,0.08577064959144588,0.0657538205886693,0,448.08376168679877,117668.70068333333,4156.171620012645,5845.217111542439,4877.481161688307,47.227671088330794,38.254413581546146
100,2025-04-11,4877.481161688307,14644.763287957212,1016.6614410692621,15661.424729026474,0.003614457384086665,0.04510941034025707,0.29117673110645453,0,260.57344998658937,72091.99675,19443.427136635557,1288.3158863228641,4856.264907841274,62.87163893491504,31.831399074951776
101,2025-04-12,4856.264907841274,14711.425728740836,909.7225873584636,15621.1483160993,0.0029065241053440392,0.05501724443252203,0.24927617952388362,0,209.14526591829457,71957.17576666665,15687.452322949575,1588.450676336452,4854.036515418724,87.30790283387819,68.71384811514328
102,2025-04-13,4854.036515418724,37956.368119202554,2766.5801998531538,40722.94831905571,0.0053803903337963,0.05425734708645524,0.050257912783401026,0,631.0286541789102,117283.06219999999,3166.585420161822,3491.193629106352,4833.347175314293,38.955092997507904,12.933219233995942
103,2025-04-14,4833.347175314293,38318.165026480434,1200.5727822617614,39518.7378087422,0.0019811087939780856,0.06521956887037672,0.06456138645054782,0,233.5754462450393,117901.37268333332,4220.59352433228,4228.191870604644,4832.97065497949,140.97437499566684,113.8503754451691
104,2025-04-15,4832.97065497949,37638.326621801214,1385.9764638181118,39024.30308561933,0.0022776848936775173,0.06392386213799207,0.0834410689593907,0,266.6187445987584,117056.90516666666,5583.665757318061,4062.7361607675443,4821.6613282146955,154.45785843786467,114.93247124635234
105,2025-04-16,4821.6613282146955,37260.0947673898,1627.2358438892165,38887.330611279016,0.0036474092765491637,0.022717082622783137,0.03962334254414182,0,430.1203197281539,117924.88506666665,2462.4042366677822,1434.7285123429892,4798.169340081142,743.792544709212,581.3291718942658
106,2025-04-17,4798.169340081142,37862.60002586606,292.68308112888053,38155.28310699494,0.0006669362810223034,0.055453196136019144,0.053015406259135096,0,78.35637128218414,117487.04263333333,3425.7866474582042,3534.164058141866,4798.169340081142,11.682907293556582,9.463154907780222
107,2025-04-18,4798.169340081142,14242.969207164078,563.9759706623446,14806.945177826423,0.0024038515275708406,0.06487541547470824,0.26579861810527583,0,171.8517527982956,71490.16935,17313.072654733158,1823.2640090364418,4798.169340081142,4.211009332399044,3.410917559244126
108,2025-04-19,4798.169340081142,14300.109029136176,455.3387562071549,14755.44778534333,0.0022561884098209295,0.07042605035614942,0.2594898717892254,0,162.23216471602996,71905.41535,16898.17146140898,1990.1529201708088,4763.581162671189,38.431308233280674,1.1368683772161603e-13
109,2025-04-20,4763.581162671189,37250.23406273457,1530.9541854946401,38781.18824822921,0.003460422367552883,0.05418640814543199,0.06442915987262021,0,405.553945125895,117197.81635000001,4203.362994627035,3424.7693635281566,4748.813215622866,42.56219524929429,21.18422580843537
110,2025-04-21,4748.813215622866,36273.93359435168,1266.0630794559609,37539.99667380764,0.002587188746315767,0.06535631970877502,0.07940911534786403,0,306.5343601768198,118481.63788333331,5555.837116329374,4030.8727888351955,4715.364908853131,60.65885805288394,19.03019893007518
111,2025-04-22,4715.364908853131,36002.12824360964,1705.9849676773003,37708.11321128694,0.0034885123761266004,0.03464542958573635,0.05314639851135185,0,410.98513509050514,117811.00101666666,3489.490044055113,2120.2830532720727,4693.713922746199,307.29870917545156,229.4260669358781
112,2025-04-23,4693.713922746199,36735.76552727228,781.6409007960538,37517.40642806833,0.0012678428454242266,0.04283066705064796,0.07086263209164047,0,149.64414368865687,118030.51476666666,4721.619555663126,2682.8012251264886,4689.903592032828,130.79253688421625,102.51265723417949
113,2025-04-24,4689.903592032828,35218.626134978724,1150.5429836955127,36369.16911867424,0.0017356861299221739,0.046375483809729445,0.09021918106597777,0,203.93926646408497,117497.77966666667,6352.122595813848,2779.2301454098065,4683.392745759411,29.533240074373566,18.06216281416789
114,2025-04-25,4683.392745759411,13667.305715078104,686.3435771793581,14353.649292257462,0.0021465135155017854,0.06584910936632375,0.301096352766987,0,154.04093887309583,71763.3212,21005.37388312125,1804.7232260962628,4673.030387102763,11.513731840719856,0.0
115,2025-04-26,4673.030387102763,13397.563901074891,1636.5904343790908,15034.154335453983,0.005298000427509733,0.037608155156766604,0.32727495427532566,0,381.99072811844695,72100.92436666667,23573.85410716996,1012.97178235052,4622.345487333349,286.197049990697,186.20320069999576
116,2025-04-27,4622.345487333349,34126.821148251205,3656.731910755238,37783.553059006445,0.00763680421505794,0.044013554675812555,0.055378127595955125,0,893.7544613814233,117032.52253333334,3791.1340807583438,2540.740016479728,4620.841501711796,87.66716556093922,69.65681704496296
117,2025-04-28,4620.841501711796,33948.58903988339,11924.20203120606,45872.79107108945,0.03207313242571319,0.014979474493122404,0.00293033555298316,0,3769.789413519285,117537.3008,178.50236742803716,859.5273996452414,4577.3728654716,1757.1676862302056,1384.1840532303004
118,2025-04-29,4577.3728654716,35416.268236400574,2836.0496069924056,38252.31784339298,0.005775746605943471,0.041894128416652694,0.10349388123851648,0,677.2222231952962,117252.75871666666,7225.895698357257,2528.86144569861,4568.474115471599,54.73051662557578,36.322843466714176
119,2025-04-30,4568.474115471599,35824.83128673575,1359.041137605982,37183.87242434174,0.003136567183955399,0.05503083126238054,0.08528174222728489,0,369.1202617692342,117682.88071666665,5920.772477359939,3349.080185679753,4561.856492098854,64.64829747132671,46.40925991630172
120,2025-05-01,4561.856492098854,34583.469288615,13569.105586028776,48152.574874643775,0.022529130124688386,0.033099112660068104,0.06906549273855082,0,2711.709373462558,120364.58391666666,4789.913284380367,1927.1259219736446,4230.950244623287,463.8936568072102,77.938239285826
121,2025-05-02,4230.950244623287,14684.156540533397,6903.366427106272,21587.52296763967,0.021566142347901298,0.02195332041459074,0.20348835723599037,0,1612.306944606321,74761.02673333333,12305.084757107978,617.8507707097613,4196.595121498128,488.0077401433831,364.36665870349987
122,2025-05-03,4196.595121498128,16304.503505511559,2284.7020295207262,18589.205535032284,0.005855495348535903,0.07553775648398141,0.26148441476396095,0,438.5464416078558,74894.84928333333,17265.20864417564,2318.4216126799624,4217.923845440066,0.0,19.195851547741484
123,2025-05-04,4217.923845440066,38258.895910714775,2675.549396042071,40934.44530675685,0.004501151558048198,0.03883140472917402,0.09250856934801888,0,543.1543376566756,120670.08423333333,6377.116794828242,2478.7745814524837,4169.333101938451,130.51685384570646,61.98698246356844
124,2025-05-05,4169.333101938451,40522.33561591879,5081.024052716437,45603.359668635225,0.009700825565256884,0.08513398606710924,0.05515459560792956,0,1170.0375627187127,120612.16386666667,3614.6202407097553,5713.723199620112,4169.333101938451,103.35785752999561,83.71986459929678
125,2025-05-06,4169.333101938451,38458.12324199342,2962.114322199128,41420.23756419255,0.005778603509025527,0.05722446356773675,0.05639254123304122,0,699.3103593642692,121017.19009999999,3842.9885827645026,3614.4102219597544,4035.4205799595493,491.0613016067324,277.2383845204451
126,2025-05-07,4035.4205799595493,38564.51523056082,2280.5071966998603,40845.02242726068,0.0038157291464120846,0.03736045809174638,0.042321667343176314,0,462.3145638246501,121160.21501666667,2797.139257561903,2377.482294159298,4030.4084074151915,274.4653613970571,217.80598744169254
127,2025-05-08,4030.4084074151915,39875.81650443376,2191.9013928954914,42067.71789732925,0.0036949192995837615,0.052744461444171546,0.036561988649787186,0,445.0363189312577,120445.47738333332,2362.5978642816285,3421.589805006931,4020.26137834043,901.5573943736701,721.129163275386
128,2025-05-09,4020.26137834043,17763.511545426772,107.69307725133903,17871.204622678113,0.0006728760684884877,0.11091494094956225,0.2625637953294927,0,49.9636221390264,74253.82544999999,17264.73522113989,3548.327691340669,4139.028911358299,0.0,106.8907797160847
129,2025-05-10,4139.028911358299,16846.390429537067,718.2084992335978,17564.598928770665,0.003622584462312386,0.08379860451954813,0.22161163739051892,0,270.4186380302262,74647.98705,13856.697945932623,2589.7929144900104,4127.738964742864,166.71083124090094,124.8748213512359
130,2025-05-11,4127.738964742864,42167.820170508865,2256.6121016638167,44424.43227217268,0.0036442985707659304,0.07939406701755453,0.08202706311534597,0,440.0238718353199,120743.09041666667,5353.005041484411,5557.339373104674,4111.713468090755,46.500086288081775,23.24212290644698
131,2025-05-12,4111.713468090755,41423.319788136534,997.8632185844058,42421.18300672094,0.0018871197524021536,0.06298875011337725,0.1236306735098523,0,227.30093903426913,120448.60361666666,8470.8533455811,4319.775653470127,4111.713468090755,243.46784422994074,197.2089538262546
132,2025-05-13,4111.713468090755,39745.79779936822,222.82943375716133,39968.627233125386,0.0005386772930218109,0.07192959471727728,0.057127428045308876,0,64.78651958301845,120269.6316,3835.5594458331507,4715.821318687811,4111.713468090755,219.0737409218002,177.44973014665823
133,2025-05-14,4111.713468090755,40773.519534172665,699.147310857473,41472.66684503014,0.0019788726450727353,0.0737221067645084,0.08099229376312107,0,238.63622043667385,120592.00526666666,5473.28560418017,4960.588032816602,4189.845367317281,16.61997343679832,83.78088778767983
134,2025-05-15,4189.845367317281,40107.00031734165,1666.1786790912345,41773.178996432885,0.0034897203043417193,0.0777694085093749,0.07448913018663356,0,417.3646501321732,119598.30981666666,4978.350774262493,5168.535053207919,4256.511701696231,7.531414118943076,66.10014637739891
135,2025-05-16,4256.511701696231,15742.001964564384,1153.0338179490589,16895.03578251344,0.0040826203738253955,0.07284155049963453,0.3079770811054096,0,304.8955796210282,74681.34474999999,22163.828793273133,2141.5457197599153,4270.0017607402915,0.0,12.141053139655241
136,2025-05-17,4270.0017607402915,16137.033708401512,1395.732882747235,17532.766591148746,0.0045865959356537036,0.06224997631161482,0.23636728817145045,0,345.25385534376767,75274.53043333333,15322.682322930475,1862.6102527066482,4265.249799923981,199.3576815903349,157.20295735349583
137,2025-05-18,4265.249799923981,39697.30392418003,2173.137078477027,41870.441002657055,0.004847974965018402,0.0660578241906935,0.06841167306857472,0,585.0877339782495,120687.037,4584.325655227922,4336.9542297433845,4260.521380816724,98.07601870693338,75.18599795608384
138,2025-05-19,4260.521380816724,37716.06649302383,1554.1010405499962,39270.167533573825,0.0022399274662506276,0.08771550185600452,0.08619460314036519,0,268.9534397821701,120072.38798333332,6254.036596683609,5489.133636846677,4248.204442660441,16.520559190944738,2.2964086040107077
139,2025-05-20,4248.204442660441,37531.2113021831,2215.1416842330113,39746.35298641612,0.0038710418020148902,0.03359750791801842,0.03740976928762363,0,466.21889787463374,120437.57771666667,2465.6847359940757,2088.4010891819426,4216.643595170192,578.9717081768373,440.5623208820117
140,2025-05-21,4216.643595170192,38860.336647862474,1451.1246196463337,40311.46126750881,0.0038415289783575272,0.05717474046548121,0.0903163262665569,0,462.0708271101895,120283.05128333332,6224.640584209353,3689.1544268169305,4203.759799458861,48.799774664489355,27.932401338041245
141,2025-05-22,4203.759799458861,38549.56897349814,881.6965406319587,39431.2655141301,0.0016007040994722697,0.0650015249083204,0.0791722053618549,0,191.6517896311814,119729.68001666665,5455.99808337401,4153.133691943311,4194.183860154997,13.157809989113389,2.0394807177042367
142,2025-05-23,4194.183860154997,17688.42042597317,231.48173206182474,17919.902158034994,0.0014303511181615557,0.13048676278503976,0.2663706539288972,0,107.25256769623856,74983.38438333332,18263.020779092833,4086.1012010098802,4191.204227797243,24.274250240064248,16.9804735724736
143,2025-05-24,4191.204227797243,15977.438006232129,539.8593785097892,16517.29738474192,0.0016712602609216538,0.08566585446598407,0.2914375437796323,0,124.83280945351677,74693.81781666665,20674.38013873677,2527.786296171831,4210.687188585629,0.0,17.53466470954737
144,2025-05-25,4210.687188585629,37143.845308332646,1011.0411629769974,38154.88647130964,0.0016611642912368154,0.061421060235657916,0.07780916102867944,0,199.8710841951044,120319.8776,5584.742216635533,3767.2907321327957,4210.687188585629,42.360222775133366,34.31178044785622
145,2025-05-26,4210.687188585629,36606.31643355357,5936.124630285816,42542.44106383939,0.015254218240333404,0.041449150997497755,0.018845812238990983,0,1821.4752243541789,119407.96936666666,1221.7388867121936,2475.2701662633217,4206.896193269618,1586.5036276587318,1281.6560426191668
146,2025-05-27,4206.896193269618,36506.95584741619,1002.6156634431707,37509.57151085936,0.003168407732176729,0.057184290955315284,0.05703790121012153,0,380.35729599902476,120046.82734999999,4030.0961881887984,3428.296224254742,4155.532896056253,120.71237934478722,51.55005977725011
147,2025-05-28,4155.532896056253,36181.83744114164,4399.646124501551,40581.48356564319,0.010443761948447611,0.039508453584361836,0.04189026617908271,0,1252.4352247489715,119921.84721666666,2833.793694845907,2353.5785719306127,4155.034405624823,774.8841602932949,627.2075284492815
148,2025-05-29,4155.034405624823,37906.95811004337,1720.219895323473,39627.17800536685,0.0028993557876452734,0.03945361449874621,0.050401471559634835,0,349.1964228790879,120439.31426666665,3343.0888219997437,2501.21102804961,4155.034405624823,247.73803061085778,200.66780479479257
149,2025-05-30,4155.034405624823,16251.567606536562,966.0825334345772,17217.650139971138,0.0032759580811886364,0.0891407170422824,0.26922459556319267,0,244.42651975163642,74612.22448333332,18311.577727136748,2670.6249918352087,4143.935521120894,89.81276293783833,62.75934192611385
150,2025-05-31,4143.935521120894,15669.736350319909,1603.4595717827256,17273.195922102634,0.0062288809195679,0.08893203225955189,0.24037736065971446,0,465.78532902542764,74778.33258333334,15958.44890183182,2591.600125875952,4168.361258832554,11.764717632723318,31.512585223000656
151,2025-06-01,4168.361258832554,41672.91971956052,25353.849709722104,67026.76942928263,0.049510430307304974,0.009998449478905826,0.000280544159940501,0,6349.641393542567,128248.56003333331,15.997675476888807,691.0266784280999,3932.122510506862,2001.083298132853,1408.2625979944892
152,2025-06-02,3932.122510506862,48555.7262443067,11078.14908847352,59633.87533278022,0.019669655148575618,0.06205296265847509,0.0616257058074138,0,2519.2999937065524,128080.53698333334,3663.0152854934454,4888.309740598901,3848.5648298455103,339.74784291384447,199.9938401650004
153,2025-06-03,3848.5648298455103,55179.270386497854,594.8244774532999,55774.094863951155,0.000915083844626381,0.11140949694309052,0.07444498508051549,0,117.20104767334537,128076.84056666667,4458.098753632521,9648.962316379857,3848.5648298455103,16.087264091118982,13.030683913806513
154,2025-06-04,3848.5648298455103,51053.55386322061,2314.891534073974,53368.445397294585,0.00503775018552544,0.057343850622912994,0.06806445546217056,0,647.5516208593485,128539.84358333334,4008.627705684901,4703.053615368023,3838.532615982822,189.1738806020288,144.20185081122133
155,2025-06-05,3838.532615982822,52261.5874159644,1798.3205700185931,54059.907985982994,0.0033950961231527417,0.05937476333213676,0.058292107094486026,0,436.1201982514161,128455.92066666666,3340.5226188949564,4949.961723177329,3828.566154062303,177.5482400997564,134.8442587523362
156,2025-06-06,3828.566154062303,22057.771827021985,6076.423514135021,28134.195341157007,0.018812164591552397,0.0214748790926969,0.11769211878568757,0,1556.6579905054919,82747.41500000001,6107.328811639941,835.6593706035087,3798.328209015949,452.3185296965592,339.16385851249476
157,2025-06-07,3798.328209015949,22966.797877948935,2231.518702949133,25198.316580898067,0.006717565166313931,0.054263521593681176,0.10014330174166748,0,558.6109526401364,83156.75975,5210.480683288113,2203.613320884784,3781.188919137221,313.1980492325079,238.2650589874733
158,2025-06-08,3781.188919137221,60487.02324424438,216.02906040694725,60703.052304651326,0.0005235576003594685,0.1568539421830209,0.1572029375764231,0,67.15513479350997,128266.94665,9916.67938412461,14836.36498426161,3781.188919137221,10.584015384800296,8.573052461687961
159,2025-06-09,3781.188919137221,52367.70900284677,1881.0450970326883,54248.75409987946,0.004101556688603542,0.06352665855638091,0.055893557501246936,0,525.6931902459255,128169.18798333332,3199.150220554572,5285.482757750818,3781.188919137221,64.37912366976104,52.147090172507774
160,2025-06-10,3781.188919137221,54464.8014214245,831.8666767396464,55296.66809816415,0.0016468521593743703,0.08694323975222214,0.05511528787621582,0,209.83283092897045,127414.49178333333,3075.2152230732763,7504.9533619055,3759.2906750613224,78.64472276108575,43.9938057681685
161,2025-06-11,3759.2906750613224,50463.2011643821,11648.807595413395,62112.0087597955,0.01918303225817642,0.04103432936126296,0.003612962242928526,0,2459.968317646977,128236.67731666667,188.4240414874866,3339.9061348598416,3748.5935915692235,187.85771334723526,142.53737266837146
162,2025-06-12,3748.5935915692235,53513.672498093,1947.3347982823345,55461.007296375334,0.0033236948885066037,0.06599478320009929,0.054192303141310766,0,424.5083369635014,127721.81298333334,2995.1772470824935,5615.2093952232935,3734.0515549109978,95.05624869311282,63.907728449017895
163,2025-06-13,3734.0515549109978,23441.228104944195,276.5578052074218,23717.78591015162,0.0010778035338958466,0.10617688723422726,0.09264570133430032,0,88.26088992240338,81889.59039999999,4960.647067309335,4244.798804355145,3734.0515549109978,731.4383670992257,592.4650773503745
164,2025-06-14,3734.0515549109978,22487.513932760485,969.3820213020309,23456.895954062515,0.0031949293769313707,0.06352481019900888,0.14446458893954778,0,262.79302801739,82253.15711666667,8098.658038507854,2488.842075890184,3696.1663573238675,87.6917582132906,36.933646324349695
165,2025-06-15,3696.1663573238675,55967.750630161725,204.49115986264664,56172.241790024374,0.0003631012528166774,0.11836300475580137,0.05461708307216566,0,46.24780153786436,127368.88451666664,3099.0776221564793,10509.053177592974,3696.1663573238675,61.27294523503008,49.63108564037475
166,2025-06-16,3696.1663573238675,52528.0509516218,1948.384252849732,54476.435204471534,0.003774560742674073,0.05742652005612068,0.04211802378484396,0,481.7042784438786,127618.63201666667,2313.3147331181453,4809.796097722994,3696.1663573238675,264.67276124026097,214.38493660460944
167,2025-06-17,3696.1663573238675,55294.33881087845,3712.079035967116,59006.417846845565,0.0069000398234140056,0.07328182635370122,0.057217989843955146,0,878.4561767287111,127311.75459999999,3013.9429319405103,6425.792377248315,3662.253033253159,111.71593483123615,59.96791554966546
168,2025-06-18,3662.253033253159,56672.60278180238,304.13281187723925,56976.735593679616,0.0007635011054075752,0.09739693390036326,0.09352215079828505,0,96.8952220391322,126909.07891666667,5235.434346486449,8716.800615689583,3662.253033253159,23.01991197649204,18.64612870096039
169,2025-06-19,3662.253033253159,53549.94712252813,1658.8547406702257,55208.80186319836,0.0026222604315663135,0.09201632879972342,0.07866668556601106,0,333.9424191287613,127349.06689999998,4648.380049153995,7810.040835801712,3662.253033253159,16.63929021383774,13.477825073208805
170,2025-06-20,3662.253033253159,22249.16420792635,271.73959006338157,22520.903797989733,0.001119960115569641,0.11892550603053732,0.1437043418181796,0,90.87029317646116,81137.07971666666,8440.689910338584,4488.720660967209,3662.253033253159,222.56855831386918,180.2805322342317
171,2025-06-21,3662.253033253159,20755.250894961926,1378.6148419087317,22133.86573687066,0.0048757053243366245,0.1019014591542005,0.1725498054600872,0,396.92173498930094,81408.0648,10710.740049480883,3659.96756366049,3730.994181388939,0.7122867351779689,62.44398557769466
172,2025-06-22,3730.994181388939,46608.524274506126,7387.441544089239,53995.96581859537,0.013417043728517875,0.03889662747181973,0.04751975841755516,0,1697.7854939190388,126539.46191666665,2807.5681080048066,2937.290927617137,3696.973707244382,772.3255757321238,594.9652896129192
173,2025-06-23,3696.973707244382,49225.119519428554,2237.059753441118,51462.179272869675,0.0041294680403973156,0.07063018338936883,0.045680870916214956,0,523.1659114076575,126690.87308333332,2723.931470340948,5586.550830963273,3634.0979230336106,76.97318304519587,5.760072476914502
174,2025-06-24,3634.0979230336106,47598.792096148165,22570.874570603697,70169.66666675186,0.04159578687829112,0.02327551058475441,0.0026211734885928425,0,5287.358810806516,127112.84501666666,133.27108316460223,1792.407278120127,3634.0979230336106,782.5520488560097,633.8671595733696
175,2025-06-25,3634.0979230336106,52239.11056059975,1615.7952596830733,53854.905820282824,0.0028462035798639956,0.0758598741295335,0.05179065734342798,0,359.50513665703676,126310.40843333333,2893.6987279235163,6357.244709706403,3593.9789180222997,217.8171338592229,140.32477391578982
176,2025-06-26,3593.9789180222997,49831.54124881312,2067.622367465414,51899.16361627853,0.0037939646616251804,0.0715446267223899,0.04602115765906661,0,480.6856304393202,126697.44536666665,2722.154307369024,5715.346208145751,3587.6100750160804,38.378555449968815,25.35467120887688
177,2025-06-27,3587.6100750160804,20985.630345670645,327.2543752978648,21312.88472096851,0.0013625536634545921,0.10616480536731103,0.1731500628786652,0,108.4092045766219,79563.255,10352.920881053238,3862.8172396258824,3587.6100750160804,0.0,0.0
178,2025-06-28,3587.6100750160804,19308.5873148541,2337.9241187206576,21646.511433574757,0.007498047965948897,0.07192348977619234,0.14226173933396385,0,604.8043418632789,80661.5728,8377.032257236926,2484.687468181405,3587.6100750160804,96.31951807146544,78.01880963788705
179,2025-06-29,3587.6100750160804,48829.98731347469,2929.6484226371686,51759.63573611186,0.005948175651599938,0.041017273469304255,0.04622117862400704,0,751.7590419405923,126384.80871666667,2640.016916788438,3219.5079037902556,3568.343135231541,1165.1471823322206,926.4289718830144
180,2025-06-30,3568.343135231541,53169.53000715748,2570.723255779245,55740.25326293673,0.005835558910703724,0.06931246373177152,0.08659196298072204,0,734.9730089093293,125947.32058333333,4855.179896809737,5859.240790776317,3558.8841139584506,28.800517599274485,14.815300109631153
181,2025-07-01,3558.8841139584506,50542.666188875635,19181.110618498114,69723.77680737375,0.03581146190426613,0.02713080594377725,0.021840040334872555,0,5068.999664642764,141546.85106666666,1368.9404338101958,2204.9959797758197,3330.952594708299,1190.236497506932,758.953195655479
182,2025-07-02,3330.952594708299,60273.318125206875,1023.9173433456879,61297.235468552564,0.0024788533491933045,0.1001379785682444,0.11301050574354085,0,350.0107668219849,141198.65821666666,7717.927257163181,9444.194487639987,3325.5378083032974,33.248765275593996,22.058192108729088
183,2025-07-03,3325.5378083032974,51811.74361307155,15015.885400837726,66827.62901390927,0.022254091632230567,0.023050348840648622,0.00859166872190677,0,3150.4124687122767,141565.53863333334,531.009113780194,1912.500658106253,3319.64577215365,966.441461358176,777.5147511654418
184,2025-07-04,3319.64577215365,24414.952771688062,8888.834812041765,33303.78758372983,0.03330593530181254,0.04349599459003667,0.15814176521024406,0,3190.5442621023776,95795.06574999998,10581.929434154616,1756.5005264034394,3177.4518733660943,213.08736773010503,44.62625895258759
185,2025-07-05,3177.4518733660943,25731.22460583529,5280.337467541703,31011.562073376994,0.010850844158165635,0.07090763204795685,0.16960291496855853,0,1040.3011905014432,95872.83489999999,11377.43078081478,3190.4281341451438,3177.4518733660943,214.26780301642634,173.55692044330445
186,2025-07-06,3177.4518733660943,52719.482000631804,16366.911910392057,69086.39391102386,0.024239125853135524,0.04522596299809793,0.009405486905829692,0,3423.6450210139456,141244.57465,577.9727487575184,3830.595411953011,3137.5826745063023,1079.114676229591,838.2006087721552
187,2025-07-07,3137.5826745063023,53828.749066240634,2782.956968775695,56611.70603501633,0.004587377546256908,0.050158628638592426,0.06819213372867611,0,649.092794022481,141495.39415,4642.923574091057,4301.7024663415195,2998.4956826795515,408.4731011562323,205.6849192924734
188,2025-07-08,2998.4956826795515,59813.023494239984,874.161705133273,60687.185199373256,0.0013803220138322717,0.12160723575599959,0.05079263539912628,0,195.01910905738967,141285.227,3337.779114949977,11485.859285768209,2998.4956826795515,0.0,0.0
189,2025-07-09,2998.4956826795515,55868.86623521843,735.1182209551038,56603.98445617354,0.0012003067993749637,0.06625952502778545,0.05999933260848118,0,168.75197910040944,140590.70496666664,3991.8743941208504,5830.293084825414,2998.4956826795515,149.02652244271587,120.71148317859979
190,2025-07-10,2998.4956826795515,55239.35190877867,1172.7305972014942,56412.082505980165,0.0024552145298250695,0.06507982740502208,0.06661992566862573,0,344.86812984289753,140463.54225,4504.16776935915,5661.649852732891,2964.127342096668,83.03541465462922,36.32717934565471
191,2025-07-11,2964.127342096668,28702.797229587966,678.9992861902533,29381.79651577822,0.0021819709575093362,0.12526046968734586,0.11166651881760999,0,206.72230337162463,94741.0884,6948.14889007331,5992.512457216034,2964.127342096668,428.4188832029628,347.01929539439925
192,2025-07-12,2964.127342096668,26887.354160488514,1113.276328320105,28000.63048880862,0.0036732193814200216,0.06291382353230715,0.13633778434520324,0,350.12528812990604,95318.37109999999,8757.538659054031,2830.9537660177475,2964.127342096668,4.784251167922989,3.8752434460172474
193,2025-07-13,2964.127342096668,53239.21062248801,967.688783111527,54206.899405599535,0.0019572664979355912,0.07571844771173131,0.06866990645771662,0,273.8085995012541,139893.36648333335,4849.856510058299,6394.300813868544,2947.193613165711,30.941903989263324,9.822586193443385
194,2025-07-14,2947.193613165711,53467.174061525926,1530.4597858736256,54997.63384739955,0.0022740689903130813,0.05802871706689105,0.06156451634706647,0,320.78568290395896,141062.42346666666,4263.634834491032,4933.6322198343805,2947.193613165711,0.3203108403557735,0.25945178068775476
195,2025-07-15,2947.193613165711,57419.905609035544,181.430574887118,57601.33618392266,0.0002971174869642672,0.08780670914158216,0.0827656015778015,0,41.46130804953988,139545.16266666667,5528.42039963534,7936.136118680511,2947.193613165711,446.9022106865946,361.9907906561424
196,2025-07-16,2947.193613165711,52254.77659547543,3115.537121189722,55370.31371666515,0.005867443541312283,0.042882542178081066,0.058727254970338136,0,823.5852697980237,140365.26538333332,4007.0018331591605,3554.152840729718,2885.7118383422544,280.6705721991394,172.00956614019094
197,2025-07-17,2885.7118383422544,52195.9789335612,6311.760715851382,58507.739649412586,0.010224915371854108,0.0641899905718222,0.040781799657076755,0,1427.0828421929095,139569.15928333334,2726.212053189469,5354.398400935654,2883.2483048629992,126.73550623394476,100.43857991816583
198,2025-07-18,2883.2483048629992,28783.907689769232,123.05652058968336,28906.964210358914,0.000326876734973508,0.130869854820405,0.12168950174646004,0,30.627720240924752,93698.0732,7596.324173527166,6269.639047655426,2948.430008665442,60.890108184217866,107.98452105141666
199,2025-07-19,2948.430008665442,27670.365568955305,143.53053352356372,27813.89610247887,0.00042838964553763305,0.08613589041009036,0.18459246039550134,0,40.51046223137157,94564.52240000002,12438.154407016294,3985.1391979602317,2949.0333934984037,0.0,0.5430463496649054
200,2025-07-20,2949.0333934984037,53536.50908000235,1838.8208688881425,55375.329948890496,0.0033081396251061737,0.07200332781892867,0.04437686568369436,0,459.00615529884027,138750.53876666666,2958.186741927125,6105.783130786223,2949.0333934984037,274.3065276837689,222.18828742385222
201,2025-07-21,2949.0333934984037,54744.10142331657,1573.4944892862027,56317.595912602774,0.0024704281336545087,0.0622998949568021,0.05325323683591717,0,342.01303693638147,138442.8198,3432.3346254759035,5401.828308836581,2949.0333934984037,66.97416103352293,54.24907043715066
202,2025-07-22,2949.0333934984037,54141.46635801812,3640.183168854989,57781.64952687311,0.006048458263521765,0.0750037822593328,0.03931741154944114,0,843.8498006937397,139514.85881666664,2583.9290501130504,6461.9272140223,2928.215138771187,227.6948310185789,165.69638387055375
203,2025-07-23,2928.215138771187,53414.86023652536,4472.378051772825,57887.238288298184,0.007316665274425631,0.06004804882153068,0.04536751795489267,0,1020.3092187244407,139450.03365,2959.481371561249,5131.0752758493345,2928.215138771187,101.9040983009678,82.54231962378469
204,2025-07-24,2928.215138771187,53962.57523586936,2911.304242508341,56873.8794783777,0.004830098673480069,0.056019582282955324,0.05810972171311688,0,670.9114165706915,138902.21751666663,3793.736503806868,4802.726919390396,2910.539126872343,314.61357452282374,238.92858465452883
205,2025-07-25,2910.539126872343,26537.026588334593,474.59466348637363,27011.621251820965,0.0014868146505185103,0.08899959839424174,0.17237267211419804,0,137.31452868746828,92354.83968333332,11350.657739947472,3943.025732739238,2910.539126872343,0.0,0.0
206,2025-07-26,2910.539126872343,26731.642343151114,453.26219504138584,27184.9045381925,0.001936904216014845,0.08262785944262459,0.15595647748648941,0,180.49562951255743,93187.68993333331,10093.2846291282,3700.028668363496,2910.539126872343,129.84525307881552,105.17465499384167
207,2025-07-27,2910.539126872343,52487.465572714544,4581.3648133264915,57068.83038604104,0.007837271433433594,0.05713411209615258,0.031857389052037346,0,1082.4070959972748,138110.19628333332,2052.4124962195783,4775.3256381610245,2910.539126872343,257.55989923397,208.62351837951502
208,2025-07-28,2910.539126872343,55391.552483644344,2439.5282671962523,57831.0807508406,0.003782344059179162,0.05317589813166165,0.024050632773861092,0,522.829631030604,138228.99843333333,1449.6307547483955,4662.8982769072045,2895.259169065967,569.9637193808722,447.91865067276615
209,2025-07-29,2895.259169065967,58776.61570062559,535.9863756996002,59312.60207632519,0.0006978822292416573,0.08946067442334099,0.060177107772106636,0,96.52740265901096,138314.74511666666,3745.7541116810735,8267.225814970856,2895.259169065967,186.5558431414753,151.1102329445959
210,2025-07-30,2895.259169065967,54352.97618418054,1945.717532336624,56298.69371651716,0.0033620106619461046,0.05857179055451891,0.05220503588444168,0,465.3841890979798,138424.36443333334,3357.8858756890513,5052.574080356533,2895.259169065967,55.829447255730315,45.22185227714349
211,2025-07-31,2895.259169065967,56330.36476000237,762.9038117994144,57093.26857180178,0.0015801329063822034,0.0764720809033106,0.05012832093057264,0,217.1471001077898,137423.31371666666,3144.4652285684397,6791.493500461665,2895.259169065967,0.0,0.0
212,2025-08-01,2895.259169065967,25545.765910048543,985.5969849795674,26531.362895028113,0.003964614309827953,0.06796149748471504,0.23334664062063384,0,367.59675558586684,92719.4241,16676.832747177337,2939.81826762715,2895.259169065967,27.5040153814775,22.278252458996985
213,2025-08-02,2895.259169065967,25923.11730097571,369.9424776807738,26293.059778656487,0.001211211146104009,0.09713625343874517,0.22387892729337242,0,110.901210757524,91562.24421666667,15813.737122284798,4221.370577850244,2898.8659569150777,0.0,3.2461090642005956
214,2025-08-03,2898.8659569150777,48418.05859760737,2358.4090304320453,50776.46762803942,0.0033957532248518264,0.060351673779743355,0.08484887895614628,0,468.82613257492307,138062.48614999998,6382.587744952944,4668.306874500593,2853.970284572632,115.84798434713082,53.43076221297321
215,2025-08-04,2853.970284572632,46529.055875160746,3989.9700383508907,50519.025913511636,0.007439871910198022,0.03614016762094228,0.041903146822098794,0,1029.0243593376094,138312.10695,3054.590725378991,2671.3032488772155,2837.268572346769,383.3590482555055,295.4892880836842
216,2025-08-05,2837.268572346769,47969.247100080815,1472.1749956027938,49441.42209568361,0.002791540121003782,0.05724371289788966,0.043296265819642354,0,380.9293700183106,136458.49728333333,3087.291650750072,4346.938600516381,2835.7900915468517,209.21782089597522,168.13580220581434
217,2025-08-06,2835.7900915468517,48210.72352015404,7785.237050193817,55995.96057034786,0.013714840029791906,0.04349815845520654,0.05712108743874913,0,1875.0392736759845,136716.08779999998,3918.603049158367,3364.4329843394626,2832.5971883252378,493.1802874643254,396.6024199466516
218,2025-08-07,2832.5971883252378,48101.87865681906,2036.1987124941543,50138.077369313214,0.004016169203066562,0.05579718603117742,0.07796757310372476,0,549.6157855054504,136850.75446666667,5727.71382930252,4280.078113536521,2793.76175370629,112.67722800961769,56.31666353073774
219,2025-08-08,2793.76175370629,24204.311486325525,1110.232948285514,25314.544434611038,0.0033005483194254405,0.0676145215166186,0.2693873522579712,0,299.3703475203467,90703.21611666666,20184.667616497805,2773.691218559436,2791.528419543997,8.920036142883063,5.215228529671322
220,2025-08-09,2791.528419543997,23169.93621844047,3421.8213548799927,26591.757573320465,0.009770750780154804,0.038305018276633795,0.24789673159455372,0,882.3362345222804,90303.83174999998,17695.340386725285,1522.1055372904457,2755.7853123141945,262.3368389873468,180.32404307292592
221,2025-08-10,2755.7853123141945,47695.27622409932,1845.41473190133,49540.690956000646,0.00304294916493729,0.041318672426250744,0.057371863924292464,0,415.47041748492234,136535.44471666665,4086.645237362999,3135.9194322083854,2754.498127859227,541.2486141440828,437.2529114472399
222,2025-08-11,2754.498127859227,47493.07644107033,2986.945395214192,50480.02183628452,0.004910279492163384,0.047870046665619434,0.06010419816124014,0,669.8714428203973,136422.26351666666,4319.148396125962,3619.9340019862943,2728.145432714845,227.66565461381924,160.69175460724773
223,2025-08-12,2728.145432714845,46766.973061814715,5209.288144532495,51976.26120634721,0.009184856456120548,0.028279466321536856,0.024969744941241993,0,1254.9967121987906,136637.5967,1719.842446962894,2091.701397307341,2719.417493976438,785.9480192819506,628.7627507538139
224,2025-08-13,2719.417493976438,47896.5690406272,1626.379867763629,49522.94890839083,0.0031112171802760015,0.04691761421553573,0.042774157522669116,0,424.8304747690657,136547.99718333333,3012.4563503774116,3572.5899671459842,2719.417493976438,589.7366563955557,477.6866916804014
225,2025-08-14,2719.417493976438,47391.17136203748,4772.415724533774,52163.58708657125,0.007471049185929047,0.043579912983826664,0.04861518968644098,0,1015.5849557855406,135936.05536666664,3403.537975398789,3289.4608550214407,2719.417493976438,49.11838046935088,39.785888180174936
226,2025-08-15,2719.417493976438,23985.98400558027,1993.8342388306878,25979.81824441096,0.00720155235995873,0.047882103076881816,0.2674133389987119,0,647.9096787304417,89968.05776666666,19469.918868435205,1940.2997547993036,2716.7552883112394,21.820483154401472,15.278606256387846
227,2025-08-16,2716.7552883112394,24362.955468059787,1772.2699933754916,26135.22546143528,0.004529055076194183,0.05636839994175813,0.2694849300060092,0,408.4461759207796,90183.53034999999,19740.916429401288,2323.696912845062,2725.279389067745,7.872250245544365,14.048213379745903
228,2025-08-17,2725.279389067745,47064.70785168719,2846.70718351044,49911.41503519763,0.004765005801674961,0.04259797011054087,0.068041234472354,0,645.0346254901137,135369.1165,4912.830438481755,3167.908936496392,2725.279389067745,85.0342474398359,68.8777404262668
229,2025-08-18,2725.279389067745,46919.20870944237,4441.295422612158,51360.50413205453,0.007038428978579011,0.04928787062584574,0.049034125204342076,0,955.186426413807,135710.17471666663,3496.920570989659,3667.419947398123,2725.279389067745,167.8735674154675,135.9775896065304
230,2025-08-19,2725.279389067745,47616.14828036474,2593.83312108558,50209.98140145032,0.00444371756712119,0.03936711766815423,0.06911626414721032,0,601.5215305529439,135364.48288333332,4910.490973768721,2969.690264979875,2721.440714739631,308.8129152496134,246.6836544568851
231,2025-08-20,2721.440714739631,46656.62599066604,13807.21633582461,60463.84232649065,0.028618504235512182,0.03574256795692716,0.007703022759917196,0,3864.873295857177,135048.05366666667,496.0543497864404,2636.4307067049394,2721.440714739631,360.50050873068665,292.0054120718547
232,2025-08-21,2721.440714739631,54728.23943668252,1273.7021102501808,56001.9415469327,0.0025178889977335857,0.10673156394388256,0.10369057450016457,0,339.84400745462005,134971.7989,7167.857789095592,9193.348060961687,2721.440714739631,0.0,0.0
233,2025-08-22,2721.440714739631,24145.514000906987,3477.6040307137087,27623.118031620696,0.009756451864612275,0.03490560443617319,0.2416587081344503,0,883.2684698676558,90531.7304,16747.22903947755,1435.954525526292,2666.2672904414894,232.71636738664608,138.84417571485662
234,2025-08-23,2666.2672904414894,25190.1906750935,618.75788987208,25808.94856496558,0.0020255742149018186,0.06376014866739,0.21956941659195855,0,181.68822656051776,89697.14623333333,14747.849762247854,2711.1256883599026,2666.2672904414894,11.388791362608345,9.224921003712545
235,2025-08-24,2666.2672904414894,48387.346169490214,1878.5333546677737,50265.87952415799,0.0034026793505421314,0.055356952153599995,0.0706541091683489,0,459.5933374703302,135068.0714,5040.074272807777,4239.884250001798,2666.2672904414894,88.64196324590347,71.7999902291831
236,2025-08-25,2666.2672904414894,49027.19376361635,2731.075847905842,51758.26961152219,0.005091965007489233,0.03407126478840023,0.014101308308721621,0,684.9284303159075,134511.61375,898.7966166104285,2640.51547622403,2666.2672904414894,1369.3777869648518,1109.1960074415283
237,2025-08-26,2666.2672904414894,53395.25643015277,554.206956621741,53949.46338677451,0.0010578003356342236,0.09661201442217213,0.09489217122279667,0,142.1355351475029,134368.96393333335,6532.390878532844,8151.450899530107,2666.2672904414894,18.819776561960794,15.24401901518911
238,2025-08-27,2666.2672904414894,49345.043681734765,1882.8091574431444,51227.85283917791,0.003305191510106758,0.04241225122888186,0.04601152308961829,0,442.1962246678389,133788.3821,3030.9738034264174,3306.545965324859,2666.2672904414894,139.29469515778283,112.82870307780536
239,2025-08-28,2666.2672904414894,51021.277596618485,4130.9301226694315,55152.207719287915,0.00684139403315741,0.05292574072352158,0.03746702389618858,0,920.4672638574183,134543.81656666665,2389.4977246665885,4262.630480595196,2666.2672904414894,1297.0162364004427,1050.5831514843574
240,2025-08-29,2666.2672904414894,26198.820245131337,883.0949994124951,27081.915244543834,0.0019753908896559423,0.08969731178316401,0.22453780369847032,0,174.4829834177704,88328.33254999999,14768.550155801064,3944.1489308658374,2720.726235268664,13.614697348162167,60.040955196469326
241,2025-08-30,2720.726235268664,25505.62216796856,1349.7169178862534,26855.339085854812,0.004977466471322336,0.05657762573680938,0.27788899092656855,0,443.11938855257597,89025.08758333331,19594.61072189061,2426.6873463077873,2727.9758127531595,41.7894400666454,40.37406619002938
242,2025-08-31,2727.9758127531595,48740.596894488044,895.9559620571563,49636.5528565452,0.0018917609873858798,0.04718178051980039,0.03664891432917495,0,252.2953848013798,133365.35983333332,2445.169267301526,3606.1484324808025,2727.9758127531595,577.9893296695528,468.1713570323355
243,2025-09-01,2727.9758127531595,49625.82234103093,1e-06,49625.82234203093,3.721343141785824e-12,0.1699303176855441,0.10455789032553918,0,4.512635379061372e-07,121263.61926666666,7077.469720940125,13297.445708787496,2941.3761867610506,120.42501974423897,289.60460259993226
244,2025-09-02,2941.3761867610506,37762.5460867534,9187.564296482606,46950.110383236,0.012895489626494982,0.057542037312308524,0.045702004600412474,0,1567.2252731049637,121532.82414999999,3083.745881859746,3622.8416325610924,2847.0948987717584,208.42365738614882,83.97000329241345
245,2025-09-03,2847.0948987717584,40684.76656746327,2174.8189585846735,42859.585526047944,0.0037973837475409364,0.04272425241700884,0.06383442951522059,0,461.13042118743465,121433.71643333332,4205.795170908373,2820.6126514072425,2847.0948987717584,56.88838089476758,46.079588524762016
246,2025-09-04,2847.0948987717584,40367.92976707955,3479.91287146256,43847.84263854211,0.006579428456186113,0.04516648147357572,0.07158588880337556,0,796.5133267947842,121061.17303333333,4805.962132048968,2929.797950333374,2847.0948987717584,113.51051041148548,91.94351343330402
247,2025-09-05,2847.0948987717584,22932.684224491826,1e-06,22932.684225491827,3.1532182438781275e-12,0.19633017582056878,0.3190404794709106,0,2.369106846718787e-07,75132.98045,21793.246392678255,7760.121818482678,3235.73207641551,1.5631871599787246,351.0396414789583
248,2025-09-06,3235.73207641551,20621.23363454527,1367.6995445095113,21988.933179054784,0.005542762418611683,0.14463308641751169,0.2942438580808557,0,420.28757707058776,75826.37416666666,20039.56342262932,5057.633397353967,3244.7924027779695,7.253958953468555,14.03000047852467
249,2025-09-07,3244.7924027779695,38666.49383203947,3234.3735214724065,41900.86735351188,0.008966208404501455,0.02747570297839188,0.039751026973532146,0,1082.9476982988394,120781.00903333332,2616.413605736488,1702.8406893942297,3225.303090844849,899.7891531910997,711.2888333449785
250,2025-09-08,3225.303090844849,38520.05926961006,16212.099007047816,54732.15827665787,0.02899755415779426,0.031852100863794336,0.03609839350884852,0,3520.320253873891,121400.59243333332,2238.281716169364,2037.9860526465459,3143.3913610669974,848.4982115973164,613.5629945937621
251,2025-09-09,3143.3913610669974,42813.47789027285,8626.102776619397,51439.580666892245,0.013021448804771223,0.0829616474844629,0.1363315562767739,0,1576.6661318156234,121082.23558333333,9267.73757626454,5873.910739142203,3071.1214964849714,94.78291142048772,11.731280126773072
252,2025-09-10,3071.1214964849714,43393.39423054026,4631.96379756092,48025.35802810118,0.010453399185761757,0.06554247719791625,0.0034749382739971005,0,1267.733775185106,121274.78848333332,208.3530936543982,4499.287360017438,3071.1214964849714,1226.5861724593328,993.5347996920573
253,2025-09-11,3071.1214964849714,45132.399186408125,1212.1614248975407,46344.560611305664,0.002499570128243423,0.10472073693921503,0.11645472351958235,0,301.81504024528965,120746.77835,7831.660809351598,7627.701533801483,3039.0881896606206,69.27580761208617,27.283428023875956
254,2025-09-12,3039.0881896606206,19177.889690555334,1189.0508277249262,20366.94051828026,0.004882104795612238,0.07149004543633208,0.27050586984293,0,369.51297447287095,75687.22711666666,17349.04839868584,2405.7629264605257,3002.4417188520056,51.023248740898566,8.347007752374566
255,2025-09-13,3002.4417188520056,19364.52257593682,1318.7011442414014,20683.22372017822,0.004506483516838608,0.07899296251844899,0.31290147869981605,0,338.27280003010316,75063.58311666666,20982.072259477056,2696.989742004398,3002.4417188520056,1.3220889546313401,1.0708920532511712
256,2025-09-14,3002.4417188520056,42364.78297305897,3363.736142143181,45728.51911520215,0.007227410253096742,0.04072222812073473,0.030133029455578074,0,876.2345647230892,121237.69566666667,1842.2843316979743,2757.9389299973373,2937.8613910055205,816.1599863962583,602.9672939191316
257,2025-09-15,2937.8613910055205,42659.78936390309,5239.089965381805,47898.87932928489,0.01005487584344109,0.07495141847795904,0.09504951582497709,0,1214.2271073271527,120760.02988333334,6244.087771803082,5198.70203892006,2901.8649887169313,245.80753422859186,166.707340665431
258,2025-09-16,2901.8649887169313,42811.86045444047,1814.9282954619352,44626.78874990241,0.004131838488835476,0.02717156819907854,0.058387316621468816,0,503.43707398971276,121843.35746666667,3640.5418802405948,1860.437889689994,2896.456151580406,774.1566325774107,622.1989189648278
259,2025-09-17,2896.456151580406,42804.2437933848,599.4037360084488,43403.647529393245,0.0013063320581368366,0.05208859548555014,0.024722784392161017,0,157.96793633212502,120924.79499999998,1507.216555119624,3587.461031651589,2882.643982564928,606.7490470163117,479.0357759692811
260,2025-09-18,2882.643982564928,44321.38214023902,924.1268453051061,45245.508985544126,0.0017467451529107215,0.07617412849004696,0.03824761869562726,0,211.01400471513773,120804.11636666665,2365.5412167442746,5377.008681882568,2882.643982564928,147.11630846896298,119.16420985986198
261,2025-09-19,2882.643982564928,19998.400853983214,1071.0705537773424,21069.471407760557,0.004289973052237812,0.0757555630699207,0.226270248390968,0,322.97974372242015,75287.12646666667,13391.97981813223,2621.4315060116187,2852.931866941497,42.93814774704313,8.03899561401596
262,2025-09-20,2852.931866941497,19297.869597949433,1818.44846108473,21116.31805903416,0.005414409521799937,0.07608827899696986,0.23047509757602866,0,407.87140898203756,75330.72763333333,13755.973935456448,2620.496985719216,2841.8196839360608,12.346870006040348,0.0
263,2025-09-21,2841.8196839360608,46656.77375785239,542.7967467394936,47199.57050459188,0.0015713497729462707,0.07197246863152394,0.09849320679061002,0,189.91692092362877,120862.28298333334,6163.192273061633,5302.720577826722,2841.8196839360608,158.94174149845708,128.7428106137507
264,2025-09-22,2841.8196839360608,44056.20311992767,2460.943511559025,46517.14663148669,0.00516473023068884,0.03929324920534442,0.06118875078287279,0,626.058484645048,121218.04173333332,3708.2843894194266,2769.2292110857634,2841.8196839360608,335.18863619068,271.5027953144473
265,2025-09-23,2841.8196839360608,46504.581385004494,1194.5088186547068,47699.0902036592,0.0022910825484657436,0.0762041274112435,0.04123740024432345,0,277.638609946066,121182.28133333333,2435.7144992301774,5639.007334415746,2821.5003521151034,82.36796391939455,48.4306521358468
266,2025-09-24,2821.5003521151034,45686.29604508714,1290.4600195638213,46976.75606465096,0.0022174558911177257,0.06375771993199875,0.05733417982882732,0,268.34363610064736,121014.19341666665,3437.2395983800957,4652.940648274853,2821.5003521151034,237.27296204949755,192.19109926009466
267,2025-09-25,2821.5003521151034,44467.695875977035,2988.225070510856,47455.92094648789,0.005653907111109112,0.04950921056603035,0.05876302461552061,0,681.5578493696125,120546.34714999999,3538.1744959873567,3502.4595901114144,2813.0147947637147,228.33489525130108,177.31426353730214
268,2025-09-26,2813.0147947637147,20772.183414585663,337.97998230230775,21110.163396887972,0.0011588862450861513,0.09792344473930312,0.20656753622066698,0,85.98281598530157,74194.35371666666,11671.088563652967,3500.0785276708,2813.0147947637147,20.19864665894454,16.360903793744285
269,2025-09-27,2813.0147947637147,21021.285915451295,1384.6744815613015,22405.960397012597,0.005620913920065961,0.07390802696906563,0.22951730362800246,0,426.8846455997272,75945.77175,13345.161860520626,2683.1371228751796,2813.0147947637147,197.50762610759034,159.98117714714311
270,2025-09-28,2813.0147947637147,45881.36841853874,1554.5622504906983,47435.93066902944,0.0032516969239190243,0.06477157774833152,0.020150307531888772,0,391.47055567090655,120389.61958333333,1146.592606072421,4736.035833555323,2808.307417629593,185.1070631114876,145.70008169959436
271,2025-09-29,2808.307417629593,47503.98990922249,1206.096667725566,48710.08657694805,0.0023832984510255093,0.06885590775492224,0.05831846500075831,0,288.6446472943479,121111.4148,3402.9712634801363,5181.291361454301,2792.381307744917,49.75648660930244,25.969255257325813
272,2025-09-30,2792.381307744917,47307.89602808576,1857.0457370518486,49164.941765137606,0.0034227576754625516,0.06255704778838807,0.01994959637086285,0,413.867724669156,120916.45506666665,1107.0884928765258,4690.0181944341775,2792.381307744917,43.131162760503344,34.93624183600616
273,2025-10-01,2792.381307744917,47378.678777858295,183.54157970135907,47562.22035755965,0.0005406163682142643,0.16359360862562683,0.13947809220005522,0,63.37021527661252,117218.45471666666,9422.712155297937,12373.848749451357,2809.3013215514757,0.0,15.228012425901738
274,2025-10-02,2809.3013215514757,43515.099906750336,31.624397715853412,43546.72430446619,0.00012449874448699136,0.11703599333566136,0.09586864332311727,0,14.595200682088342,117231.70978333332,6279.484975940326,8245.99131656987,2853.7361608405186,23.657040458880147,59.15355813183055
275,2025-10-03,2853.7361608405186,40613.253401502836,0.0,40613.253401502836,0.0,0.4135410726538486,0.3846687636186126,0,0.0,71524.19113333334,24506.107323285003,27179.15612637486,5690.480016781765,2116.1174321370054,4267.124590378096
276,2025-10-04,5690.480016781765,18286.176089009074,524.6493141142869,18810.82540312336,0.0022156452601393086,0.07588068236047218,0.24957540846090534,0,160.40698902181427,72397.41483333333,14800.179213546764,2519.322987001574,5690.480016781765,169.22249131848352,137.07021796797378
277,2025-10-05,5690.480016781765,42192.24928025355,478.710350711327,42670.95963096488,0.0018802726313045192,0.061049884520814814,0.07500987814361568,0,221.1283739386872,117604.4209,4715.75551117513,4115.314485615601,5682.4945864314095,31.283598476945144,18.15282745100575
278,2025-10-06,5682.4945864314095,42124.958364193066,286.25895145353246,42411.2173156466,0.0005294573594475231,0.05046564450031678,0.05750041748291644,0,62.420976926220376,117896.13613333332,3459.3991628275917,3465.2256614086423,5682.4945864314095,143.35731874259466,116.11942818150109
279,2025-10-07,5682.4945864314095,43298.56314261601,584.1830832232945,43882.746225839306,0.0011113401043646078,0.0705190394447164,0.04022471795426685,0,130.42373915030458,117357.17863333333,2396.814582982187,4865.980281465163,5682.4945864314095,30.82449372566043,24.967839917785682
280,2025-10-08,5682.4945864314095,43198.03060629303,552.6580501947186,43750.68865648775,0.001212290579283541,0.0764466736874178,0.0710267963569744,0,142.31207897899176,117391.06235,4326.42446939774,5361.495864757991,5682.4945864314095,6.3929648386150575,5.178301519278193
281,2025-10-09,5682.4945864314095,42539.763757225934,516.5863931161964,43056.35015034213,0.0007663225287613929,0.06773875105391187,0.08159722146409891,0,89.99154565245868,117432.98973333332,5032.346096213005,4706.551231523198,5682.4945864314095,15.579391887283009,12.61930742869879
282,2025-10-10,5682.4945864314095,18023.22008794704,550.4495830423635,18573.669670989402,0.0024835498722563837,0.06152001037626323,0.29908584797889504,0,179.7383043762465,72371.53011666666,18850.758660277275,2035.8322699807272,5656.847748946463,30.793690382522072,1.8607354733915145
283,2025-10-11,5656.847748946463,17790.390141204432,660.4954050359139,18450.885546240348,0.0019389222022236211,0.06474243090220985,0.24047613883927976,0,139.19709547282838,71790.96475000001,13871.782182850753,2138.6128569917437,5654.6755643367715,2.4135384552129153,7.958078640513122e-13
284,2025-10-12,5654.6755643367715,42188.630379093214,2979.7487998865968,45168.37917897981,0.004860002657417675,0.04630038643198577,0.04666495780417985,0,572.067919933998,117709.38418333331,2762.3054941955534,3143.6257952808437,5642.168979879822,185.74901021348387,139.20077226166052
285,2025-10-13,5642.168979879822,42758.367851369694,1190.9253104472834,43949.293161816975,0.0018646972286201762,0.08066731944694343,0.05417684217147146,0,219.43338144326395,117677.75383333332,3285.8449019035565,5629.34718483904,5642.168979879822,2.168252537226428,1.7562845551536839
286,2025-10-14,5642.168979879822,41915.34847233233,1979.4397905859003,43894.78826291823,0.004131895009609795,0.036675962492224955,0.020353225900705457,0,487.69677873573454,118032.22918333333,1165.3931478776308,2492.296882817019,5641.675589297408,293.7051788904137,237.4571433770627
287,2025-10-15,5641.675589297408,43736.638083448255,1034.9045509452637,44771.54263439352,0.0018994619671203403,0.041078456651464174,0.023768855178096914,0,222.88757934383335,117342.48076666666,1317.3283568203365,2869.847365647751,5641.675589297408,598.4238027026347,484.7232801891383
288,2025-10-16,5641.675589297408,44296.06166384298,3050.1226051696367,47346.184269012614,0.006366883545647555,0.0446677514270747,0.027798220096330494,0,749.5940598618768,117733.27633333334,1522.4196544223576,3174.219072459223,5641.675589297408,132.22205086596205,107.09986120142693
289,2025-10-17,5641.675589297408,45535.12119944939,0.0,45535.12119944939,0.0,0.3928062611596671,0.394906118217244,0,0.0,71943.17253333333,22090.64277005221,28782.76902065133,8434.5285576115,2257.5007274079285,4342.143260683102
290,2025-10-18,8434.5285576115,22372.25661344374,1032.1288131019144,23404.385426545654,0.003971599955183544,0.06036233531432484,0.22092087859794765,0,284.5917522674206,71656.70145,12278.806332430979,1969.5854609376006,8419.612973372465,16.57287137670778,0.0
291,2025-10-19,8419.612973372465,43698.097996070836,5900.552584216257,49598.650580287096,0.01087436721564086,0.02976781790109569,0.02695750319666845,0,1283.0801522778904,117991.24738333334,1458.5498591012993,2094.2555525914795,8405.56927763357,231.2181330629618,174.647361615998
292,2025-10-20,8405.56927763357,46132.42825156079,1433.9684286888125,47566.39668024961,0.002456831639514517,0.05148820685408164,0.027387033984248077,0,289.66860366308197,117903.31864999999,1464.1802980757457,3793.1194509489446,8405.56927763357,96.97963288077551,78.55350263342666
293,2025-10-21,8405.56927763357,46878.25779813716,439.76978400359684,47318.027582140756,0.0011650300382109978,0.04289332797158961,0.03394838207380989,0,137.24152759234082,117800.84898333333,1742.8511246239077,3247.696909078249,8392.500628375565,246.0883733890953,187.56979811296128
294,2025-10-22,8392.500628375565,46256.38490678924,4541.906558612896,50798.29146540213,0.007819679795530865,0.03943239980258693,0.04593357554020736,0,920.1572555946865,117671.98653333331,2393.92428279519,2923.126074737126,8326.873600996112,74.69281915679858,1.4368588754992402
295,2025-10-23,8326.873600996112,47015.98562637855,277.5742488392883,47293.559875217834,0.0007007525427487477,0.0619424103065312,0.05295907476364928,0,82.13661791400983,117212.01551666667,2850.9203710743814,4648.708778879611,8326.873600996112,4.476478658518488,3.62594771339775
296,2025-10-24,8326.873600996112,46324.19947480983,1e-06,46324.19947580983,2.251733340048098e-12,0.4088841586583484,0.39121113544593816,0,1.6242995208316412e-07,72135.51853333332,21014.089155567915,30281.566147987534,8516.97413803315,143.78810699588595,287.55885000000023
297,2025-10-25,8516.97413803315,22566.75460272659,1413.7579372264088,23980.512539952997,0.006004258441479165,0.048691483669939084,0.18849531416117996,0,432.56351199243545,72042.787,9923.214096307787,1621.4962384426565,8492.471511418873,27.22514068253281,0.0
298,2025-10-26,8492.471511418873,46418.44325569555,1390.0838890421674,47808.527144737716,0.002875366418879927,0.042970387927683276,0.05575288727931621,0,337.6322657701451,117422.34435,2948.102976232371,3214.2892680687073,8492.471511418873,164.67419740658863,133.38609989933553
299,2025-10-27,8492.471511418873,47325.22620897459,1082.3377819195073,48407.5639908941,0.0022771988179567017,0.060687185822459015,0.06006359336851109,0,268.2325338283662,117790.56431666666,3257.728135017959,4573.104049625248,8486.21777662123,135.0319827879694,103.74754474037874
300,2025-10-28,8486.21777662123,45645.975118471,1756.3092226146885,47402.28434108569,0.00325400314142915,0.02468419589594642,0.02877015917723377,0,382.39139634156004,117514.14480000001,1482.8635778559067,1801.0576420023685,8430.9076752631,434.7578040712741,302.3747300754154
301,2025-10-29,8430.9076752631,47077.79229595278,2609.740997927146,49687.533293879926,0.005786618836904195,0.023944900738042334,0.0025638107344064737,0,681.2101120729176,117721.61451666665,124.11243095971285,1786.5649409664402,8420.741535943347,1032.7593576391714,827.3855542999529
302,2025-10-30,8420.741535943347,48235.85954330701,1460.5326714247094,49696.39221473172,0.0028505842870767467,0.047476548568109324,0.08073777297311792,0,333.2791136640961,116916.07056666666,4208.719049471105,3633.380583417127,8371.984439971113,54.17455108026036,0.0
303,2025-10-31,8371.984439971113,23995.978297264926,920.7875950888244,24916.76589235375,0.003454156283060935,0.061604113204018596,0.12913894494927036,0,247.83222127275837,71748.98903333332,6178.613687692889,2135.0910274749003,8328.644709712353,48.15525584306579,0.0
304,2025-11-01,8328.644709712353,23982.41441237231,763.0579137410094,24745.47232611332,0.0041628478737094935,0.06393030163374992,0.14654338499997063,0,299.6176849096158,71974.20948333332,7243.664586794552,2192.20795082481,8301.841479382965,29.781367032650223,0.0
305,2025-11-02,8301.841479382965,48679.240524068584,2304.639941191207,50983.88046525979,0.004189023920660728,0.048678973436926176,0.039121678472992964,0,493.64813581859164,117843.23631666665,1918.7951890531153,3814.9130096254585,8228.552516046082,81.43218148542428,0.0
306,2025-11-03,8228.552516046082,49171.46864389927,474.67222553619973,49646.14086943547,0.0012561507775190504,0.03176500559633611,0.038857400431032134,0,147.9857602177974,117808.91503333332,1876.9672778452198,2475.400556335593,8215.958576046081,272.39583540413196,209.30608067734704
307,2025-11-04,8215.958576046081,49754.863965920624,1437.6791165078212,51192.54308242844,0.0030608115567169877,0.06073621741288813,0.056776837033095974,0,359.3289028519922,117396.61073333332,2828.4254993228187,4803.535287318895,8201.434786726328,19.39701017761581,2.6401678560909687
308,2025-11-05,8201.434786726328,49679.79921229655,808.6174688535407,50488.41668115009,0.0017070102162103661,0.037793449566555753,0.037783010399982296,0,201.02504690761185,117764.40761666666,1816.8484808992293,2965.889747478681,8181.1197624347105,99.67664945503236,62.4545641961202
309,2025-11-06,8181.1197624347105,50453.01694491816,2854.09711571955,53307.114060637716,0.005127078900275837,0.04400112330689995,0.02468786066680144,0,603.5243212171968,117713.09413333333,1144.1221074039106,3504.881922095537,8153.510360946462,143.87484714936193,91.6901648515584
310,2025-11-07,8153.510360946462,19770.709961567285,977.0079268416451,20747.71788840893,0.003392844644556521,0.06273737615084475,0.15052043765325443,0,245.00538222988752,72212.37866666666,7359.5337678611795,2267.985378347458,8107.596239125715,56.06013684021383,4.086001201901865
311,2025-11-08,8107.596239125715,23662.494624191877,948.9372346605102,24611.431858852386,0.0032355409771019934,0.05917977491060131,0.13314692288229274,0,233.0717633654096,72034.86681666666,6423.494839854589,2054.455790539687,8064.006000860329,48.43359807265017,0.0
312,2025-11-09,8064.006000860329,49410.1397506396,3297.6508110499317,52707.79056168954,0.006115190243222859,0.025545163035560575,0.031944871303797674,0,720.8443784970423,117877.67016666666,1486.4221102085135,2002.6700382643703,8061.226654199573,190.61129695832494,151.89373854156196
313,2025-11-10,8061.226654199573,50591.263322047205,2449.4062125320756,53040.66953457928,0.004725275023812008,0.01810480583228347,0.0177834859849302,0,559.5675539205812,118420.10276666665,792.461650147396,1444.2078606960692,8061.226654199573,524.8040213845969,425.0912573215272
314,2025-11-11,8061.226654199573,50843.55652064338,859.3205049626056,51702.87702560599,0.0017940976072319261,0.04511385809295543,0.039263293223779916,0,211.62792774622568,117957.86744999999,1821.7715657625474,3664.587432669556,8019.074514867443,53.054797895964754,5.0374608968153325
315,2025-11-12,8019.074514867443,50811.36682108429,1368.3759414858678,52179.74276257015,0.0025501345685058664,0.056933848464397176,0.031379569852744586,0,299.42842086674426,117416.71383333333,1457.9175995411906,4620.176378067044,8019.074514867443,14.73500542791794,11.935354396614798
316,2025-11-13,8019.074514867443,51536.52701215751,1811.6622338175143,53348.18924597502,0.003459553291597118,0.03067166996235261,0.04410718321174239,0,407.46655777905835,117780.10726666667,2001.7708099715956,2477.2217661413533,8002.711494399952,483.07930392703946,376.5675177601559
317,2025-11-14,8002.711494399952,24524.70687060005,896.2140510682889,25420.920921668338,0.00413357373197367,0.04937522731303054,0.07861033572359331,0,296.5338705052951,71737.89309999999,3469.8160241086653,1733.998573557051,7974.489309801095,31.35798288762163,0.0
318,2025-11-15,7974.489309801095,19696.710139485644,1113.8846714238075,20810.59481090945,0.004032604421818319,0.03934168735028416,0.08214291507399307,0,292.2306511466956,72466.97681666666,3635.242091247628,1432.500391931894,7931.190559836367,102.5775795860978,44.11896449648194
319,2025-11-16,7931.190559836367,52273.62214120827,2104.804671913182,54378.42681312145,0.004193786445139503,0.038243619335020226,0.03135149168477365,0,496.377696947602,118360.27023333333,1377.1370287339219,3169.7721048589074,7886.909793497951,190.89728834073856,114.77411385142346
320,2025-11-17,7886.909793497951,53189.75875688905,605.4103148059589,53795.16907169501,0.0016443046287799423,0.05527813083235907,0.04020512573085143,0,192.82712803747947,117269.71065,1792.1015180330623,4608.500761392821,7870.692866826756,38.11364182843329,16.27681587695679
321,2025-11-18,7870.692866826756,52468.0513959577,1472.740529948207,53940.791925905905,0.0026396962392318114,0.029773143794301436,0.025326241779817835,0,310.91315429690866,117783.6865,1086.321899262286,2455.414182159758,7838.026396526346,370.4256230038643,270.6449313627584
322,2025-11-19,7838.026396526346,52492.8993826571,3561.1607791361707,56054.06016179327,0.006898698218268756,0.036119432466241344,0.017605465330581563,0,815.2860951387787,118179.70134999999,753.7144379976398,2991.3499127271302,7835.9159527247675,75.91036904558666,59.58799950550724
323,2025-11-20,7835.9159527247675,53603.22619809221,1748.7768604342143,55352.003058526425,0.003265375694923638,0.04243349092619788,0.036651934484451754,0,384.8129571825846,117846.45723333332,1577.9897070765267,3564.117499835031,7807.239999997609,33.567168877552376,1.3810493363739624
324,2025-11-21,7807.239999997609,53273.75929224992,1e-06,53273.75929324992,2.2559973408802212e-12,0.37868119360220187,0.4238390744362686,0,1.6242995208316412e-07,71999.1771,18282.21075524801,31648.496473924482,8153.724722219829,193.27449588477373,468.38859166666714
325,2025-11-22,8153.724722219829,20450.655333611037,1374.8302247399615,21825.485558351,0.005740739907814159,0.03573676165322164,0.07927937304719532,0,416.4901644107575,72549.91013333332,3355.9022549692145,1359.1193432774721,8108.547889867623,52.24153927143223,1.6564976928751776
326,2025-11-23,8108.547889867623,53657.559770488915,2352.3868610827603,56009.94663157168,0.004567227095877656,0.039485981915577555,0.03603333599649991,0,537.9403032412578,117782.69219999999,1533.239919516547,3318.2908295549823,8091.305509207001,72.43917205612445,43.15758677089711
327,2025-11-24,8091.305509207001,53361.92006156527,1155.0241984191116,54516.94425998438,0.002246990836648014,0.03937172316560184,0.06258199857935841,0,265.0902894712967,117975.68781666666,2741.951672065606,3329.003904164322,8046.894061984467,94.90306302333087,36.901178548620265
328,2025-11-25,8046.894061984467,53548.510660823675,1123.7889887452075,54672.299649568886,0.0024429294295635075,0.03685088613801716,0.03208495355288312,0,287.48977928753044,117682.39221666666,1331.9661550055994,3130.1799048865805,8039.887894642591,50.68245937257109,34.747241484093934
329,2025-11-26,8039.887894642591,53914.038346469664,1484.4521028674894,55398.49044933715,0.0029653363180127644,0.030681543276082024,0.018385243047797973,0,348.9798649828648,117686.43673333332,752.4853813396358,2582.9141339297903,8011.1440244521245,215.03644094077907,148.31003399061422
330,2025-11-27,8011.1440244521245,54145.27138012055,1816.729473263415,55962.000853383965,0.003774956080149484,0.03996946821075842,0.030512999747558844,0,442.417837403888,117198.14164999999,1263.7645057388318,3377.5417092487655,7990.482933792224,52.277054695605784,23.749432709530538
331,2025-11-28,7990.482933792224,25949.560595393166,1409.1191545652036,27358.67974995837,0.004711261022929363,0.052315396298676056,0.07132761991567617,0,340.33688530673305,72239.02128333334,2947.0991025616877,1984.9021038250833,7990.482933792224,0.0,0.0
332,2025-11-29,7990.482933792224,26052.212597062062,1841.3925969017064,27893.60519396377,0.008707701349032907,0.052255221835715286,0.014960201681981334,0,628.3146390651898,72156.19988333333,556.9196847233216,1982.8562987882074,6830.946478925391,1288.373838740923,0.0
333,2025-11-30,6830.946478925391,56494.02798791864,2424.298964317102,58918.326952235744,0.004716110881609665,0.0354402461172847,0.019812851547601745,0,556.5427481971167,118008.83443333332,748.212650994811,3122.198694255665,6758.221176052396,115.01536242692862,27.709670980118972
334,2025-12-01,6758.221176052396,57014.73966907866,15620.634047176703,72635.37371625536,0.034079041136190105,0.02389210245864857,0.0041467468258478395,0,4269.810489482871,125291.39163333333,161.69187590931148,2123.951514018014,6737.289306618851,352.39687220976896,266.60278399972196
335,2025-12-02,6737.289306618851,59349.14265618847,10557.395961062382,69906.53861725086,0.019988802074327093,0.02081430438708559,0.0047719570982849464,0,2506.608245137591,125400.62359999999,175.4305695500442,1934.6307831235647,6737.289306618851,281.9253540235602,228.35953675908314
336,2025-12-03,6737.289306618851,63011.94911659359,824.6226244266898,63836.57174102028,0.00187401492528221,0.04352397804570131,0.036236953911190056,0,233.54523297628364,124622.93113333332,1357.4429091730651,4236.329355795735,6736.825477218429,66.72068856935505,53.62631128079744
337,2025-12-04,6736.825477218429,63175.442948701624,1676.2113371200737,64851.6542858217,0.0030815210792022314,0.059446154482319345,0.02904466163384858,0,386.22629929060565,125336.25094999999,1120.1086015940914,5833.356057804271,6706.897001520367,34.15222488752261,0.7276740306383545
338,2025-12-05,6706.897001520367,29624.689297638633,4229.125134701562,33853.814432340194,0.013769331741860156,0.03270348903775297,0.035222275691202634,0,1085.9606345870247,78868.07108333333,1322.8234034158477,1469.6866667747004,6460.674374270976,273.58069694376934,0.0
339,2025-12-06,6460.674374270976,32434.41794446252,1085.1741173083922,33519.59206177091,0.0036491810453515815,0.06651746462125138,0.046989009192688384,0,290.0034141991056,79470.82115,1682.4974067281498,3394.829290214596,6460.674374270976,690.2946707234195,559.1386832859677
340,2025-12-07,6460.674374270976,63357.13478684209,1822.4333082591904,65179.568095101284,0.003395778707149967,0.04686861372925885,0.04654348804737189,0,424.7014275296848,125067.46291666667,1741.4144432975288,4612.843661344767,6430.486151490744,57.86771602205249,19.7034494756532
341,2025-12-08,6430.486151490744,65818.69318483004,196.2518042080969,66014.94498903814,0.00024865641970992836,0.07278478759386466,0.05428631702693512,0,30.935433183907673,124410.35393333333,1984.8783624466719,7434.507806268162,6465.3478976085025,0.0,31.375571505982066
342,2025-12-09,6465.3478976085025,63838.068500119974,2286.7561629549964,66124.82466307498,0.003773074083455972,0.054444856778533626,0.03720806911811659,0,470.48226954033265,124694.68108333333,1388.0926659306679,5363.176677884809,6438.359378066081,44.377897951972955,11.656429752918825
343,2025-12-10,6438.359378066081,62870.911239020556,1388.3782159615816,64259.289454982136,0.002662685991362995,0.036940825710468216,0.03938582583009197,0,331.18159390156507,124378.76451666666,1417.5410097507024,3616.255545432875,6404.0938009428155,199.06169688833927,130.40095506861263
344,2025-12-11,6404.0938009428155,63746.97151355627,474.0357489552066,64221.00726251148,0.0007613715124961529,0.055591391712813173,0.05324159738824761,0,94.2485037278207,123787.79896666665,2013.9456404345924,5453.053104815079,6329.972642050176,207.89668611038428,101.68727274603748
345,2025-12-12,6329.972642050176,27818.385901899157,439.50622534130855,28257.892127240466,0.0017981165870627077,0.051845599866825035,0.04694313368964238,0,141.44291415961334,78661.70368333333,1640.5353159493293,2688.201537683734,6299.814809982068,643.9587558159097,494.4645433495904
346,2025-12-13,6299.814809982068,32650.29478253108,1125.939620621345,33776.234403152426,0.0029603597751963733,0.06113292014199388,0.062224594153801494,0,233.39523108116467,78840.15755,2180.4508422608756,3147.0272699525017,6294.531939710469,77.2734480950413,57.836909712545534
347,2025-12-14,6294.531939710469,63403.2463204781,1240.3387266897676,64643.58504716787,0.002165192064050886,0.04704049952324913,0.025152620083715837,0,269.61531467751513,124522.58585,899.0518327736384,4653.139350001739,6284.849176489674,60.63983025595246,40.403775608607134
348,2025-12-15,6284.849176489674,64297.84039300769,835.6113505972996,65133.45174360499,0.0014895304983988497,0.04791723993404555,0.031635555032466865,0,185.15642446777088,124305.22548333333,1102.0456768162267,4789.369636596189,6254.539565199138,258.78902858417564,182.3404629916987
349,2025-12-16,6254.539565199138,64590.23482981841,837.3559501444968,65427.590779962906,0.0015233634119679203,0.04374457651026852,0.03219415868132849,0,189.88259296380684,124646.94338333333,1134.1632530587444,4354.189338292794,6232.130040859609,111.87698028416538,70.45178212460006
350,2025-12-17,6232.130040859609,64073.04058484253,1316.2773148880385,65389.317899730566,0.0021959558667867043,0.05643769932123455,0.03929474994296118,0,273.32306090239547,124466.55465,1425.4055637411207,5631.3251792654355,6212.74205708385,61.4314078719874,32.3102549781259
351,2025-12-18,6212.74205708385,63821.42489757743,886.7149071882003,64708.13980476563,0.0025813738586336595,0.05921125941041658,0.0213184631791848,0,320.904418637625,124315.35926666667,787.6978637018506,5828.740238137585,6191.445072517786,61.453630783563995,30.610154825229415
352,2025-12-19,6191.445072517786,32419.723557320518,1651.3579576966868,34071.081515017206,0.004963389466512057,0.04590901815525351,0.10578934437354903,0,390.0892835939608,78593.32543333333,3775.085785978614,2357.470492307996,6171.198853455051,87.22898126617747,52.43387766914211
353,2025-12-20,6171.198853455051,32457.56783300017,1422.6352613890986,33880.20309438927,0.004523378074510542,0.04627619270614651,0.11065850940642535,0,355.8474590499214,78668.52011666665,3962.9211147380165,2380.02032641624,6115.433738923361,111.54145085618734,40.1599721149888
354,2025-12-21,6115.433738923361,63294.280792270416,2876.74766865563,66171.02846092604,0.004850576782328105,0.034008102543607574,0.03389569419783639,0,603.2974768215154,124376.44096666665,1197.8283822151882,3324.0721608247127,6115.254678848278,280.76679176676146,227.25994726350166
355,2025-12-22,6115.254678848278,63009.45090393571,1886.298044052948,64895.74894798866,0.003585065549834066,0.04498698837434654,0.022019828876333226,0,447.1238322067026,124718.45381666666,787.8920856875044,4431.506937116093,6104.678113910231,94.75798512631565,67.23505950807521
356,2025-12-23,6104.678113910231,62647.15018952768,467.4685121995874,63114.61870172727,0.0008289604250940462,0.04863776448684538,0.02473499580493073,0,102.75516106281985,123956.65456666666,907.7387779414902,4747.349446558343,6085.232735364605,21.60597616180769,0.0
357,2025-12-24,6085.232735364605,63369.387799103846,940.1655046064523,64309.5533037103,0.00184300201854888,0.053205944468150426,0.028230803393843613,0,228.44815648314062,123954.37128333331,1019.1266941856894,5253.857208335283,6082.677859844887,46.56697918646887,35.41986517329667
358,2025-12-25,6082.677859844887,62085.4419444006,2035.7321742276486,64121.174118628245,0.004070358483145111,0.03417902242128273,0.038712540537836036,0,503.8690982305929,123789.8579,1392.7769185534053,3306.8813961348296,6012.573085546486,260.7794357205855,148.13704606511212
359,2025-12-26,6012.573085546486,27296.441361146484,947.2114719875635,28243.65283313405,0.00366725112457665,0.05994295474791693,0.04035666919384271,0,287.03687375042284,78270.30764999999,1423.0845221756244,3071.3132735655026,5985.579755671879,253.06185104768167,180.6861024614758
360,2025-12-27,5985.579755671879,20180.2049585138,28798.491233508525,48978.696192022326,0.09246885397851899,0.0023240516091246996,0.0034252859431001146,0,7250.407379706237,78409.18393333333,120.12606205004488,91.46223778042645,5614.194030768972,1759.098147928365,1090.6223474093608
361,2025-12-28,5614.194030768972,64073.470737031144,1106.5157952838372,65179.98653231498,0.0015623426449038957,0.062595295584039,0.04682841331884394,0,192.96692385665352,123511.26975,1718.6971280544099,6231.524444174051,5767.973410198304,33.805970666972144,165.78427772664838
362,2025-12-29,5767.973410198304,65914.69625590419,139.46040009214562,66054.15665599632,0.0002630873217007017,0.07525023536563628,0.05013047533774215,0,32.53793129154826,123677.30638333333,1812.3941511906298,7665.9256730485085,5822.080728391667,2.2152618001732662,50.49094843216676
363,2025-12-30,5822.080728391667,62330.0790497531,880.0649744426476,63210.144024195746,0.0015845262659232278,0.056166843660549165,0.02778028444962718,0,195.7309981275283,123526.50905,1036.2631277512726,5466.586076184296,5822.080728391667,51.95277313019949,42.081746235463925
364,2025-12-31,5822.080728391667,61588.411377482684,2919.0122659935973,64507.42364347628,0.005763159579441061,0.03226575683850195,0.016178070792549723,0,713.431351006355,123791.70508333332,568.5828626468341,3106.4796316967568,5772.323744847386,124.1354406404995,55.76842172895067
