date,cost_plan_R1,cost_plan_R2,diff,cost_emergency
2025-02-01,20267.707175403302,21531.201026961488,-1263.4938515581853,499.02528493191596
2025-02-02,103314.35863454177,109550.88472955435,-6236.526095012581,0.0
2025-02-03,66369.52613844385,62320.207077614185,4049.3190608296645,55.018957513868514
2025-02-04,64641.281013343774,63781.51447394528,859.7665393984935,2949.9761078125707
2025-02-05,67179.61555939232,66818.82787815819,360.7876812341274,1268.6245718014784
2025-02-06,64918.06950413821,64534.52338154231,383.54612259590067,995.1498445084942
2025-02-07,19358.81804370555,25437.876799118247,-6079.058755412698,162.1851186047821
2025-02-08,16754.12131042373,16613.994630142835,140.1266802808932,1577.0963320010744
2025-02-09,61349.66484950608,60430.24922679466,919.4156227114217,3208.291119765757
2025-02-10,60005.9275417216,61599.70242529192,-1593.7748835703242,775.0472778082524
2025-02-11,59371.25573640953,60159.36110589915,-788.1053694896254,610.6988673177898
2025-02-12,55811.51134427152,55591.9151918082,219.59615246332396,4667.413659690416
2025-02-13,56770.61016750222,57406.01643407492,-635.406266572696,996.3529288190512
2025-02-14,15603.602033088178,20136.699898126666,-4533.097865038488,4695.93562068321
2025-02-15,16192.285224353163,15354.43228501653,837.8529393366334,1817.943841683692
2025-02-16,55826.54799412128,41939.7106103458,13886.837383775484,5576.145117800449
2025-02-17,55705.88524725268,55576.95889724743,128.9263500052475,835.9259158877283
2025-02-18,53686.84838053744,53740.21994017545,-53.37155963800615,2808.0840584295274
2025-02-19,54908.14860106542,54841.15045920633,66.99814185909054,3766.4020328483516
2025-02-20,55398.46387125406,54911.50794461884,486.95592663522257,1252.3509420550176
2025-02-21,15620.03285734046,19802.851750539576,-4182.818893199115,583.2325128459918
2025-02-22,15552.378936647272,15279.682728676573,272.6962079706991,1186.3534553005252
2025-02-23,55451.99154160711,56087.46595337895,-635.4744117718437,1006.8855397342634
2025-02-24,51974.91205106076,51835.51970325562,139.3923478051438,2410.3390975533207
2025-02-25,50780.775736016076,51570.676458501184,-789.9007224851084,1137.7117474157826
2025-02-26,49739.48559809226,49707.12764362619,32.357954466067895,3921.6251372978977
2025-02-27,49978.405093092966,51236.969807548696,-1258.5647144557297,1709.0050441393435
2025-02-28,14467.30187204344,18943.243561197953,-4475.941689154513,570.5698511972789
2025-03-01,14522.21933402281,14772.620651856576,-250.40131783376637,3887.14946166711
2025-03-02,50959.99869617571,37502.02295639358,13457.97573978213,14947.067248272342
2025-03-03,50561.24009043379,51569.912215793454,-1008.6721253596625,10034.971580106983
2025-03-04,60458.632547399364,61822.52744724401,-1363.894899844643,576.3623805898715
2025-03-05,49869.73742119236,50965.68185164444,-1095.9444304520803,1479.7990561447496
2025-03-06,48805.72316261125,48496.02792831552,309.6952342957302,1252.33499263441
2025-03-07,14508.520028374322,18640.683464503316,-4132.163436128994,75.57969628434338
2025-03-08,13549.342508490765,13852.082639263153,-302.7401307723885,1090.9443113925945
2025-03-09,48267.9449532126,49121.12557827586,-853.180625063258,1937.6098116880926
2025-03-10,46259.4788001507,44911.43924859544,1348.039551555259,12787.512398474915
2025-03-11,48149.87705742342,48888.32186511542,-738.4448076919944,1554.0056467640645
2025-03-12,45845.66611865325,46112.84502567384,-267.1789070205923,1876.4660449751423
2025-03-13,46282.47299634965,45287.19182291666,995.281173432988,13768.36134056817
2025-03-14,13598.130904596896,17673.391533624297,-4075.2606290274016,181.91160075966746
2025-03-15,13820.652444553803,14002.270689134824,-181.61824458102092,1202.1713216462874
2025-03-16,47325.74135412158,48519.31467911384,-1193.5733249922632,1862.959028586047
2025-03-17,45058.53092061691,46445.462580902946,-1386.9316602860345,1187.4980759618309
2025-03-18,45290.22779844767,43206.92449669721,2083.3033017504567,5132.274607773322
2025-03-19,43944.46139821863,44515.6492786255,-571.1878804068692,1660.37618183967
2025-03-20,45046.0401576507,44710.47919806068,335.56095959001686,2452.644569751815
2025-03-21,12446.43087366087,16421.328202702363,-3974.8973290414942,742.5237591213273
2025-03-22,13636.075236604933,13376.68268988385,259.3925467210829,339.03001601768653
2025-03-23,44349.86411555376,32493.418557310215,11856.445558243548,1072.491343973539
2025-03-24,42203.28829676244,42107.90404305808,95.38425370436016,2625.502623894731
2025-03-25,41903.1449237285,42102.23085453113,-199.0859308026338,3733.0925126813245
2025-03-26,44163.10385600083,44953.70329086785,-790.599434867021,496.38682469178883
2025-03-27,41768.32496614143,41793.71196005057,-25.386993909138255,1943.5521170745383
2025-03-28,12154.419714510517,15756.712270610904,-3602.2925561003867,1231.1614501448828
2025-03-29,12588.820065074982,12192.705557434261,396.11450764072106,442.5511249346921
2025-03-30,39246.94873615924,29152.845886709256,10094.102849449984,3463.080448483028
2025-03-31,41306.69580604569,41250.96322703553,55.73257901016041,895.6436123599037
2025-04-01,41053.81439402548,39889.90943282052,1163.904961204964,6590.364339701267
2025-04-02,42056.250952455084,42323.1989778791,-266.94802542401885,8371.53909372204
2025-04-03,41521.504299110224,41439.41304669776,82.09125241246511,1479.0812795494955
2025-04-04,11749.098318039916,15364.977063372851,-3615.878745332935,431.7160763858941
2025-04-05,11668.372141426787,11645.246040214652,23.126101212135836,3341.3351020170567
2025-04-06,39507.86105898774,39409.988036641254,97.87302234648814,1374.8179664391707
2025-04-07,38702.67216296943,38622.16308043396,80.50908253547095,1076.708645125108
2025-04-08,39390.295784452675,39845.118614034254,-454.82282958157884,2983.17358702851
2025-04-09,38910.19639654136,38219.880043900484,690.3163526408753,7577.436375003768
2025-04-10,38606.43866723018,39509.588782258674,-903.1501150284967,2428.707993993017
2025-04-11,11279.773428745953,14505.383263954252,-3225.609835208299,864.4665820204754
2025-04-12,11586.855061388864,11472.96663285503,113.88842853383358,580.953599262728
2025-04-13,38721.715025164216,38636.58872114875,85.1263040154663,2789.1543720889276
2025-04-14,37218.74357301273,37459.50556285339,-240.7619898406556,1939.2238016448077
2025-04-15,38086.60586282374,38733.83711702586,-647.2312542021245,1695.2179492380978
2025-04-16,38145.36256145623,37520.369093034504,624.9934684217296,2912.567310822992
2025-04-17,37357.456880691345,37948.63096086173,-591.1740801703854,544.9320298376331
2025-04-18,11132.290778331575,14363.764294569324,-3231.473516237749,315.3807223404349
2025-04-19,10947.039612759907,10956.372719938452,-9.333107178545106,591.689571207319
2025-04-20,36640.079950179905,36700.54923593684,-60.469285756938916,1636.7381991191032
2025-04-21,35641.91270337942,36266.71834230098,-624.8056389215562,1288.5767174397229
2025-04-22,36143.303687815554,35904.19580532331,239.10788249224424,1924.3215456265207
2025-04-23,36787.25175591329,36380.05177084217,407.1999850711218,1381.0452048101138
2025-04-24,36567.52864727726,36709.60306382747,-142.07441655021103,1121.3329119761022
2025-04-25,10267.908517184724,13419.881442446422,-3151.972925261698,612.7880949498281
2025-04-26,10493.811369728566,10190.48245039104,303.3289193375258,1662.7715409872226
2025-04-27,34410.675873608285,35023.24600017088,-612.5701265625976,2947.5026860034404
2025-04-28,34547.558073190354,34153.68471352832,393.8733596620368,18218.577817154182
2025-04-29,36191.37811377623,36713.02552799159,-521.6474142153602,1637.1478102150836
2025-04-30,36342.27280897929,36254.57975982064,87.69304915864632,1189.070276166989
2025-05-01,36205.05677830304,35020.62267992427,1184.4340983787697,14224.247859597499
2025-05-02,12470.916290406249,11715.394561010864,755.5217293953847,4246.325235293742
2025-05-03,13522.191931883175,13114.064705263925,408.12722661925,1644.4092958462963
2025-05-04,41341.77596283572,40048.18739116963,1293.5885716660923,2755.2957329989167
2025-05-05,42078.202146286785,40752.31996159505,1325.8821846917344,4236.5938469219
2025-05-06,41850.970885591094,40581.20501050264,1269.7658750884511,2876.418365344952
2025-05-07,41662.4829754719,40729.60152944312,932.8814460287831,866.0689160318539
2025-05-08,42824.9127201775,41467.83581596875,1357.0769042087486,2597.602004199869
2025-05-09,14451.851480724039,14129.31394097406,322.53753974997926,145.9599497276161
2025-05-10,14148.480210264306,13570.014616645802,578.4655936185045,1362.6572396945749
2025-05-11,44776.741689501716,43988.58537445337,788.1563150483489,2170.9615994188744
2025-05-12,47343.401786533366,46887.07705537401,456.32473115935863,119.81278845095402
2025-05-13,42067.78185870161,41780.34783958604,287.4340191155716,215.3320450959659
2025-05-14,42261.189577770056,42606.666660114366,-345.4770823443105,353.13868059719795
2025-05-15,42249.29095983942,41897.818568204646,351.47239163477207,785.4491543899564
2025-05-16,13336.344856056017,13117.4916127726,218.85324328341812,412.0834297307364
2025-05-17,13546.598223290433,13313.100501372794,233.49772191763986,1508.514505282403
2025-05-18,41819.71203133634,41249.82807198084,569.8839593555022,1624.426778458728
2025-05-19,38884.33309662109,39552.54612174661,-668.2130251255148,1335.3932763113294
2025-05-20,39921.812521475935,39712.496809660006,209.3157118159288,1618.393892797248
2025-05-21,40267.77169029735,39811.50223342983,456.2694568675215,1475.395930472651
2025-05-22,39603.3073926472,39922.64298055746,-319.3355879102601,566.415017288381
2025-05-23,14080.45985361794,18110.96111752225,-4030.501263904309,185.88277642168535
2025-05-24,13192.174027817107,13201.047444097678,-8.873416280570382,590.4378728567382
2025-05-25,40264.72542916882,40161.45861699181,103.26681217701116,406.79577935007273
2025-05-26,38054.77787625114,38231.4278228639,-176.64994661276432,5213.19186926774
2025-05-27,38049.43248969794,37992.92147752907,56.511012168870366,648.1851904041799
2025-05-28,38569.81689069809,38356.47861073678,213.33827996131004,3343.845323364869
2025-05-29,39460.89411787045,39002.94874101566,457.9453768547901,2129.7724009211306
2025-05-30,13678.655931600875,13415.219423382961,263.4365082179138,544.7550791554776
2025-05-31,13295.367566692468,13764.235611053316,-468.8680443608482,1035.2193006717343
2025-06-01,46566.227526580886,42257.927625113174,4308.299901467712,33364.17165287994
2025-06-02,56205.010725217304,51618.91408613601,4586.096639081297,7810.951960280773
2025-06-03,58256.91073707232,57881.29270425803,375.61803281429457,610.8237819614146
2025-06-04,57141.58164630845,56081.134402094314,1060.4472442141341,2498.838038075791
2025-06-05,58994.39902608386,57890.870050483325,1103.5289756005368,1696.426053628471
2025-06-06,22583.784468970407,27872.582066485313,-5288.797597514906,1586.089432031361
2025-06-07,21404.744594999844,23362.76291138382,-1958.0183163839756,2050.9469895572615
2025-06-08,72258.06985780055,56808.33589394583,15449.733963854727,139.30712083416182
2025-06-09,57413.35515017243,56117.65929845017,1295.6958517222592,2901.159406744867
2025-06-10,66722.46605401258,65566.93393716181,1155.5321168507653,53.279923676724856
2025-06-11,57836.4947843226,57253.74691744832,582.747866874277,7607.673978750425
2025-06-12,59513.82996443156,59225.28313776654,288.5468266650205,2377.948245072594
2025-06-13,24698.588135465434,30943.00827247649,-6244.420137011057,2668.1722770657984
2025-06-14,20160.029108031093,19723.77986832968,436.2492397014139,1167.3410919455853
2025-06-15,67814.41174126464,66521.86272774491,1292.5490135197324,0.0
2025-06-16,60854.16051935339,60180.57205695675,673.5884623966413,1356.5830315776136
2025-06-17,61413.482939450376,60730.195736597154,683.287202853222,4671.035720701606
2025-06-18,68406.24176755411,67397.21248033948,1009.0292872146238,171.2068537457772
2025-06-19,59139.29064512544,59506.30526745847,-367.0146223330303,1223.9800085966626
2025-06-20,20479.61352743344,25808.78444723419,-5329.170919800748,256.8359723820602
2025-06-21,21423.947616258145,20794.73825674502,629.2093595131264,784.0871081153595
2025-06-22,51373.44865276433,50377.43812402827,996.0105287360639,9380.45335755756
2025-06-23,54406.0365033547,54985.28336455448,-579.2468611997829,1551.7439991848955
2025-06-24,54401.47531406059,52974.51401032736,1426.961303733231,22869.063347007523
2025-06-25,58375.50812104423,58745.22922041659,-369.7210993723638,1054.7810121596203
2025-06-26,53203.92111870848,54170.399540940314,-966.478422231834,2542.355509937446
2025-06-27,19428.007835709173,24542.207040386944,-5114.1992046777705,185.22518180590396
2025-06-28,17833.975220807348,17499.20418337192,334.7710374354283,1616.3180778604676
2025-06-29,62123.29585372665,61796.51423113075,326.7816225959032,1897.9696753522885
2025-06-30,61931.72255998675,61799.65159591641,132.0709640703426,2256.6496754738896
2025-07-01,61664.234638178925,56514.08115480834,5150.153483370588,23278.84191324869
2025-07-02,72227.69687868137,67206.09128481739,5021.6055938639765,924.8841853125182
2025-07-03,63730.1043022193,62282.48440054424,1447.6199016750543,15901.081805222853
2025-07-04,25584.71879858784,30982.40690221768,-5397.68810362984,6623.610603931009
2025-07-05,24040.951599826774,21842.793735488493,2198.157864338282,5732.880031169074
2025-07-06,65303.711315551795,50075.54018013776,15228.171135414035,18015.798057912765
2025-07-07,65534.62078663359,65173.58237010407,361.03841652951814,3094.124343525844
2025-07-08,73189.29258431583,72824.22021932706,365.0723649887659,344.33388407579446
2025-07-09,71697.47311994896,71240.71564233906,456.75747760990635,302.72191749415606
2025-07-10,68120.21621864794,67737.01100709575,383.20521155219467,493.5143052570993
2025-07-11,29724.23452055623,36293.382673776956,-6569.148153220725,1875.4767091939816
2025-07-12,26356.433211001255,25885.21997215565,471.2132388456048,891.9403457462314
2025-07-13,64491.735921338375,66911.39157015528,-2419.655648816901,588.4853161119488
2025-07-14,63812.57549731795,64664.51418285191,-851.9386855339617,641.0948210649512
2025-07-15,69721.08094060182,69722.94944222647,-1.8685016246454325,763.9315596183858
2025-07-16,64167.86958224974,63335.31468986963,832.5548923801107,2471.854118111522
2025-07-17,64888.01139945197,64782.21907628287,105.79232316910202,3091.0766741095567
2025-07-18,27725.17732590489,34516.48573622807,-6791.308410323178,135.58715468565904
2025-07-19,27674.79177402233,27639.61491947499,35.17685454734237,39.259948716559926
2025-07-20,64758.111510121045,63652.552315297726,1105.5591948233196,2353.417277011845
2025-07-21,68271.92295755575,67233.33393035646,1038.5890271992976,1305.8799773673984
2025-07-22,65970.4379950464,65641.87757183582,328.5604232105834,2092.8257351732805
2025-07-23,67346.68224120239,67127.35147199288,219.33076920951135,2179.7303226733893
2025-07-24,65191.46870475906,64785.42311500668,406.04558975238615,3559.9575535282615
2025-07-25,25969.04990864203,32103.811648658928,-6134.7617400168965,298.52911438376304
2025-07-26,25679.51596181844,25068.83499238327,610.6809694351723,824.135257012181
2025-07-27,61741.97160803153,60940.589053588395,801.3825544431311,5707.869769401498
2025-07-28,66798.61286794524,66277.19996434872,521.4129035965161,4585.657403209445
2025-07-29,69633.77050458983,69770.07762425844,-136.3071196686069,1154.4156828929886
2025-07-30,65142.457624908544,64368.49355753401,773.9640673745307,1861.1624894337324
2025-07-31,67901.28333819567,68469.23965991448,-567.9563217188115,797.2742386491003
2025-08-01,25003.785947523415,25251.68895178746,-247.90300426404428,631.6132007208587
2025-08-02,25035.449207181227,25131.108540801964,-95.65933362073702,306.0604035733255
2025-08-03,59032.508773775975,60691.510459814344,-1659.0016860383694,2458.6826217489343
2025-08-04,54352.35204861133,52099.381284175244,2252.9707644360824,3489.6180198046095
2025-08-05,56200.79854088345,54110.55898778992,2090.239553093532,1467.952587363513
2025-08-06,55992.016741650186,55061.9556256397,930.0611160104891,9787.823324215045
2025-08-07,55207.45293444075,55498.28153245528,-290.82859801453014,2485.6559710987185
2025-08-08,22903.467109427256,28490.592112965136,-5587.12500353788,825.2190935827205
2025-08-09,22441.24027175104,22245.93337519223,195.30689655880997,2224.11499093527
2025-08-10,56749.59676916251,54971.269735903756,1778.3270332587563,2033.6908131317546
2025-08-11,53737.084239967946,54266.838525642954,-529.7542856750078,4407.7143356258875
2025-08-12,54698.67232798708,53847.2201466962,851.4521812908788,9731.122157609641
2025-08-13,55902.13178602645,55829.06374365345,73.06804237300094,3295.7862516925834
2025-08-14,55328.89604482014,55082.02001247725,246.8760323428869,4376.662432212157
2025-08-15,23106.97102421496,28211.68208441724,-5104.71106020228,1265.6924950692246
2025-08-16,23387.196080980033,23316.957140939463,70.23894004057001,1640.8424559885093
2025-08-17,54477.85043374128,55270.373327529465,-792.5228937881839,2780.4522560452533
2025-08-18,54659.590354812826,54307.70426981135,351.8860850014753,3704.1912393377643
2025-08-19,55444.57924517979,55104.848882027596,339.7303631521936,3200.035832839034
2025-08-20,55752.88673026764,54662.21982252298,1090.6669077446568,12698.641280821597
2025-08-21,62667.73229268406,63241.83219189971,-574.0998992156528,1239.7866436350123
2025-08-22,23267.543125415228,28218.59258468594,-4951.049459270711,3222.769474806353
2025-08-23,23994.78919025622,24267.765670117402,-272.9764798611832,335.4598304569182
2025-08-24,56746.65782473319,57024.43092934011,-277.7731046069166,1385.384010712169
2025-08-25,57166.67302100551,56621.30439246473,545.3686285407821,5715.82039796418
2025-08-26,62138.76800048866,63244.05129640604,-1105.283295917383,292.5334154627551
2025-08-27,56575.75292944187,56645.37773573365,-69.62480629178026,1835.991915434789
2025-08-28,59562.48652893768,59436.442916072294,126.04361286538915,9909.98645562238
2025-08-29,24528.851021295006,24715.20557088055,-186.35454958554328,892.0171656302784
2025-08-30,24167.823373367435,23903.842656991194,263.9807163762416,1463.8077405065956
2025-08-31,57480.00372664304,57945.05285656704,-465.04912992400205,1486.3870233100765
2025-09-01,51055.28696397289,56855.67948764142,-5800.392523668532,228.7760715308286
2025-09-02,39644.398607872216,40729.36931489856,-1084.9707070263466,8177.531179999585
2025-09-03,43338.44029866073,41680.68872562339,1657.7515730373416,2105.6811853485633
2025-09-04,43119.262784658036,43094.08392449972,25.178860158317548,2581.670592090519
2025-09-05,19856.129336234266,24256.1362903085,-4400.006954074233,0.0
2025-09-06,17119.939459511785,19439.044595562063,-2319.105136050279,2752.3453105301605
2025-09-07,41350.682818194444,31351.439559204322,9999.243258990122,4448.136396744632
2025-09-08,41096.05929417369,40350.56740936487,745.49188480882,16047.40381274408
2025-09-09,44202.15352145386,43253.681123715156,948.4723977387039,8346.083863449681
2025-09-10,44930.55209711443,44307.27642788716,623.2756692272669,7541.845002602304
2025-09-11,46930.33316598319,47153.819231518755,-223.486065535566,936.1577557187468
2025-09-12,15816.792803845648,19867.55960592851,-4050.7668020828605,1069.6030749437714
2025-09-13,16414.242594573996,15924.027204016125,490.2153905578707,722.900223461346
2025-09-14,46157.27227048848,33881.6279936837,12275.644276804778,2707.430561200742
2025-09-15,45945.17387150029,45484.73287543548,460.4409960648045,5149.895516636037
2025-09-16,45371.27319486309,44468.27893850143,902.9942563616569,4116.713358065495
2025-09-17,46111.19778673546,45480.217662113435,630.9801246220231,1762.0626170686828
2025-09-18,46109.45393910236,45863.76687781932,245.68706128303893,466.69539853644403
2025-09-19,16977.125937551948,21314.55092879349,-4337.4249912415435,471.04448858213254
2025-09-20,15955.692430974888,15931.616743702984,24.075687271904826,1097.2635967416727
2025-09-21,51241.53239002984,37538.03717822267,13703.495211807167,433.90945191808584
2025-09-22,47466.65890753203,45965.2192920574,1501.4396154746282,1535.7630527828376
2025-09-23,48746.58409281102,48790.20478566655,-43.62069285553298,1148.5477860153205
2025-09-24,47642.42308376623,47028.75056155207,613.6725222141613,1755.589647210527
2025-09-25,48996.21213978622,48687.42117453786,308.7909652483577,1170.0303673138906
2025-09-26,16262.92272298917,20879.795652594126,-4616.872929604957,358.6256492507905
2025-09-27,17110.76455667864,16645.09067718264,465.67387949600015,1365.433300526559
2025-09-28,49488.40312851385,49384.60754550593,103.79558300791541,1379.932531464589
2025-09-29,50608.90462864127,50101.50682097142,507.3978076698477,1010.3795893449458
2025-09-30,50429.841841137866,49732.97916994145,696.8626711964171,919.1009961945899
2025-10-01,48426.21378077101,49981.59635232584,-1555.38257155483,70.09168969648184
2025-10-02,44474.96314235445,43146.39568834074,1328.5674540137115,64.82568324612492
2025-10-03,30910.946393105238,39325.28773377587,-8414.341340670631,0.0
2025-10-04,14344.82270522264,14515.912747245642,-171.09004202300275,1282.5569993781412
2025-10-05,43190.89306755988,44081.63068336213,-890.7376158022453,338.92994140437446
2025-10-06,44072.207773984424,42154.205661889435,1918.0021120949896,263.31445927480814
2025-10-07,43718.346889465014,44408.17771976748,-689.8308303024678,1014.7518035983393
2025-10-08,44409.68361931621,43912.99736153115,496.6862577850625,821.9035554858614
2025-10-09,43584.25467066144,43153.80610283061,430.4485678308265,465.6441225609631
2025-10-10,13992.79822203545,18062.55394710965,-4069.7557250741993,478.7030101710353
2025-10-11,14048.87917613515,13551.228590452378,497.65058568277163,641.7375191267481
2025-10-12,42492.27616507093,43161.162066564415,-668.885901493486,2220.0718520828414
2025-10-13,44840.715322865515,45489.89819679842,-649.1828739329067,1133.3167275445255
2025-10-14,44135.421918076245,44334.40159204359,-198.97967396734748,2054.220912998225
2025-10-15,45558.79947345443,45218.17559857635,340.62387487808155,2475.858108520501
2025-10-16,45287.932022604786,44484.47148433434,803.4605382704467,4511.36168852645
2025-10-17,35747.37519468891,47003.669747781714,-11256.294553092805,0.0
2025-10-18,13685.786633408346,13831.255399594173,-145.4687661858261,1370.8695352797458
2025-10-19,46362.684777696304,45702.51446454916,660.170313147144,4390.599012728617
2025-10-20,47322.62666322459,47255.25095060732,67.37571261727135,2196.730372629933
2025-10-21,49297.16008250777,48407.96585007732,889.1942324304473,1355.6747634036165
2025-10-22,48807.413860196146,48671.99835805697,135.415502139178,3662.1973865840864
2025-10-23,49390.13180918227,49621.08947421303,-230.95766503076447,206.44187276681956
2025-10-24,37193.812156838205,49164.9167443638,-11971.104587525595,0.0
2025-10-25,14882.977711734202,14600.086989478796,282.8907222554062,853.7992481872709
2025-10-26,48964.08321952368,48393.83582234268,570.2473971810032,1559.5328720708915
2025-10-27,48734.45003760264,49001.34833755631,-266.89829995366745,1719.1547928760558
2025-10-28,48513.860206957004,47642.448247891705,871.411959065299,1944.022910209022
2025-10-29,49861.76837546952,48612.70189701553,1249.066478453984,5389.188609414836
2025-10-30,51806.18732316172,49852.859288222244,1953.3280349394772,1252.3075104431773
2025-10-31,15975.972407677193,20496.982800200705,-4521.010392523513,342.0539725190742
2025-11-01,15238.9026137852,15287.77959420345,-48.87698041825024,399.05112613818994
2025-11-02,52838.96776091988,51013.58963862399,1825.378122295886,1506.1101943074304
2025-11-03,53167.128794820135,51658.960626739055,1508.1681680810798,1228.5236644975844
2025-11-04,53184.76248620559,52943.82506589544,240.937420310147,935.928340156163
2025-11-05,53691.42336310749,52714.032331071525,977.3910320359646,699.7585128698092
2025-11-06,54288.575634335444,52937.320381672114,1351.2552526633299,3007.0783472929725
2025-11-07,15642.17069748727,20487.1573413984,-4844.98664391113,872.6623639814193
2025-11-08,15728.942069750034,15199.730299131326,529.2117706187073,401.18603054659076
2025-11-09,53916.78239987197,39726.27107220751,14190.511327664455,2208.7707092499786
2025-11-10,55057.8338443237,53896.66743577199,1161.1664085517114,3088.3964852323334
2025-11-11,55666.552257058094,55925.25108625791,-258.6988291998132,483.58604088789014
2025-11-12,55139.47118737198,54919.45261601871,220.0185713532701,1082.0382349255979
2025-11-13,56132.23698982059,55199.97177854506,932.265211275524,2175.2908285648255
2025-11-14,15581.58565864619,20289.5196540014,-4707.93399535521,553.5778700473887
2025-11-15,16151.20560443614,15699.801580969026,451.4040234671138,781.0901722602229
2025-11-16,57775.5036520299,56383.65416879808,1391.8494832318247,2215.9321359433493
2025-11-17,57225.9976612247,56834.06989414607,391.92776707862504,848.0125758343763
2025-11-18,57350.60164548787,56392.72613603348,957.8755094543885,2118.7231091487324
2025-11-19,58519.91248840102,56835.60990357638,1684.302584824647,1477.4895798644397
2025-11-20,58303.100977336224,58040.954703616466,262.146273719758,1183.5062863101825
2025-11-21,44041.64694004055,43332.09437390212,709.5525661384308,0.0
2025-11-22,16483.419185451552,16191.312708651794,292.10647679975773,1013.2951721888068
2025-11-23,58840.12539337929,57837.26596959265,1002.8594237866419,2322.2762970373315
2025-11-24,59172.05702011778,58597.56267067004,574.4943494477411,1250.7545446209747
2025-11-25,58878.2148370716,58559.54955562175,318.66528144985205,1176.4698970311035
2025-11-26,59935.18926118261,58887.186292747574,1048.0029684350375,1428.8571549488588
2025-11-27,59878.13153153316,58524.579245368666,1353.5522861644931,1799.787013709182
2025-11-28,16677.148372977197,22165.39055524373,-5488.242182266535,756.0381716228819
2025-11-29,16892.34909605429,16729.789839069766,162.55925698452484,5056.676283220443
2025-11-30,63646.37213405924,47308.28493658469,16338.087197474546,1868.4225075793306
2025-12-01,67268.03175843063,61914.56598822068,5353.46577020995,20048.713548863416
2025-12-02,70371.05415501662,69375.59933569864,995.4548193179799,12489.88623744938
2025-12-03,73422.9221528169,73230.04090753681,192.88124528009212,2446.4161142642815
2025-12-04,75243.80760210259,75536.43752823159,-292.6299261289969,1494.8334286884003
2025-12-05,21653.26397268739,28232.80762347699,-6579.543650789601,3641.0868597115864
2025-12-06,25175.443119458705,22617.915248951373,2557.5278705073324,3043.8620919751324
2025-12-07,75200.11822860921,57692.822070068934,17507.296158540274,2124.5779740823154
2025-12-08,77950.88967697296,77256.48512370665,694.4045532663149,777.1087411092271
2025-12-09,74560.49740133231,74827.17808547936,-266.6806841470534,2636.900152426212
2025-12-10,74489.40869167779,73335.15033340469,1154.2583582731022,3504.0202762169756
2025-12-11,73248.5226008515,73889.91214641227,-641.3895455607708,1028.3647044438992
2025-12-12,25130.18009652871,32665.59617573158,-7535.416079202871,1756.0418242131882
2025-12-13,25487.651546583722,25123.558084977223,364.09346160649875,931.9812737965102
2025-12-14,77275.7702833401,76100.80017046526,1174.970112874842,1443.9862269513142
2025-12-15,76525.20968124017,75053.4148568341,1471.794824406068,1434.4332253195732
2025-12-16,77383.00833745625,76716.55543944289,666.4528980133618,1400.5570101334565
2025-12-17,76121.5834981995,75364.93502092756,756.6484772719414,1195.7809382454566
2025-12-18,74785.27665453659,74708.34542872236,76.93122581423086,992.1930384690926
2025-12-19,24506.76639072672,31770.934809959756,-7264.168419233036,1771.6747066434568
2025-12-20,24903.826017457133,24756.412767937036,147.41324952009745,1368.524561718438
2025-12-21,74813.8688383926,56759.31521744673,18054.553620945873,3871.8319703976404
2025-12-22,74797.36446874615,73489.23783008296,1308.1266386631905,2381.8157441157496
2025-12-23,73641.50432366262,72871.06481526961,770.439508393014,453.97738816845407
2025-12-24,73879.29962963023,73683.38509401534,195.9145356148947,1438.9616521328317
2025-12-25,73918.63325426722,73049.97969812537,868.6535561418423,2508.8091680530506
2025-12-26,24479.83387570385,31731.90575904595,-7252.071883342098,1014.6521713863369
2025-12-27,18095.63814015157,18524.163288421485,-428.5251482699168,21158.891626644494
2025-12-28,76024.20742170591,76861.54181726737,-837.3343955614546,346.63549352557027
2025-12-29,77853.21562376425,77700.1604362115,153.05518755274534,108.78759303107745
2025-12-30,74084.86373376696,74415.23952095665,-330.37578718968143,410.5222680771755
2025-12-31,77536.37422222755,76904.64953850003,631.7246837275161,1890.1894880763998
