date,issue_hour,strategy,changed_plan_kwh,expected_future_cost_yuan,cvar_future_cost_yuan,objective,soc_at_issue_kwh,terminal_target_kwh,clipped_load_scenario_cells,clipped_pv_scenario_cells,clipped_price_scenario_cells
2025-02-01,0,S6,0.0,30515.23561169093,88206.96410936257,42057.71586914773,6000.0,6000.0,6,32,0
2025-02-01,6,S6,4263.884113669022,26242.76064376412,106884.72511419468,42437.69475368288,10156.890854080428,6000.0,36,0,0
2025-02-02,0,S6,0.0,106709.28969006237,137942.73073881792,112960.92523314679,5881.876034635278,5881.876034635278,0,0,0
2025-02-02,6,S6,2755.9567449806864,89812.5143279806,114992.06025402257,94852.62117857674,10800.0,5881.876034635278,0,0,0
2025-02-03,0,S6,0.0,100594.2692603429,130491.46995209134,106578.50589869259,5881.876034635278,5881.876034635278,0,12,0
2025-02-03,6,S6,38150.70123246151,64170.907135402755,68782.10339679505,65097.088293285895,10800.0,5881.876034635278,0,12,0
2025-02-04,0,S6,0.0,77997.77656753402,153555.3352848443,93113.82228635521,5881.87603463528,5881.87603463528,0,46,0
2025-02-04,6,S6,26.071143484847312,69862.7254447224,196490.04818302928,95305.95680093662,10800.0,5881.87603463528,0,16,0
2025-02-05,0,S6,0.0,64033.70303383029,74600.25507154598,66151.72963672588,5667.149756295269,5667.149756295269,0,8,0
2025-02-05,6,S6,317.13849839006957,51285.09057805978,53436.40000051842,51719.29326800296,10800.0,5667.149756295269,0,3,0
2025-02-06,0,S6,0.0,69421.55468908821,80414.32405074405,71624.60339475264,5667.149756295267,5667.149756295267,0,33,0
2025-02-06,6,S6,5215.061118619633,52606.63346914998,58975.64829977597,53886.56975967451,10800.0,5667.149756295267,0,0,0
2025-02-07,0,S6,0.0,28500.561276310484,30513.98470471835,28907.082123838456,5662.738682794439,5662.738682794439,18,6,0
2025-02-07,6,S6,2401.892195498933,16365.318832738425,17324.72589953255,16560.40128601869,10188.920510276414,5662.738682794439,18,12,0
2025-02-08,0,S6,0.0,15767.326377210871,19665.8756105449,16550.897557211014,5662.738682794441,5662.738682794441,23,0,0
2025-02-08,6,S6,527.2024579148988,9766.485795460827,11933.30194441681,10202.820558577354,7629.788570102552,5662.738682794441,16,0,0
2025-02-09,0,S6,0.0,63643.64031184425,73918.66545942034,65702.9893413595,5662.738682794439,5662.738682794439,0,0,0
2025-02-09,6,S6,1328.71487149708,49809.77036925255,62324.34555307631,52340.475559228136,10800.0,5662.738682794439,0,0,0
2025-02-10,0,S6,0.0,63411.97199474125,75117.53284334335,65757.36689872973,5617.4717432588095,5617.4717432588095,0,0,0
2025-02-10,6,S6,6420.876376305379,45214.37710233071,50265.23866036465,46228.17104451735,10800.0,5617.4717432588095,0,0,0
2025-02-11,0,S6,0.0,64110.29466120754,75167.32566903472,66326.01783876907,5617.471743258811,5617.471743258811,0,53,0
2025-02-11,6,S6,4677.670679215516,45869.15584335187,51826.592430745164,47064.254928842485,10800.0,5617.471743258811,0,4,0
2025-02-12,0,S6,0.0,59126.678053845695,65223.40256004814,60350.216121752914,5617.471743258816,5617.471743258816,0,6,0
2025-02-12,6,S6,4613.649234677463,44298.8592745728,46583.60904682619,44763.04492976495,10800.0,5617.471743258816,0,0,0
2025-02-13,0,S6,0.0,55584.02107743841,61129.48141219085,56697.452505143156,5610.666495620135,5610.666495620135,0,0,0
2025-02-13,6,S6,5117.039151237837,41954.169033526945,43582.86872910894,42286.87933567906,10800.0,5610.666495620135,0,0,0
2025-02-14,0,S6,0.0,22033.5684531815,25291.388547282575,22688.796355159342,5604.215048966746,5604.215048966746,12,6,0
2025-02-14,6,S6,2026.0711926287065,12600.109686736085,13408.805610655974,12778.742470238212,9653.809682328634,5604.215048966746,12,17,0
2025-02-15,0,S6,0.0,15843.724498228845,18149.667957083664,16309.024237470816,5577.715074562147,5577.715074562147,16,6,9
2025-02-15,6,S6,4351.164584658661,9612.974000245102,10617.691893149919,9816.94701550528,7031.2457121089255,5577.715074562147,8,6,3
2025-02-16,0,S6,0.0,44381.415189385094,48558.8943339035,45221.68974125619,5577.715074562144,5577.715074562144,0,14,0
2025-02-16,6,S6,7342.81144477515,31056.70737604083,35662.10875708965,31981.526632649686,9874.074074074075,5577.715074562144,0,11,0
2025-02-17,0,S6,0.0,61827.1664547333,71933.37361238028,63852.738706353586,5577.7150745621475,5577.7150745621475,0,8,0
2025-02-17,6,S6,7547.668306928868,45482.00952020613,51616.17054176927,46712.44086414776,10800.0,5577.7150745621475,0,7,0
2025-02-18,0,S6,0.0,54675.49588061036,61573.663707184875,56059.17348544876,5577.715074562151,5577.715074562151,0,0,0
2025-02-18,6,S6,4.891670210000797,40055.31079270786,42921.235706527856,40635.28356847095,9874.074074074075,5577.715074562151,0,0,0
2025-02-19,0,S6,0.0,57679.78855942376,66636.22332800583,59475.29879175799,5571.283975932463,5571.283975932463,0,12,0
2025-02-19,6,S6,273.7387520029734,41472.54039852043,43283.94853343785,41838.41653887199,10376.243045673964,5571.283975932463,0,9,0
2025-02-20,0,S6,0.0,56699.34521813211,63556.84697382801,58075.03873593797,5571.28397593246,5571.28397593246,0,0,0
2025-02-20,6,S6,2183.8732674894272,41774.84826264449,45933.63597838239,42610.145920582356,9874.074074074075,5571.28397593246,0,5,0
2025-02-21,0,S6,0.0,20862.497284635792,23387.55454484929,21371.03772265132,5571.2839759324615,5571.2839759324615,14,0,0
2025-02-21,6,S6,14.440631165929737,11158.445585234495,12885.238542030836,11524.061550040962,8723.745485475503,5571.2839759324615,7,3,0
2025-02-22,0,S6,0.0,15948.016871213173,19945.146843705985,16751.12835468116,5538.697303644489,5538.697303644489,16,9,0
2025-02-22,6,S6,713.3364487605369,9509.172884217201,11760.841290886818,9962.57293130714,7017.817188927791,5538.697303644489,16,15,0
2025-02-23,0,S6,0.0,54963.356852444,63998.194943263035,56774.38882736752,5538.697303644487,5538.697303644487,0,5,0
2025-02-23,6,S6,484.1914078200932,43181.991851370505,48917.65003580301,44332.7200515635,10800.0,5538.697303644487,0,4,0
2025-02-24,0,S6,0.0,53247.787174611025,63408.028833883116,55284.03454398615,5538.697303644488,5538.697303644488,0,16,0
2025-02-24,6,S6,353.3574756037226,38984.53629416906,45977.66687568673,40386.5383796287,9874.074074074075,5538.697303644488,0,0,0
2025-02-25,0,S6,0.0,54452.42512658115,65852.97411772255,56736.91218281804,5538.697303644499,5538.697303644499,0,2,0
2025-02-25,6,S6,2256.1673392079338,39795.59751837192,45742.47206447349,40988.67675837819,9874.074074074075,5538.697303644499,0,6,0
2025-02-26,0,S6,0.0,48432.769682451035,53110.65665628799,49372.419287691315,5538.6973036445015,5538.6973036445015,0,0,0
2025-02-26,6,S6,422.18769785795837,36900.633834545304,44375.02250948675,38412.60144104951,9874.074074074075,5538.6973036445015,0,0,0
2025-02-27,0,S6,0.0,51965.50924616334,61432.82565030674,53863.12189550148,5512.910749931721,5512.910749931721,0,8,0
2025-02-27,6,S6,840.1910441016246,37811.64670243205,43617.70865551969,38976.42402990654,9874.074074074075,5512.910749931721,0,0,0
2025-02-28,0,S6,0.0,19703.05864358786,21991.4301619754,20163.942910915423,5512.910749931724,5512.910749931724,7,9,0
2025-02-28,6,S6,315.56654075972875,10464.893813139413,11695.941088790361,10713.987895184102,6312.768594562726,5512.910749931724,7,4,0
2025-03-01,0,S6,0.0,17880.157715343707,19374.136482716716,18182.37272713701,5512.910749931723,5512.910749931723,8,14,0
2025-03-01,6,S6,5329.902920719436,9151.912387341894,10122.27969110671,9348.833837947031,8024.653494176634,5512.910749931723,8,9,1
2025-03-02,0,S6,0.0,39597.02121542065,46354.83517719182,40953.078841108254,5512.91074993172,5512.91074993172,0,31,2
2025-03-02,6,S6,2078.6314013958026,29284.264330710714,37008.74349734757,30832.767594312245,9874.074074074075,5512.91074993172,0,11,8
2025-03-03,0,S6,0.0,54962.578879977,62402.981322272615,56454.901375057285,5512.91074993172,5512.91074993172,0,5,0
2025-03-03,6,S6,7361.504216346685,42994.34608444283,57194.13982217491,45873.60830141531,10800.0,5512.91074993172,0,14,0
2025-03-04,0,S6,0.0,49988.25340852606,63225.133050966026,52639.66288122185,5445.878562373507,5445.878562373507,0,12,0
2025-03-04,6,S6,843.0333417316574,41086.22577774821,52066.23625851996,43292.183717704655,9874.074074074075,5445.878562373507,0,0,0
2025-03-05,0,S6,0.0,52932.851756567994,63685.31343479167,55087.543812468975,5433.721997483116,5433.721997483116,0,5,0
2025-03-05,6,S6,1250.8160235355335,37955.16579184263,43521.93970325996,39072.03360925383,9880.001791322058,5433.721997483116,0,6,0
2025-03-06,0,S6,0.0,47460.81495024825,58877.49835545568,49748.472776691095,5433.721997483129,5433.721997483129,0,0,0
2025-03-06,6,S6,949.2009512660005,35893.702087585836,40115.40789996398,36741.68351952597,9874.074074074075,5433.721997483129,0,0,0
2025-03-07,0,S6,0.0,19726.61241579676,21512.339636004257,20086.92311214218,5433.721997483128,5433.721997483128,0,16,0
2025-03-07,6,S6,1291.4896416689205,11250.533876239859,14039.68244700689,11825.959572078022,7394.422759979427,5433.721997483128,0,6,0
2025-03-08,0,S6,0.0,12965.38089992056,14201.517065259639,13215.561547296435,5405.758406067928,5405.758406067928,0,8,2
2025-03-08,6,S6,87.32388428594476,8033.865943663929,11017.379299917233,8633.290008660371,4728.333746861266,5405.758406067928,0,3,10
2025-03-09,0,S6,0.0,50901.58728422225,60855.62695012883,52897.082107052935,5405.758406067926,5405.758406067926,0,0,0
2025-03-09,6,S6,7037.089845503971,34088.9813251933,35671.618034689236,34408.918060370044,9947.334490734816,5405.758406067926,0,1,0
2025-03-10,0,S6,0.0,48735.148107525085,59407.771391095834,50873.62204996597,5405.75840606793,5405.75840606793,0,2,0
2025-03-10,6,S6,883.5016908929564,36184.31629928067,37520.28017542821,36454.9192859315,9888.744082449657,5405.75840606793,0,2,0
2025-03-11,0,S6,0.0,42403.27116507576,48370.209231003835,43600.649927544866,5405.7584060679355,5405.7584060679355,0,1,0
2025-03-11,6,S6,7663.82106927165,38931.69218131353,45510.53903943835,40253.58077265009,9914.608403544038,5405.7584060679355,0,6,0
2025-03-12,0,S6,0.0,50010.56133242524,60105.14309979876,52033.603737266036,5400.725775085205,5400.725775085205,0,15,0
2025-03-12,6,S6,5328.981217850531,32112.360441555265,33865.13308343038,32466.218270793328,9874.074074074075,5400.725775085205,0,0,0
2025-03-13,0,S6,0.0,49330.040961202496,53632.709286934405,50194.67214076649,5400.725775085208,5400.725775085208,0,7,0
2025-03-13,6,S6,2778.897219677173,38120.90654784503,47820.59638495424,40103.80455420062,9944.818528794372,5400.725775085208,0,7,0
2025-03-14,0,S6,0.0,17905.891301882697,20704.456250938983,18468.6027912538,5326.3692772584645,5326.3692772584645,0,0,0
2025-03-14,6,S6,420.5294461058003,11715.449537548197,14443.941628294022,12266.097959215833,5437.479389333475,5326.3692772584645,0,4,0
2025-03-15,0,S6,0.0,13373.09028611296,17452.96213272338,14192.1039468048,5322.269088277819,5322.269088277819,0,1,6
2025-03-15,6,S6,1182.8104545329102,8766.326361582622,10386.960571483502,9093.281610573651,5033.625900062264,5322.269088277819,0,2,13
2025-03-16,0,S6,0.0,46073.02241761883,56309.74700030257,48124.83200082224,5322.269088277819,5322.269088277819,0,2,0
2025-03-16,6,S6,952.3093825118681,37345.42432260692,45231.7590462192,38926.34980884875,9923.856771576942,5322.269088277819,0,5,0
2025-03-17,0,S6,0.0,44164.78182042123,50412.29042873803,45418.202445525414,5322.2690882778215,5322.2690882778215,0,0,0
2025-03-17,6,S6,4915.945105692266,30335.421770319215,36335.52717051645,31550.44761093739,9874.074074074075,5322.2690882778215,0,0,0
2025-03-18,0,S6,0.0,47406.74096343362,57443.379241400624,49418.38284168138,5300.092129196691,5300.092129196691,0,0,0
2025-03-18,6,S6,4752.597249207191,35499.97633111336,40502.828633035875,36504.13652297929,9916.17505048369,5300.092129196691,0,0,0
2025-03-19,0,S6,0.0,41633.898267763216,49341.33432786307,43179.36961946036,5300.092129196692,5300.092129196692,0,0,0
2025-03-19,6,S6,2324.5620206306935,32592.492877029286,40274.946246420615,34132.42482274304,9891.385752445196,5300.092129196692,0,3,0
2025-03-20,0,S6,0.0,48104.14546376187,57236.201299452536,49934.71963090006,5300.092129196694,5300.092129196694,0,6,0
2025-03-20,6,S6,6647.23338090057,32276.09135824029,40027.13376430673,33829.522063910044,9874.074074074075,5300.092129196694,0,2,0
2025-03-21,0,S6,0.0,17535.382982994946,19579.98947169079,17947.059521484513,5300.092129196696,5300.092129196696,0,0,0
2025-03-21,6,S6,272.43697757366806,10115.206999834512,11320.009406807168,10358.826461016048,4230.525868764975,5300.092129196696,0,0,0
2025-03-22,0,S6,0.0,13670.09324947687,14540.319434454068,13847.628855726985,5300.0921291967,5300.0921291967,0,1,5
2025-03-22,6,S6,109.99864717912834,7965.059579265751,8717.125407178732,8118.325799658612,4831.2303591590335,5300.0921291967,0,2,4
2025-03-23,0,S6,0.0,33466.18948778139,41620.90440382384,35101.70843796425,5300.092129196697,5300.092129196697,0,0,53
2025-03-23,6,S6,1688.392584779201,24590.19503485271,29317.333872762767,25539.220682961568,9874.074074074075,5300.092129196697,0,0,19
2025-03-24,0,S6,0.0,43760.90272954518,49050.362483961406,44822.815656428975,5300.092129196697,5300.092129196697,0,0,0
2025-03-24,6,S6,2355.3191003943675,32972.831661754084,40595.54652731542,34516.03611900073,9903.307755512542,5300.092129196697,0,0,0
2025-03-25,0,S6,0.0,49398.49995486855,58208.87427808503,51164.918819511964,5271.359901040339,5271.359901040339,0,0,0
2025-03-25,6,S6,8158.490534309226,32253.924989929437,38426.080149779846,33518.48458293476,9920.28655275465,5271.359901040339,0,0,0
2025-03-26,0,S6,0.0,43923.97759766337,52900.00091937691,45723.22026516709,5220.999381926328,5220.999381926328,0,0,0
2025-03-26,6,S6,1207.627537235051,32265.180841084883,39341.078938206556,33720.659946467094,9874.074074074075,5220.999381926328,0,0,0
2025-03-27,0,S6,0.0,44180.355299252195,47700.12920199153,44888.51005623719,5151.39821259381,5151.39821259381,0,0,0
2025-03-27,6,S6,4931.092425715918,33428.2061402913,42178.863707197,35207.37561868331,9874.074074074075,5151.39821259381,0,0,0
2025-03-28,0,S6,0.0,16541.980024023098,19392.08218470149,17115.022384367465,5103.228539295888,5103.228539295888,0,0,0
2025-03-28,6,S6,28.72958300878588,9748.21425324897,11231.438686777314,10047.523795845405,5532.15580497203,5103.228539295888,0,0,0
2025-03-29,0,S6,0.0,12041.745420896303,15468.301191570179,12730.475148411699,5103.228539295892,5103.228539295892,0,0,57
2025-03-29,6,S6,442.06323315174245,7011.694715177905,9366.602548988696,7485.322550755392,4440.571842122947,5103.228539295892,0,0,52
2025-03-30,0,S6,0.0,31372.032718276158,41366.90620155484,33375.16931243112,5103.228539295892,5103.228539295892,0,0,77
2025-03-30,6,S6,3485.667889355226,20111.112107352874,23692.1728228683,20830.712418329123,9898.276261123505,5103.228539295892,0,0,57
2025-03-31,0,S6,0.0,40491.69163416127,48303.989854671265,42058.011092322835,5103.228539295891,5103.228539295891,0,0,0
2025-03-31,6,S6,6990.651408300168,34785.17810455363,43779.35414068875,36587.52831860889,9883.428008043678,5103.228539295891,0,0,0
2025-04-01,0,S6,0.0,46700.09598374369,53834.69115594141,48131.205159173616,5103.228539295893,5103.228539295893,0,0,0
2025-04-01,6,S6,3988.835700659387,35087.69653490583,42463.66911766001,36566.35977661003,9912.255879694534,5103.228539295893,0,0,0
2025-04-02,0,S6,0.0,44791.176004388886,50543.23686008566,45945.764369685334,5103.228539295895,5103.228539295895,0,8,0
2025-04-02,6,S6,2132.6362064659647,33587.475384817895,37453.63756244874,34364.06566859969,9933.347174421056,5103.228539295895,0,0,0
2025-04-03,0,S6,0.0,45874.28474160571,55798.089458855946,47863.33946693987,5103.2285392958975,5103.2285392958975,0,10,0
2025-04-03,6,S6,2967.3120151836065,29703.848310583522,34518.40272062687,30670.221268274337,9927.826962425086,5103.2285392958975,0,0,0
2025-04-04,0,S6,0.0,15390.072481343805,17994.81730843319,15913.73709605679,5103.228539295901,5103.228539295901,0,0,0
2025-04-04,6,S6,199.72502678104786,8855.957789475458,9984.928496558425,9084.384281256864,4106.749951338515,5103.228539295901,0,0,0
2025-04-05,0,S6,0.0,11675.681393549621,14315.568035168671,12206.516423116927,5103.228539295903,5103.228539295903,0,0,43
2025-04-05,6,S6,109.84926173332627,6720.704958331738,7651.2271231144705,6909.527496010674,3685.9195851850595,5103.228539295903,0,0,38
2025-04-06,0,S6,0.0,39672.508281315306,50369.5623778586,41815.931267290645,5103.2285392959075,5103.2285392959075,0,0,0
2025-04-06,6,S6,3119.237489710378,27375.185232329553,29226.497999386844,27756.454413004543,9961.320020072793,5103.2285392959075,0,12,0
2025-04-07,0,S6,0.0,37254.39634198805,44453.53061572427,38698.08728805338,5088.592213428342,5088.592213428342,0,0,0
2025-04-07,6,S6,2956.1275064399742,27586.381805251698,33251.17565105454,28723.128602216308,9929.971713072731,5088.592213428342,0,12,0
2025-04-08,0,S6,0.0,43260.510341121415,51587.71438611763,44930.02656398266,5087.160493205904,5087.160493205904,0,11,0
2025-04-08,6,S6,3278.641769299956,29305.164182487126,36388.15228830742,30724.955714320073,9959.585107710689,5087.160493205904,0,4,0
2025-04-09,0,S6,0.0,42304.47913579025,50829.38946482883,44013.54900465042,5087.1604932059045,5087.1604932059045,0,0,0
2025-04-09,6,S6,1771.0197499290389,30765.89306524254,38663.13017494109,32348.720880622837,9947.83177814142,5087.1604932059045,0,0,0
2025-04-10,0,S6,0.0,43102.088190311035,50818.560875583375,44649.27460500311,5087.1604932059045,5087.1604932059045,0,20,0
2025-04-10,6,S6,1303.5759548130138,31301.33852965423,38072.10004589462,32658.575682574472,9943.32651457023,5087.1604932059045,0,8,0
2025-04-11,0,S6,0.0,14203.780419202061,15728.620180839192,14511.46078936201,5087.1604932059,5087.1604932059,0,0,0
2025-04-11,6,S6,501.48128637836714,9135.153492657228,10606.02907966698,9431.860031569271,3061.692932064658,5087.1604932059,0,0,0
2025-04-12,0,S6,0.0,11789.126511335193,13828.05514813452,12200.056530492238,5087.1604932059,5087.1604932059,0,0,52
2025-04-12,6,S6,755.4982810634241,6773.528448469232,8154.173123712626,7052.329071431568,3192.468038829005,5087.1604932059,0,0,49
2025-04-13,0,S6,0.0,40291.25329715059,44807.35206198502,41198.337580460466,5087.1604932059,5087.1604932059,0,23,0
2025-04-13,6,S6,2008.170076834664,26254.29481685916,32617.101136716927,27530.01629404275,9972.175201161917,5087.1604932059,0,0,0
2025-04-14,0,S6,0.0,40132.97692210495,47923.336665848336,41695.00806984701,5087.1604932059,5087.1604932059,0,4,0
2025-04-14,6,S6,5589.739142148212,26218.825793877142,30875.307792191004,27163.296900942394,9979.82583224714,5087.1604932059,0,0,0
2025-04-15,0,S6,0.0,36735.262191163994,40409.763359310025,37474.1081033432,5068.251231873065,5068.251231873065,0,0,0
2025-04-15,6,S6,2552.467313084044,25678.089183047763,29792.441189361125,26504.138062450296,9956.733298869769,5068.251231873065,0,0,0
2025-04-16,0,S6,0.0,39475.78379835356,47084.563456589276,41001.40487213331,5068.251231873064,5068.251231873064,0,0,0
2025-04-16,6,S6,4208.748847673771,29612.00002242535,31996.08677816186,30092.058938621813,9968.431434934053,5068.251231873064,0,3,0
2025-04-17,0,S6,0.0,35803.471550352886,38562.37095148345,36358.97661489114,5068.251231873064,5068.251231873064,0,4,0
2025-04-17,6,S6,3715.59187965982,28012.942405502585,35618.30653998649,29549.628317551716,9300.289814326092,5068.251231873064,0,0,0
2025-04-18,0,S6,0.0,14687.16652545996,17077.19951182226,15167.877021079845,5044.798412650461,5044.798412650461,0,5,0
2025-04-18,6,S6,25.20656109924063,7809.443369446447,8880.106338340194,8026.129883396496,3233.2028230386973,5044.798412650461,0,0,0
2025-04-19,0,S6,0.0,10062.11113433372,12051.146608479487,10462.74528962105,5044.798412650463,5044.798412650463,0,0,109
2025-04-19,6,S6,14.194509249587782,5692.830319897332,6708.246560847651,5898.463607158334,3212.448425185202,5044.798412650463,0,0,36
2025-04-20,0,S6,0.0,36608.23673996391,42334.13102936536,37757.170000079175,5044.798412650463,5044.798412650463,0,22,0
2025-04-20,6,S6,688.3965076152158,23938.953238659564,28132.04385069107,24788.232742387474,9806.541896886332,5044.798412650463,0,13,0
2025-04-21,0,S6,0.0,38287.97523722583,45217.27402869174,39677.563514718895,5030.372449384049,5030.372449384049,0,10,0
2025-04-21,6,S6,5843.7382279988715,22684.84456364172,25550.18249270122,23264.447339968854,9472.08290073789,5030.372449384049,0,0,0
2025-04-22,0,S6,0.0,34786.43063517991,36705.081332678965,35174.09830105418,5023.37294355874,5023.37294355874,0,18,0
2025-04-22,6,S6,1450.7159971448148,24943.98349217699,30726.974290287908,26113.450825884738,9985.938805304424,5023.37294355874,0,7,0
2025-04-23,0,S6,0.0,33311.70934292513,37911.90309005881,34235.5199688415,5004.544047110073,5004.544047110073,0,13,0
2025-04-23,6,S6,2812.991152922131,25038.379732684665,27525.39138784373,25552.40036837818,8881.44345454976,5004.544047110073,0,15,0
2025-04-24,0,S6,0.0,35345.940603328585,36892.40721045004,35659.096517937454,4979.016356804695,4979.016356804695,0,6,0
2025-04-24,6,S6,3091.2478624058494,22280.882249532726,24739.38168444884,22775.422191704554,9313.438458625415,4979.016356804695,0,3,0
2025-04-25,0,S6,0.0,14095.60342596673,15552.493112505268,14389.672032119539,4979.0163568046955,4979.0163568046955,0,19,0
2025-04-25,6,S6,252.8218595888908,7867.022618758439,9119.821344204694,8120.04538787686,2442.951250122788,4979.0163568046955,0,6,0
2025-04-26,0,S6,0.0,10758.680158832209,12635.627865317061,11136.889889376904,4979.016356804697,4979.016356804697,0,2,33
2025-04-26,6,S6,0.0,6044.518177648553,7132.483597298216,6264.71689262522,2469.2792761333712,4979.016356804697,0,0,22
2025-04-27,0,S6,0.0,33489.55526677127,39223.39510724907,34639.92268932486,4979.016356804698,4979.016356804698,0,16,0
2025-04-27,6,S6,1604.487215598026,23289.713787208755,25980.861332059085,23850.098239432864,9357.97609787286,4979.016356804698,0,22,0
2025-04-28,0,S6,0.0,42126.139297457055,48632.584560599775,43431.25703108867,4942.979018742457,4942.979018742457,0,16,0
2025-04-28,6,S6,1582.785831502062,28258.20665733941,33542.70966812062,29318.423227368457,10016.348393518927,4942.979018742457,0,8,0
2025-04-29,0,S6,0.0,34981.35246437757,39483.134753693885,35885.219520549705,4942.979018742459,4942.979018742459,0,4,0
2025-04-29,6,S6,2922.938867233881,23535.00147203768,26224.974017166194,24075.761574777756,9378.454595309717,4942.979018742459,0,12,0
2025-04-30,0,S6,0.0,33867.41263465144,35139.06002232092,34125.06627598651,4942.979018742459,4942.979018742459,0,24,0
2025-04-30,6,S6,447.3505644743965,22120.728839447536,23625.082256664664,22424.495162416053,7901.872596293217,4942.979018742459,0,0,0
2025-05-01,0,S6,0.0,35506.376700401815,37387.0172731538,35886.270272313675,4942.9790187424605,4942.9790187424605,0,20,0
2025-05-01,6,S6,2245.3185686071083,23441.950178996674,24490.70119668551,23654.798028285997,9389.783172054316,4942.9790187424605,0,14,0
2025-05-02,0,S6,0.0,12778.38532134127,13353.893403285663,12896.321192399468,4942.979018742464,4942.979018742464,0,73,26
2025-05-02,6,S6,87.84244278671142,7772.6011320804,10909.86459028178,8402.547333961576,3356.135458868623,4942.979018742464,0,37,57
2025-05-03,0,S6,0.0,13940.741812323617,15458.27411707865,14247.048653258495,4942.979018742462,4942.979018742462,0,16,42
2025-05-03,6,S6,233.42641076607606,8808.558682103792,10161.572944017847,9081.65592685792,3071.9065999009094,4942.979018742462,0,6,50
2025-05-04,0,S6,0.0,37800.79738616202,41879.65926265222,38620.31169176267,4942.979018742462,4942.979018742462,0,9,0
2025-05-04,6,S6,5513.013525167014,25273.8674038498,27364.490699570357,25694.659703025543,9432.68943687502,4942.979018742462,0,0,0
2025-05-05,0,S6,0.0,42724.18013414163,46735.04954672149,43530.2290579834,4942.979018742465,4942.979018742465,0,53,0
2025-05-05,6,S6,1315.650153395448,28362.684519142356,34701.74368044366,29645.9851253569,10025.012686930264,4942.979018742465,0,0,0
2025-05-06,0,S6,0.0,36425.08285490233,38435.05997736714,36830.613591104026,4919.541768199128,4919.541768199128,0,6,0
2025-05-06,6,S6,2420.3696138694418,27378.906724855795,33462.4836445746,28606.394533129678,8312.358798743971,4919.541768199128,0,0,0
2025-05-07,0,S6,0.0,41511.14291747941,44514.30499431918,42115.65349336217,4904.982996381551,4904.982996381551,0,27,0
2025-05-07,6,S6,1298.5631816824591,30026.01900821719,33778.968301844296,30779.721006141986,9332.644524663317,4904.982996381551,0,35,0
2025-05-08,0,S6,0.0,41918.21089332041,46821.164986929616,42902.77395160013,4904.982996381551,4904.982996381551,0,1,0
2025-05-08,6,S6,4615.325000409053,29481.357592563716,36990.52702346063,31056.25134453183,10064.909261882709,4904.982996381551,0,8,0
2025-05-09,0,S6,0.0,13997.569643866673,14768.16365669819,14154.488524766624,4773.0414379771555,4773.0414379771555,0,12,21
2025-05-09,6,S6,815.2833631135638,9952.023318450567,14516.655439086502,10867.434933220387,2950.2152416673116,4773.0414379771555,0,10,18
2025-05-10,0,S6,0.0,13430.620126784477,16324.016369197374,14011.94862026738,4773.041437977156,4773.041437977156,0,4,8
2025-05-10,6,S6,617.389264794755,8788.317352311866,12318.644906847334,9496.812713912366,3173.6024137384948,4773.041437977156,0,11,41
2025-05-11,0,S6,0.0,40338.804689886616,44080.701712531416,41090.99449802872,4773.041437977161,4773.041437977161,0,0,0
2025-05-11,6,S6,646.6969774298374,29299.11846727035,33063.82129865572,30055.011852596297,10104.90780683358,4773.041437977161,0,0,0
2025-05-12,0,S6,0.0,40438.68168947215,45545.963256371106,41463.59100975775,4773.041437977161,4773.041437977161,0,5,0
2025-05-12,6,S6,3544.18422886059,31786.862613929843,37479.54818994245,32928.08784933846,9526.246147247915,4773.041437977161,0,10,0
2025-05-13,0,S6,0.0,42490.42478150983,44943.819709757096,42985.08563544439,4773.041437977161,4773.041437977161,0,0,0
2025-05-13,6,S6,8827.284149425243,29208.918579128156,34060.73846713333,30182.023630852193,10105.57863701244,4773.041437977161,0,2,0
2025-05-14,0,S6,0.0,43340.83174733874,46616.92635517659,43999.8813061872,4773.041437977163,4773.041437977163,0,33,0
2025-05-14,6,S6,266.7756288359542,31294.290734843773,34957.550146566675,32029.810324887265,10043.385032803193,4773.041437977163,0,3,0
2025-05-15,0,S6,0.0,42227.29284259189,44299.337320624145,42645.622046276956,4773.041437977165,4773.041437977165,0,28,0
2025-05-15,6,S6,317.71629997413527,31249.43588871979,32652.93773815076,31533.14121238235,10090.63086849407,4773.041437977165,0,24,0
2025-05-16,0,S6,0.0,13360.643918920186,14331.3001017332,13557.726067149793,4773.041437977163,4773.041437977163,0,18,5
2025-05-16,6,S6,467.95630391395116,8709.591324091183,12442.072464509773,9458.499383052791,2127.141044173949,4773.041437977163,0,3,5
2025-05-17,0,S6,0.0,13012.825013880656,14432.457154624988,13299.593403073071,4773.041437977166,4773.041437977166,0,5,20
2025-05-17,6,S6,305.3080287548089,8430.13188076178,9328.718135262208,8612.30036340512,2116.2021074618897,4773.041437977166,0,0,17
2025-05-18,0,S6,0.0,42548.46312744857,45617.528029476445,43166.10295177877,4773.04143797717,4773.04143797717,0,17,0
2025-05-18,6,S6,3380.408001642418,28875.337566124548,31603.415351611024,29434.445214290477,10094.44089259803,4773.04143797717,0,18,0
2025-05-19,0,S6,0.0,40487.814704394084,43798.488080053845,41153.60399545419,4752.990398061658,4752.990398061658,0,7,0
2025-05-19,6,S6,3074.708908472223,26973.744041618196,29863.002500767194,27554.2323269361,10084.794647410827,4752.990398061658,0,0,0
2025-05-20,0,S6,0.0,38287.18335584526,41128.76560162126,38858.95471186551,4752.990398061661,4752.990398061661,0,9,0
2025-05-20,6,S6,1528.8084298966369,28776.787764132245,30527.36206055928,29129.663416926076,10068.99182557285,4752.990398061661,0,2,0
2025-05-21,0,S6,0.0,38168.5125565005,41361.46261953122,38810.35282680194,4752.990398061661,4752.990398061661,0,9,0
2025-05-21,6,S6,3354.717783668359,28490.59831036854,30531.56477727911,28901.41994214266,9524.313314017578,4752.990398061661,0,7,0
2025-05-22,0,S6,0.0,39106.02765499938,43307.94862614334,39950.023031638106,4752.990398061664,4752.990398061664,0,10,0
2025-05-22,6,S6,884.4998309169696,26572.29501292338,30684.443021157207,27399.93918685935,10109.922714997832,4752.990398061664,0,6,0
2025-05-23,0,S6,0.0,16276.781186401078,17662.221379137478,16556.66426810187,4748.004630696146,4748.004630696146,0,1,0
2025-05-23,6,S6,268.31548735064894,10570.305750045078,13653.920050244229,11201.271121219967,2376.810792644047,4748.004630696146,0,0,0
2025-05-24,0,S6,0.0,14597.586787448223,15824.575737390476,14845.775148546081,4725.767947265436,4725.767947265436,0,8,7
2025-05-24,6,S6,1531.1902867594363,9006.037783144298,9688.722662628285,9144.975780338744,1974.7812178326026,4725.767947265436,0,0,27
2025-05-25,0,S6,0.0,39598.310138116576,42167.43561713527,40115.69264771272,4725.7679472654345,4725.7679472654345,0,0,0
2025-05-25,6,S6,2758.821758977516,26237.397894597627,28891.897419615412,26770.867172716768,10121.931262994269,4725.7679472654345,0,0,0
2025-05-26,0,S6,0.0,39465.57444045665,42131.011578297024,40002.13308608654,4725.767947265436,4725.767947265436,0,4,0
2025-05-26,6,S6,2833.5063655016274,28622.70846806493,32015.957410256215,29304.199351504463,10076.808762945782,4725.767947265436,0,2,0
2025-05-27,0,S6,0.0,37271.00979290195,40256.91651852024,37871.43612820944,4725.76794726544,4725.76794726544,0,0,0
2025-05-27,6,S6,3840.88872579643,29817.596515689675,33908.54304861758,30638.34808310952,9295.959913644663,4725.76794726544,0,0,0
2025-05-28,0,S6,0.0,41486.343444682905,46109.718888121795,42414.87986670404,4725.767947265441,4725.767947265441,0,12,0
2025-05-28,6,S6,2301.716144616164,28950.103690747685,33976.56545320814,30040.319261581728,10097.258679222148,4725.767947265441,0,1,0
2025-05-29,0,S6,0.0,41203.53177369682,45291.01214603066,42024.88918149693,4571.723081999271,4571.723081999271,0,5,0
2025-05-29,6,S6,1252.2397950000557,30759.56973139896,34775.36482715789,31565.612380434555,10136.914159785138,4571.723081999271,0,1,0
2025-05-30,0,S6,0.0,13423.33733761072,14165.157958242784,13574.461052712513,4571.723081999275,4571.723081999275,0,10,18
2025-05-30,6,S6,1239.075659852739,10588.946557435778,12993.87201795629,11177.277588229428,2272.1352650785234,4571.723081999275,0,4,1
2025-05-31,0,S6,0.0,14661.998230700323,17447.5063458594,15221.970573150513,4374.295450381378,4374.295450381378,0,2,7
2025-05-31,6,S6,1332.307121523337,9267.3317056808,11364.661250423846,9689.119459956488,3191.7278643524814,4374.295450381378,0,0,0
2025-06-01,0,S6,0.0,51792.1946757866,54058.31953146998,52250.06531358993,4374.295450381377,4374.295450381377,0,12,0
2025-06-01,6,S6,4967.860837450426,36513.950372781015,38091.59813423509,36833.03862482578,10127.584775642124,4374.295450381377,0,4,0
2025-06-02,0,S6,0.0,56238.87069142701,64739.29960319405,57943.57120662039,4374.295450381377,4374.295450381377,0,20,0
2025-06-02,6,S6,11449.813920873377,38702.75160361039,40633.46916378991,39092.35748246139,10040.020860685503,4374.295450381377,0,5,0
2025-06-03,0,S6,0.0,55656.57369740542,59919.819701272136,57004.43110988694,4374.295450381378,4374.295450381378,0,26,0
2025-06-03,6,S6,2407.9581489659668,44489.40666857029,47775.668353540575,45678.49895376086,10033.309414351028,4374.295450381378,0,18,0
2025-06-04,0,S6,0.0,65363.5662174742,74286.87501166637,67152.57197631261,3379.606144476548,3379.606144476548,0,12,0
2025-06-04,6,S6,16721.916828817033,42953.394815021216,45658.92938661631,43497.33330469696,10040.756866844946,3379.606144476548,0,0,0
2025-06-05,0,S6,0.0,56817.776352020286,61946.8464724633,57847.501641411545,3379.6061444765514,3379.6061444765514,0,5,0
2025-06-05,6,S6,3336.0342839769983,43271.52792700222,52690.71674298118,45222.163123046084,10062.155320687314,3379.6061444765514,0,1,0
2025-06-06,0,S6,0.0,28785.65257550473,32557.880496799746,30238.776691332292,3259.667368899318,3259.667368899318,0,17,0
2025-06-06,6,S6,472.2925262613336,16969.59028393626,20147.878258506553,17946.33802523819,8079.592788369244,3259.667368899318,0,9,0
2025-06-07,0,S6,0.0,25916.85325308664,31462.720901498928,27028.742877758974,2621.639178856674,2621.639178856674,0,6,0
2025-06-07,6,S6,5855.180539641256,14821.61035609578,18670.15462028248,15593.067745185994,8229.415039030233,2621.639178856674,0,3,0
2025-06-08,0,S6,0.0,43538.363166401374,47969.56972226917,44428.50573488928,2621.6391788566766,2621.6391788566766,0,6,0
2025-06-08,6,S6,7542.352900811813,33577.99652627754,42222.206648727064,35345.188645911294,10056.284886030982,2621.6391788566766,0,1,0
2025-06-09,0,S6,0.0,64429.31699247808,75167.92972753909,66902.67707163765,2555.2914484376906,2555.2914484376906,0,30,0
2025-06-09,6,S6,5752.930244703534,46753.48183654176,54688.48743616126,48411.111755367,10051.974974904497,2555.2914484376906,0,7,0
2025-06-10,0,S6,0.0,57401.516487433844,60889.57166017535,58103.019021982116,2428.022827153945,2428.022827153945,0,6,0
2025-06-10,6,S6,3311.6529511291105,42951.424535463804,53820.4851646372,45348.90845727791,10074.58780372543,2428.022827153945,0,11,0
2025-06-11,0,S6,0.0,64455.9328275267,74285.66136641514,66425.77677164173,2012.7468704480752,2012.7468704480752,0,12,0
2025-06-11,6,S6,429.16304311444105,46340.75692338641,55433.51057579659,48162.39478322004,10053.751322189613,2012.7468704480752,0,0,0
2025-06-12,0,S6,0.0,62262.93040325088,74056.68872437181,64659.07784838879,2012.7468704480752,2012.7468704480752,0,6,0
2025-06-12,6,S6,1122.6422753975805,45082.48033949034,52013.4877916122,46512.8066732332,10067.182256276017,2012.7468704480752,0,6,0
2025-06-13,0,S6,0.0,29829.881507407586,34990.44489240971,30864.56418563635,1935.1971292313929,1935.1971292313929,0,1,0
2025-06-13,6,S6,1273.0171510554046,17716.9485417238,21193.987780204574,18414.522726765237,5340.651133213404,1935.1971292313929,0,0,0
2025-06-14,0,S6,0.0,22031.94895900873,28094.315427262925,23246.947381960843,1935.1971292313908,1935.1971292313908,0,5,0
2025-06-14,6,S6,82.19982485508172,13379.662261561843,17287.11035175792,14163.18586325303,5919.658920521184,1935.1971292313908,0,2,0
2025-06-15,0,S6,0.0,55632.750066610664,66340.82126024157,57778.30380441231,1935.1971292313929,1935.1971292313929,0,0,0
2025-06-15,6,S6,3213.404813259942,43882.14569505648,53077.367465469506,45976.12565258574,10092.781188037123,1935.1971292313929,0,0,0
2025-06-16,0,S6,0.0,59576.79589332772,68269.09430810576,61319.364413392956,1461.39250947179,1461.39250947179,0,3,0
2025-06-16,6,S6,940.3317175982796,45540.85056784929,53606.025399640515,47156.92725254193,10032.223709439224,1461.39250947179,0,2,0
2025-06-17,0,S6,0.0,59664.045999378286,64547.994848652335,60644.88498274692,1461.3925094717827,1461.3925094717827,0,3,0
2025-06-17,6,S6,1740.6093579567387,47329.01125241497,53997.29456429185,48665.62373679839,10068.85585920279,1461.3925094717827,0,1,0
2025-06-18,0,S6,0.0,59376.26259123199,67022.11042866699,60909.53593528104,1461.3925094717822,1461.3925094717822,0,0,0
2025-06-18,6,S6,1950.7952819875577,47017.085057731565,60028.546534372916,49761.3357745501,10102.070873299876,1461.3925094717822,0,0,0
2025-06-19,0,S6,0.0,55559.52263525969,63169.58737017318,57085.319414481186,1200.0000000000018,1200.0000000000018,0,3,0
2025-06-19,6,S6,5707.31587896653,39109.07711296213,50913.59078492973,41472.71952631048,10050.82989897929,1200.0000000000018,0,0,0
2025-06-20,0,S6,0.0,25951.227523285073,27851.559907870494,26333.65953486547,1199.9999999999995,1199.9999999999995,0,27,0
2025-06-20,6,S6,148.70150973330482,15840.423547189483,18228.673546552985,16320.118994993418,3221.9019946233084,1199.9999999999995,0,4,0
2025-06-21,0,S6,0.0,19263.52509562574,24031.727720753046,20219.632014970102,1200.000000000004,1200.000000000004,0,0,3
2025-06-21,6,S6,1594.2898606561726,11757.269665484022,13390.803837998441,12086.202302264412,2649.4873903348907,1200.000000000004,0,4,4
2025-06-22,0,S6,0.0,53330.67524916913,59863.90264729818,54641.07446100798,1200.0000000000016,1200.0000000000016,0,0,0
2025-06-22,6,S6,6912.478943915574,41247.55151187199,49086.540229087186,42817.84159900941,10131.755352357666,1200.0000000000016,0,0,0
2025-06-23,0,S6,0.0,53647.07223227042,61047.34645879915,55131.31078775441,1200.0000000000039,1200.0000000000039,0,27,0
2025-06-23,6,S6,315.5010002387068,39641.017534211984,47120.88531159423,41139.87978992,10073.37912148772,1200.0000000000039,0,24,0
2025-06-24,0,S6,0.0,63754.9743228038,67411.16184610156,64490.64684329935,1200.000000000001,1200.000000000001,0,29,0
2025-06-24,6,S6,4086.677791689405,46193.14954805509,56615.96482346115,48280.72552321767,10091.952807468391,1200.000000000001,0,7,0
2025-06-25,0,S6,0.0,57150.01969851833,69175.58779226468,59558.91381837699,1199.9999999999968,1199.9999999999968,0,50,0
2025-06-25,6,S6,2538.1653723549325,43534.902507993706,53031.66709015501,45436.95666516509,10800.0,1199.9999999999968,0,15,0
2025-06-26,0,S6,0.0,54445.715660033355,65436.13872798216,56647.6886379615,1200.000000000005,1200.000000000005,0,91,0
2025-06-26,6,S6,465.34780631097806,39689.39607814036,50939.352757229404,41941.91483321045,10058.647082226084,1200.000000000005,0,19,0
2025-06-27,0,S6,0.0,26264.59174179055,31715.01017817161,27357.135697367823,1200.0000000000011,1200.0000000000011,0,71,0
2025-06-27,6,S6,992.7825400756526,15164.443408424404,18019.523365053075,15737.498555770397,3462.685444942777,1200.0000000000011,0,54,0
2025-06-28,0,S6,0.0,18740.742100380587,24609.54408540601,19916.987709415906,1200.0000000000016,1200.0000000000016,0,77,0
2025-06-28,6,S6,403.81144380461916,11606.436073300469,15762.368342529411,12439.861633915982,2468.1128416130136,1200.0000000000016,0,44,1
2025-06-29,0,S6,0.0,48845.24897329386,59677.519541048496,51015.48357195827,1199.9999999999936,1199.9999999999936,0,129,0
2025-06-29,6,S6,5653.5250704228765,41954.28286712279,51145.361182852335,43795.02647567555,10082.25600001342,1199.9999999999936,0,75,0
2025-06-30,0,S6,0.0,55260.497923840434,68733.33961102844,57959.24199268874,1200.0000000000025,1200.0000000000025,0,160,0
2025-06-30,6,S6,2834.2267548511545,41279.79794275858,49177.59998391112,42862.23986246217,10058.148770073658,1200.0000000000025,0,65,0
2025-07-01,0,S6,0.0,49461.40860701175,56554.679359993344,50883.940715083074,1200.0000000000005,1200.0000000000005,0,146,0
2025-07-01,6,S6,1113.8677292599245,36244.22612831706,45587.24847840515,38115.367525903705,10119.397192667544,1200.0000000000005,0,87,0
2025-07-02,0,S6,0.0,59997.15136960749,77603.32524257094,63522.25434653698,1199.9999999999964,1199.9999999999964,0,234,0
2025-07-02,6,S6,1459.0414956206835,41712.05025251039,45437.73205247889,42459.75135859174,9992.76142189488,1199.9999999999964,0,107,0
2025-07-03,0,S6,0.0,75409.5364948129,93885.33007880124,79109.25300854974,1199.9999999999993,1199.9999999999993,0,203,0
2025-07-03,6,S6,952.7944591143385,54373.92890812388,66151.92606025026,56733.047375471506,9967.406748742902,1199.9999999999993,0,111,0
2025-07-04,0,S6,0.0,33070.122349461024,44098.18728348947,35278.138952765636,1200.0,1200.0,0,200,0
2025-07-04,6,S6,901.9730368200056,20333.02382047396,21875.32719531758,20643.594905472375,3197.3446716365906,1200.0,0,112,0
2025-07-05,0,S6,0.0,26575.100824496545,31120.831579727565,27486.931808876077,1200.000000000004,1200.000000000004,0,171,10
2025-07-05,6,S6,4387.828508937577,14829.62928967983,18438.107460862335,15553.484771720096,4050.471619240295,1200.000000000004,0,72,61
2025-07-06,0,S6,0.0,51774.526112248735,64368.86601092549,54297.95283687304,1200.000000000002,1200.000000000002,0,180,50
2025-07-06,6,S6,2143.6411273121125,39897.75399735565,52363.262975001126,42394.306742702785,9432.12060474144,1200.000000000002,0,111,35
2025-07-07,0,S6,0.0,65425.91483342099,87360.95543772221,69816.96715830234,1200.000000000001,1200.000000000001,0,254,0
2025-07-07,6,S6,5324.550320786091,44423.16029953251,58097.608030105446,47160.71369442017,10062.496354116014,1200.000000000001,0,88,0
2025-07-08,0,S6,0.0,78769.94204464277,105913.93700949669,84203.17393965054,1200.0000000000005,1200.0000000000005,0,163,0
2025-07-08,6,S6,8082.279556182494,55526.64186115831,65405.16644089125,57505.41544048447,9964.09189687546,1200.0000000000005,0,92,0
2025-07-09,0,S6,0.0,68041.26861489251,74279.34004174461,69293.19012433011,1200.0,1200.0,0,212,0
2025-07-09,6,S6,2466.2607033536847,46390.40247870899,50186.44784246761,47152.56924794481,9993.510505288645,1200.0,0,123,0
2025-07-10,0,S6,0.0,67962.82113026858,89848.90030494757,72344.10903718446,1200.0000000000027,1200.0000000000027,0,179,0
2025-07-10,6,S6,1251.400453057594,49088.08286393519,66858.67798135676,52645.24391320937,10046.701636779298,1200.0000000000027,0,115,0
2025-07-11,0,S6,0.0,39718.40727301795,55095.85709776003,42796.5961650418,1200.0,1200.0,0,242,0
2025-07-11,6,S6,1894.0287027384884,25626.91219929119,35785.506025988754,27660.80474570146,5059.861748208454,1200.0,0,87,0
2025-07-12,0,S6,0.0,27177.717969384696,40317.12707239794,29808.28646529528,1200.0000000000023,1200.0000000000023,0,194,11
2025-07-12,6,S6,787.5849855682934,18594.5649072725,30537.91555942573,20985.537730572785,3397.364914310173,1200.0000000000023,0,99,18
2025-07-13,0,S6,0.0,75295.82068984436,87447.82560506598,77730.54223197624,1200.0000000000002,1200.0000000000002,0,174,0
2025-07-13,6,S6,8965.633695075492,51664.61348231652,61396.77856862922,53613.85512623807,9967.922312671435,1200.0000000000002,0,75,0
2025-07-14,0,S6,0.0,69498.62019316792,87483.5210142231,73099.59946190554,1200.0000000000018,1200.0000000000018,0,202,1
2025-07-14,6,S6,9446.74578194755,47862.66243768645,52754.89794431926,48843.938596534936,9989.762675536875,1200.0000000000018,0,102,0
2025-07-15,0,S6,0.0,69069.11729131862,75287.33875803236,70316.91357802063,1200.000000000004,1200.000000000004,0,142,0
2025-07-15,6,S6,7900.506732051264,45668.98022874492,51049.7083612537,46747.8578096963,9994.951472876706,1200.000000000004,0,88,0
2025-07-16,0,S6,0.0,67867.49044894367,88187.98135921946,71935.60301220733,1200.0,1200.0,0,162,0
2025-07-16,6,S6,2875.1985458879503,47507.964223317125,57320.94275911945,49473.3603546741,9986.834972258974,1200.0,0,104,0
2025-07-17,0,S6,0.0,70226.90034132006,81482.86200301914,72482.04566242847,1200.0,1200.0,0,158,0
2025-07-17,6,S6,1980.1779969994623,48793.13448010533,66779.87821150149,52393.34480042574,9967.113881482146,1200.0,0,80,0
2025-07-18,0,S6,0.0,40459.153545624715,46347.195031400195,41639.39761731437,1200.0,1200.0,0,136,0
2025-07-18,6,S6,2629.2891265757544,25443.157476300166,34602.64087835827,27277.219133866067,4419.800724677803,1200.0,0,82,0
2025-07-19,0,S6,0.0,32603.679645864388,38869.86961252542,33859.745330562335,1200.000000000001,1200.000000000001,0,92,38
2025-07-19,6,S6,9406.849233948193,20109.80953082645,23886.76368905598,20867.498614026437,3156.2520859698534,1200.000000000001,0,56,10
2025-07-20,0,S6,0.0,69273.83018307578,79521.21332554692,71327.52793925803,1200.0000000000016,1200.0000000000016,0,167,4
2025-07-20,6,S6,3639.3825888469096,48373.20307227676,58475.703634144804,50396.77941489272,9956.097975696563,1200.0000000000016,0,69,4
2025-07-21,0,S6,0.0,71420.07901329765,83574.59099440575,73855.1425611424,1200.0000000000018,1200.0000000000018,0,146,0
2025-07-21,6,S6,7416.5597150807325,50778.747867193735,63027.476651836485,53231.28704344471,9958.348347018875,1200.0000000000018,0,66,0
2025-07-22,0,S6,0.0,63714.57813444037,76267.53504569165,66229.31214313935,1200.0,1200.0,0,93,0
2025-07-22,6,S6,5500.933500501597,50864.87437991963,57600.42812280569,52215.1496601229,10031.943493112512,1200.0,0,38,0
2025-07-23,0,S6,0.0,74716.59762253585,90517.42410463984,77881.34964694256,1200.0000000000014,1200.0000000000014,0,85,1
2025-07-23,6,S6,9674.083661156881,50659.72174470487,59121.96009812169,52355.183810108545,9919.80314144909,1200.0000000000014,0,35,0
2025-07-24,0,S6,0.0,77336.80151963622,97409.47695382893,81356.00272470039,1200.000000000001,1200.000000000001,0,50,0
2025-07-24,6,S6,8727.222844718699,51739.6040520207,59233.51148130044,53241.47571752446,9949.549687234658,1200.000000000001,0,37,0
2025-07-25,0,S6,0.0,32904.107206762565,38053.390243249705,33936.36968030846,1199.9999999999993,1199.9999999999993,0,44,0
2025-07-25,6,S6,228.98142362537388,20727.051058426896,24154.889426549693,21414.75091005401,2738.0034895123276,1199.9999999999993,0,33,0
2025-07-26,0,S6,0.0,26273.222312231766,37529.64382223371,28527.142806459513,1200.0000000000002,1200.0000000000002,0,67,25
2025-07-26,6,S6,2272.5740259927416,17903.449297859024,28793.069994349706,20083.693678917025,3255.19903937419,1200.0000000000002,0,26,24
2025-07-27,0,S6,0.0,66786.7627169191,88528.1715745069,71139.10396809077,1200.0000000000018,1200.0000000000018,0,39,0
2025-07-27,6,S6,3978.9552908804703,46319.41649549401,62092.42626464748,49476.917735120514,9965.034906604536,1200.0000000000018,0,13,0
2025-07-28,0,S6,0.0,71478.16883834169,82474.92443089234,73681.75659377882,1200.0000000000032,1200.0000000000032,0,36,0
2025-07-28,6,S6,1055.7531340478397,49406.51883007418,62214.742715079024,51971.23603143586,10011.306178989333,1200.0000000000032,0,19,0
2025-07-29,0,S6,0.0,63315.72461616415,70202.88831499506,64697.14599379387,1200.0000000000032,1200.0000000000032,0,3,0
2025-07-29,6,S6,2093.2890000630523,47813.781733568125,51905.2348008018,48635.076154034316,10035.909262701083,1200.0000000000032,0,3,0
2025-07-30,0,S6,0.0,62413.28451556202,82873.25771790236,66509.2006956076,1200.0000000000032,1200.0000000000032,0,17,0
2025-07-30,6,S6,3723.7477584674944,49658.44084638698,67540.42009236281,53237.77043388262,9988.474650610147,1200.0000000000032,0,8,0
2025-07-31,0,S6,0.0,65499.94685583101,81554.10702406523,68714.80530586887,1199.9999999999986,1199.9999999999986,0,15,0
2025-07-31,6,S6,299.9897198384366,47830.12596446228,64651.637577461035,51197.34094330803,9997.833595775037,1199.9999999999986,0,4,0
2025-08-01,0,S6,0.0,26828.233892595315,31315.262758396908,27727.899235529345,1200.000000000001,1200.000000000001,0,7,5
2025-08-01,6,S6,1097.907510981558,15837.753170234733,17521.210491844937,16176.514150538733,2469.9612765786337,1200.000000000001,0,1,16
2025-08-02,0,S6,0.0,26983.846300087538,31249.751584132115,27840.650640575255,1200.0000000000011,1200.0000000000011,0,18,11
2025-08-02,6,S6,4355.0486360975665,16548.42794372079,20294.882859252142,17300.12843316227,3014.419222454603,1200.0000000000011,0,1,0
2025-08-03,0,S6,0.0,55167.2999111507,64061.264291430605,56949.67654970353,1200.0000000000007,1200.0000000000007,0,3,0
2025-08-03,6,S6,3009.693314894017,37930.3204308254,45716.85020109074,39490.02771341442,9994.705191480483,1200.0000000000007,0,1,0
2025-08-04,0,S6,0.0,58637.312828480186,67914.0799565313,60496.463317238275,1199.9999999999993,1199.9999999999993,0,22,0
2025-08-04,6,S6,459.63260941768044,38885.472403072905,41530.800847829254,39417.13383861512,9996.707428064708,1199.9999999999993,0,15,0
2025-08-05,0,S6,0.0,56788.91138140318,67056.63218219118,58846.420440295835,1200.0000000000025,1200.0000000000025,0,17,0
2025-08-05,6,S6,510.9420893917177,40224.50377337318,47570.98384369324,41696.42960578086,10019.596130189253,1200.0000000000025,0,3,0
2025-08-06,0,S6,0.0,61242.44462275669,64992.38254342585,61996.48115509573,1200.0,1200.0,0,33,0
2025-08-06,6,S6,5756.88402209955,42079.190002078765,44368.72575081348,42539.936661173844,8329.21172052664,1200.0,0,0,0
2025-08-07,0,S6,0.0,60494.20699208689,63249.84644236547,61049.46910082243,1200.0000000000016,1200.0000000000016,0,6,0
2025-08-07,6,S6,9162.182320116539,41130.773057853716,42632.3352936715,41433.732164725705,10042.40558832819,1200.0000000000016,0,2,0
2025-08-08,0,S6,0.0,29609.08293802092,31309.751235401567,29951.660263143593,1200.0000000000034,1200.0000000000034,0,37,0
2025-08-08,6,S6,443.49331856464516,17563.631720654572,19116.37385052239,17876.308858390934,3294.665663107915,1200.0000000000034,0,10,0
2025-08-09,0,S6,0.0,22645.870112630968,24396.206472080445,22998.880826881654,1200.0000000000025,1200.0000000000025,0,41,33
2025-08-09,6,S6,436.56285782307185,13653.317671440196,14715.936920202637,13868.282065396232,2924.1103359821523,1200.0000000000025,0,9,47
2025-08-10,0,S6,0.0,57023.672342491824,61376.816031134185,57898.6649603651,1200.0000000000077,1200.0000000000077,0,42,0
2025-08-10,6,S6,1926.8370210759458,39804.254905996626,41040.94827895656,40054.72830846609,8688.706391873879,1200.0000000000077,0,11,0
2025-08-11,0,S6,0.0,53688.794044290524,57899.35564928815,54534.789734547296,1199.9999999999995,1199.9999999999995,0,22,0
2025-08-11,6,S6,707.1782570635131,38308.54466444299,40992.473937869734,38847.999336874826,9999.569130315573,1199.9999999999995,0,10,0
2025-08-12,0,S6,0.0,59760.75143994677,63212.886407775455,60455.202170641445,1200.0000000000014,1200.0000000000014,0,24,0
2025-08-12,6,S6,5283.377362936534,42264.96244460367,44373.96854425938,42689.47841350691,9999.345017438009,1200.0000000000014,0,39,0
2025-08-13,0,S6,0.0,56661.71502825651,59204.18212035594,57173.98180135333,1199.9999999999982,1199.9999999999982,0,44,0
2025-08-13,6,S6,112.96232690845399,37559.574794431996,39354.31459014498,37921.012654700164,10008.94260952134,1199.9999999999982,0,5,0
2025-08-14,0,S6,0.0,58613.01839029864,60376.910081767724,58969.80726229738,1199.9999999999998,1199.9999999999998,0,99,0
2025-08-14,6,S6,1846.6214338631144,41307.56751925612,43149.76440246827,41678.91710468669,9920.169957924512,1199.9999999999998,0,37,0
2025-08-15,0,S6,0.0,30258.43217651242,32366.401732128117,30682.47485015063,1200.0000000000075,1200.0000000000075,0,82,0
2025-08-15,6,S6,1734.0594334580792,19000.501958741424,19742.473661949465,19151.011656161503,3138.092613895579,1200.0000000000075,0,27,0
2025-08-16,0,S6,0.0,24279.736104476106,27092.90080647416,24844.968043462173,1199.9999999999995,1199.9999999999995,0,61,39
2025-08-16,6,S6,3793.673068799403,15240.072478061735,16666.430525166947,15527.60642215726,2607.0118595263098,1199.9999999999995,0,24,40
2025-08-17,0,S6,0.0,58709.85062287785,63446.11471693643,59661.00938364954,1200.0,1200.0,0,66,0
2025-08-17,6,S6,3239.3761272670913,38830.07192286247,41057.53062432083,39278.257028800246,9963.75772009565,1200.0,0,15,0
2025-08-18,0,S6,0.0,57739.343991175774,61631.25099058992,58521.78529761181,1200.0000000000016,1200.0000000000016,0,102,0
2025-08-18,6,S6,279.0734140667645,39767.00610066883,40677.84972864649,39951.99871859417,9972.782136128468,1200.0000000000016,0,56,0
2025-08-19,0,S6,0.0,56593.59150949093,59598.66034222998,57198.298078043226,1200.0000000000018,1200.0000000000018,0,59,0
2025-08-19,6,S6,1095.5707133819262,37334.44099867679,39450.6516913098,37760.31469849472,8638.436849529764,1200.0000000000018,0,17,0
2025-08-20,0,S6,0.0,61182.66450820734,64579.22228678939,61866.19928291712,1200.000000000004,1200.000000000004,0,109,0
2025-08-20,6,S6,5064.532160433716,41795.48399197178,44234.9118818922,42286.26595485765,9929.547706504782,1200.000000000004,0,62,0
2025-08-21,0,S6,0.0,59372.68627081079,62621.55417961532,60026.539188538314,1199.9999999999993,1199.9999999999993,0,111,0
2025-08-21,6,S6,5666.959442708618,41055.255060497926,42393.604181476054,41325.559585813055,9931.895610104008,1199.9999999999993,0,76,0
2025-08-22,0,S6,0.0,30093.813628294374,31967.749095657608,30470.992877301145,1200.0000000000011,1200.0000000000011,0,97,0
2025-08-22,6,S6,1820.9003751782216,18204.070115179293,19459.8596309893,18457.321743645003,2922.1070193319692,1200.0000000000011,0,38,0
2025-08-23,0,S6,0.0,23544.08732924263,24878.233934866144,23813.620170181937,1200.0000000000027,1200.0000000000027,0,96,52
2025-08-23,6,S6,288.0249631416668,14573.114137777733,15857.883004746036,14832.3839432408,3520.4057637226806,1200.0000000000027,0,58,68
2025-08-24,0,S6,0.0,56783.59197034391,61864.789523406296,57803.741178170334,1199.999999999999,1199.999999999999,0,127,0
2025-08-24,6,S6,3959.6032098863807,38247.88585517309,38937.945857720064,38388.59270156906,8793.384224971649,1199.999999999999,0,53,0
2025-08-25,0,S6,0.0,69730.27692685298,73665.49996038168,70521.96720022525,1200.000000000005,1200.000000000005,0,145,0
2025-08-25,6,S6,12861.503878809555,46760.68422191841,48914.28814633765,47194.380106441036,9919.832129601078,1200.000000000005,0,80,0
2025-08-26,0,S6,0.0,57731.748733400316,61450.54528972493,58479.45332537215,1200.0000000000052,1200.0000000000052,0,161,0
2025-08-26,6,S6,689.716859497436,42321.84485095422,44362.88879942855,42732.95203401524,9557.69752823748,1200.0000000000052,0,70,0
2025-08-27,0,S6,0.0,57464.3445011861,59656.29042229348,57906.780325674954,1200.0000000000018,1200.0000000000018,0,167,0
2025-08-27,6,S6,5127.249620973123,45874.62212584341,47469.68762938348,46196.65641543623,9956.1605140115,1200.0000000000018,0,88,0
2025-08-28,0,S6,0.0,56217.74629828184,59384.02118890815,56854.89425549019,1200.0000000000011,1200.0000000000011,0,136,0
2025-08-28,6,S6,5077.71434370124,45355.20172446452,49234.3897155726,46133.99241929908,9970.596488011302,1200.0000000000011,0,95,0
2025-08-29,0,S6,0.0,25428.078067594757,27191.433572572914,25783.514762649957,1200.0000000000005,1200.0000000000005,0,196,50
2025-08-29,6,S6,1564.5106426857685,15759.063980177694,16618.68938822065,15933.192031914577,4115.52539230047,1200.0000000000005,0,73,39
2025-08-30,0,S6,0.0,24538.527767200583,26245.52788703927,24882.747808743647,1199.9999999999982,1199.9999999999982,0,173,48
2025-08-30,6,S6,1259.3299509813887,15561.463297104488,16448.954519544284,15741.275396542158,3524.088228629388,1199.9999999999982,0,93,29
2025-08-31,0,S6,0.0,56811.652905243296,59877.8642402003,57428.73842582204,1200.0000000000014,1200.0000000000014,0,184,0
2025-08-31,6,S6,1412.2276880047962,41062.47440094428,43126.32354689731,41477.96401090595,7970.029516589105,1200.0000000000014,0,87,0
2025-09-01,0,S6,0.0,61231.86356286193,65540.27080502534,62097.731584895,1200.000000000001,1200.000000000001,0,202,0
2025-09-01,6,S6,8064.32998713548,40784.04047692145,42411.721765087306,41112.345619292995,9890.569599815408,1200.000000000001,0,88,0
2025-09-02,0,S6,0.0,38881.22559085591,42514.7199484817,39611.79673589652,1199.9999999999989,1199.9999999999989,0,172,0
2025-09-02,6,S6,3512.3654699075496,27210.99693493953,31843.783903145977,28140.330161777034,9919.236230445704,1199.9999999999989,0,92,0
2025-09-03,0,S6,0.0,42884.603840037526,46090.01028779705,43529.41501512746,1200.000000000002,1200.000000000002,0,209,0
2025-09-03,6,S6,2530.973217021394,29032.34229019076,33073.61263078569,29843.14141713104,9212.913804985614,1200.000000000002,0,120,0
2025-09-04,0,S6,0.0,43331.31437006332,47171.33867890092,44103.095442421334,1200.000000000005,1200.000000000005,0,239,0
2025-09-04,6,S6,1399.3118767519145,29939.502511492872,32958.30394245048,30546.04163101048,8604.145145239792,1200.000000000005,0,128,0
2025-09-05,0,S6,0.0,24504.438850830473,27282.176047190034,25063.119733464704,1200.0000000000025,1200.0000000000025,0,244,0
2025-09-05,6,S6,1084.4602357689828,15178.11785308933,16409.21722589797,15426.638084422539,3545.7884929406823,1200.0000000000025,0,102,0
2025-09-06,0,S6,0.0,20088.364784626505,22006.274338048926,20474.560217924307,1199.9999999999986,1199.9999999999986,0,217,9
2025-09-06,6,S6,585.2876256446968,11814.168572862576,13630.465918744625,12179.671227370201,2974.057884516488,1199.9999999999986,0,112,40
2025-09-07,0,S6,0.0,29316.672633727154,32740.525859714475,30005.71166127673,1199.9999999999984,1199.9999999999984,0,218,84
2025-09-07,6,S6,2251.175884969707,20521.474784712696,23723.05021185931,21164.902436751065,9196.80670562189,1199.9999999999984,0,130,94
2025-09-08,0,S6,0.0,42923.21394552514,46173.281148347945,43577.52668233587,1200.000000000001,1200.000000000001,0,219,0
2025-09-08,6,S6,2846.382983519098,28310.73392742887,33877.221571478425,29427.041196436898,9885.028792227055,1200.000000000001,0,105,0
2025-09-09,0,S6,0.0,37299.37899746985,41206.46786767971,38084.65810484516,1199.999999999995,1199.999999999995,0,250,0
2025-09-09,6,S6,2546.0458293790584,28276.36789815103,33992.40550933671,29422.26030298862,9581.404203249815,1199.999999999995,0,129,0
2025-09-10,0,S6,0.0,46790.182728658285,55017.45424362386,48439.737799366696,1200.0000000000018,1200.0000000000018,0,264,0
2025-09-10,6,S6,5328.264939441995,31013.446908328657,36722.61893614168,32158.179751547515,9887.23674744802,1200.0000000000018,0,133,0
2025-09-11,0,S6,0.0,48377.34070967743,55703.974131382936,49846.9642816315,1200.0000000000018,1200.0000000000018,0,274,0
2025-09-11,6,S6,12189.981866636866,32649.847183630387,38223.06351949312,33767.29711809769,9135.33258215206,1200.0000000000018,0,135,0
2025-09-12,0,S6,0.0,20614.42617331651,24957.94089158637,21485.82703274538,1200.0000000000061,1200.0000000000061,0,293,0
2025-09-12,6,S6,985.5445349967347,11865.43883210718,15337.313135469816,12561.992911800136,3929.39087353593,1200.0000000000061,0,139,0
2025-09-13,0,S6,0.0,16399.26205585869,20939.586381742498,17310.610039282736,1200.0,1200.0,0,288,35
2025-09-13,6,S6,560.7531995130588,10146.333463543886,11603.10573934725,10440.143509331921,4039.046528063216,1200.0,0,137,50
2025-09-14,0,S6,0.0,37774.51608700122,47702.47642711268,39764.51287888426,1200.0000000000023,1200.0000000000023,0,299,64
2025-09-14,6,S6,6329.9736439879,24046.203826043264,30194.39172955109,25279.046095084097,9938.306145595874,1200.0000000000023,0,146,83
2025-09-15,0,S6,0.0,41783.74141534102,50516.9628675827,43534.558327504084,1200.0000000000005,1200.0000000000005,0,294,0
2025-09-15,6,S6,129.29925632877172,29237.43154282102,34042.22974671599,30201.39794741528,9445.943783190602,1200.0000000000005,0,156,0
2025-09-16,0,S6,0.0,49348.30272216261,58503.47773593865,51183.47158951647,1200.0000000000036,1200.0000000000036,0,286,0
2025-09-16,6,S6,5149.578520554825,33962.68444833688,41290.2163593166,35431.10832980472,9877.92250171811,1200.0000000000036,0,154,0
2025-09-17,0,S6,0.0,50041.778218258325,59921.43642644491,52021.87285989564,1199.9999999999993,1199.9999999999993,0,304,0
2025-09-17,6,S6,1229.923108447415,32412.130698019973,38364.403131039944,33605.45854343635,9893.69401562878,1199.9999999999993,0,158,0
2025-09-18,0,S6,0.0,47184.85579064469,53486.20958110988,48449.04016956219,1200.0000000000025,1200.0000000000025,0,306,0
2025-09-18,6,S6,6136.534080461692,37278.720095072524,43096.86103772885,38445.20177122341,9892.603164782426,1200.0000000000025,0,156,0
2025-09-19,0,S6,0.0,22946.269651695402,27543.220136178366,23868.38770494502,1200.0000000000036,1200.0000000000036,0,318,0
2025-09-19,6,S6,156.33570944231676,13764.174435092738,17246.571251780562,14462.857342892157,4029.5420917731526,1200.0000000000036,0,158,0
2025-09-20,0,S6,0.0,17263.61924852192,20420.67144873389,17898.34632444016,1200.0000000000016,1200.0000000000016,0,324,53
2025-09-20,6,S6,675.7352922398245,10645.64943819123,12832.499954721885,11085.492108187433,3994.1253292547563,1200.0000000000016,0,155,51
2025-09-21,0,S6,0.0,37436.53530196299,47064.0111315826,39366.32223049578,1200.0,1200.0,0,328,16
2025-09-21,6,S6,521.5907888420695,27210.945335589502,33463.09189152949,28463.95637711224,9918.325116155502,1200.0,0,157,19
2025-09-22,0,S6,0.0,53616.651056008945,64169.07180340241,55731.29820548772,1200.0000000000023,1200.0000000000023,0,316,0
2025-09-22,6,S6,6381.395398015132,36281.99579384163,43248.288009427364,37678.14810209329,9874.891716096921,1200.0000000000023,0,155,0
2025-09-23,0,S6,0.0,56129.72824874323,63499.11676059176,57607.700260595375,1200.0000000000034,1200.0000000000034,0,328,0
2025-09-23,6,S6,1582.4795577311272,35321.2769206696,39990.94876412437,36258.212315092984,9900.352856852083,1200.0000000000034,0,155,0
2025-09-24,0,S6,0.0,46627.36412858068,54056.253780371066,48117.03499750891,1199.9999999999986,1199.9999999999986,0,323,0
2025-09-24,6,S6,1879.7567278221272,31915.036958892368,38433.669960805455,33221.37508321389,9874.074074074075,1199.9999999999986,0,149,0
2025-09-25,0,S6,0.0,49977.56440509428,59616.120312915176,51909.19193809322,1200.0000000000073,1200.0000000000073,0,263,0
2025-09-25,6,S6,470.95959584544363,35271.85214058128,43231.02168511534,36866.405278828104,9902.223439220437,1200.0000000000073,0,131,0
2025-09-26,0,S6,0.0,23232.297935847935,27395.72513582247,24067.819042509458,1199.999999999999,1199.999999999999,0,263,0
2025-09-26,6,S6,1464.7184012449293,13494.90482386535,16735.069453517382,14145.18136292132,4620.164913086976,1199.999999999999,0,138,0
2025-09-27,0,S6,0.0,17592.944010704796,22026.943843750538,18482.682102030198,1200.0000000000002,1200.0000000000002,0,297,26
2025-09-27,6,S6,739.5273447224504,11267.539699161392,14002.653849689981,11816.933861959546,4416.244682027873,1200.0000000000002,0,136,27
2025-09-28,0,S6,0.0,49959.70786842408,56598.76634699755,51291.67801654304,1199.9999999999923,1199.9999999999923,0,228,0
2025-09-28,6,S6,2548.5536608003104,39876.24697804689,49389.33689943733,41782.04552734234,9921.562698797003,1199.9999999999923,0,143,0
2025-09-29,0,S6,0.0,52384.62610406489,63142.63477515657,54540.4024847969,1200.000000000005,1200.000000000005,0,281,0
2025-09-29,6,S6,6769.194434783396,35055.84878069355,41603.32186731275,36368.09625848103,9887.099423939606,1200.000000000005,0,121,0
2025-09-30,0,S6,0.0,51498.466202435695,63063.442745522574,53815.76979538982,1200.0000000000018,1200.0000000000018,0,242,0
2025-09-30,6,S6,595.2933113778773,37226.24681342928,44494.52126335562,38682.99906741884,9890.658759461227,1200.0000000000018,0,121,0
2025-10-01,0,S6,0.0,51069.58307819315,58270.25944718686,52513.71658337618,1200.0,1200.0,0,218,0
2025-10-01,6,S6,1818.9117091689145,33221.854047192064,40271.61719840974,34634.68432847746,9887.90605518245,1200.0,0,89,0
2025-10-02,0,S6,0.0,47409.06828287155,59788.90334445672,49889.314505724804,1200.0000000000032,1200.0000000000032,0,238,0
2025-10-02,6,S6,7366.433714427608,32387.20911132089,39030.755120249116,33718.72490014325,9885.521296296296,1200.0000000000032,0,102,0
2025-10-03,0,S6,0.0,42726.74306690192,50101.87883965982,44205.70414745607,1200.0000000000025,1200.0000000000025,0,154,0
2025-10-03,6,S6,4878.573070462496,28089.526091909873,33195.19666565954,29113.380603950212,9885.345443952645,1200.0000000000025,0,100,0
2025-10-04,0,S6,0.0,16964.77411733425,21337.73543610616,17842.49938284844,1200.0000000000002,1200.0000000000002,11,256,46
2025-10-04,6,S6,813.6424094345791,8045.701705621881,10015.014578778684,8441.935884843577,5414.972355542329,1200.0000000000002,0,102,58
2025-10-05,0,S6,0.0,50686.69851329928,61281.48945486212,52809.85675448732,1199.9999999999995,1199.9999999999995,0,136,0
2025-10-05,6,S6,9642.982385926682,31098.026793287714,36688.114507055216,32218.825046810565,9890.797514391208,1199.9999999999995,0,98,0
2025-10-06,0,S6,0.0,43242.16543915807,49978.142387031745,44593.41161804118,1200.0000000000061,1200.0000000000061,0,153,0
2025-10-06,6,S6,1920.8586472422016,29836.064768410004,35510.7093645723,30973.898345035792,9891.326352224958,1200.0000000000061,0,101,0
2025-10-07,0,S6,0.0,46657.240088625076,55980.139142703185,48525.71211652682,1199.9999999999995,1199.9999999999995,0,180,0
2025-10-07,6,S6,628.0837428322855,31554.432506815076,35020.34187456131,32250.391653973842,9887.14914765635,1199.9999999999995,0,77,0
2025-10-08,0,S6,0.0,46009.08835412022,54731.21868532153,47757.426140465905,1199.999999999998,1199.999999999998,0,177,0
2025-10-08,6,S6,2925.2228639776304,28507.786307412265,32926.92026770531,29394.345840493424,9893.931202146116,1199.999999999998,0,80,0
2025-10-09,0,S6,0.0,47951.214116762836,60694.424963892525,50504.10198950797,1200.0000000000016,1200.0000000000016,0,132,0
2025-10-09,6,S6,10784.119625861491,30211.657342272705,36040.310005888394,31380.128413966508,9884.883603336753,1200.0000000000016,0,76,0
2025-10-10,0,S6,0.0,19202.353377218682,20638.71063608443,19492.62722817834,1200.0,1200.0,11,186,0
2025-10-10,6,S6,107.837469340338,9664.956288756506,11881.323221741586,10110.51520877128,5419.087270725196,1200.0,11,90,0
2025-10-11,0,S6,0.0,14203.445504448286,17399.65992061751,14846.159692647218,1199.9999999999984,1199.9999999999984,11,104,30
2025-10-11,6,S6,154.25296229254448,7424.491342776126,9657.853842581613,7873.802110939947,5691.7743769344115,1199.9999999999984,22,111,48
2025-10-12,0,S6,0.0,44751.66076496118,54748.02895367819,46754.95140154607,1200.0000000000036,1200.0000000000036,0,94,0
2025-10-12,6,S6,895.7978952330409,30099.068587674683,36780.12597913653,31437.93666580882,9890.89569452206,1200.0000000000036,0,70,0
2025-10-13,0,S6,0.0,48212.402031016114,58907.21756490715,50355.47228436605,1200.0000000000073,1200.0000000000073,0,66,0
2025-10-13,6,S6,7021.931109398378,31212.73687273206,36934.333097508774,32359.93182777905,9880.581481481482,1200.0000000000073,0,49,0
2025-10-14,0,S6,0.0,50916.64902220581,61158.088840166994,52969.07921630751,1200.0,1200.0,0,132,0
2025-10-14,6,S6,8945.777232886761,31903.230052733725,39199.6773785381,33365.31682217691,9886.248524263523,1200.0,0,79,0
2025-10-15,0,S6,0.0,49853.76921133227,59006.92458810828,51688.62626291041,1200.0000000000007,1200.0000000000007,0,99,0
2025-10-15,6,S6,9386.599037656337,32238.902900177836,34611.99218501084,32716.355919005957,9887.18988839709,1200.0000000000007,0,81,0
2025-10-16,0,S6,0.0,46158.286842528214,58000.554369847756,48531.15192865115,1200.000000000001,1200.000000000001,0,109,0
2025-10-16,6,S6,1631.4061802173023,32205.436438192744,35276.313034707666,32822.7901111529,9913.556011843577,1200.000000000001,0,77,0
2025-10-17,0,S6,0.0,40537.77611216191,50684.34628711772,42571.25314715319,1200.000000000004,1200.000000000004,0,40,0
2025-10-17,6,S6,5232.614561353438,33168.9874734105,38139.06591300505,34166.06460990899,9894.93490584982,1200.000000000004,0,95,0
2025-10-18,0,S6,0.0,13566.695763599673,18515.630229902625,14559.63949318053,1200.0000000000011,1200.0000000000011,66,108,102
2025-10-18,6,S6,288.38638367644865,7637.807991022749,9166.386931291148,7946.041395742833,5005.922211009157,1200.0000000000011,22,81,32
2025-10-19,0,S6,0.0,50998.564387605395,58898.18388127399,52582.66015615451,1199.9999999999995,1199.9999999999995,0,87,0
2025-10-19,6,S6,1310.220843514861,33439.74852898329,38396.565597601315,34434.10847352925,9898.343384410671,1199.9999999999995,0,72,0
2025-10-20,0,S6,0.0,53646.94573196412,59683.44512963882,54858.74522873738,1199.9999999999995,1199.9999999999995,0,129,0
2025-10-20,6,S6,3664.600643287371,37802.46800588894,40214.40087854355,38288.02972003706,9892.720796669402,1199.9999999999995,0,76,0
2025-10-21,0,S6,0.0,52288.061031845726,63825.37900881157,54599.748344897256,1200.0000000000014,1200.0000000000014,0,87,0
2025-10-21,6,S6,299.95867736280337,35940.44923847783,42185.29989560975,37192.514220839825,9895.7163873313,1200.0000000000014,0,100,0
2025-10-22,0,S6,0.0,50513.73828075367,56727.43625792386,51760.664461492066,1199.9999999999995,1199.9999999999995,0,75,0
2025-10-22,6,S6,3926.812310907294,34841.93279912336,37146.58053485026,35305.746279153886,9893.59712383762,1199.9999999999995,0,66,0
2025-10-23,0,S6,0.0,58340.66089724504,63749.15453853924,59426.85445883723,1200.0000000000018,1200.0000000000018,0,99,0
2025-10-23,6,S6,16085.874368397981,36388.546864687385,39908.769799527196,37095.8326027379,10800.0,1200.0000000000018,0,102,0
2025-10-24,0,S6,0.0,49812.70728443065,56069.20087320545,51068.22484654767,1200.0000000000005,1200.0000000000005,0,110,0
2025-10-24,6,S6,5188.073171104512,36162.506285628304,39244.834199992554,36781.9570728086,9892.720796669402,1200.0000000000005,0,121,0
2025-10-25,0,S6,0.0,14525.107967147063,16516.62047435516,14926.8488393159,1200.0000000000007,1200.0000000000007,43,89,57
2025-10-25,6,S6,2155.4738689367377,7526.010232790969,8675.242392280865,7758.501630696605,6126.040642426804,1200.0000000000007,11,113,19
2025-10-26,0,S6,0.0,47578.16350085244,59108.24225215557,49888.392738663424,1200.000000000001,1200.000000000001,0,104,0
2025-10-26,6,S6,6217.483149925266,32554.94134658918,36802.19174610136,33407.42213040467,10295.300974221524,1200.000000000001,0,119,0
2025-10-27,0,S6,0.0,47507.43970204552,54978.465341769595,49005.807202035736,1200.0000000000018,1200.0000000000018,0,137,0
2025-10-27,6,S6,4019.9590400346638,35824.15454892989,42587.438422164785,37179.965955779284,9887.374344077494,1200.0000000000018,0,141,0
2025-10-28,0,S6,0.0,46122.31280361974,52767.837441792704,47455.61909713092,1200.000000000005,1200.000000000005,0,128,0
2025-10-28,6,S6,2899.093263387268,34942.50227280403,40309.82826954385,36019.021186624974,9892.208464584362,1200.000000000005,0,143,0
2025-10-29,0,S6,0.0,51037.05881420065,56756.91743574245,52185.25171602719,1200.000000000001,1200.000000000001,0,139,0
2025-10-29,6,S6,1089.8465382365443,38727.86186095631,41182.92758168271,39222.021002080226,10800.0,1200.000000000001,0,156,0
2025-10-30,0,S6,0.0,45933.42193518093,50215.85314374459,46794.10689949483,1200.0000000000073,1200.0000000000073,0,169,0
2025-10-30,6,S6,2979.0326350891087,31766.67057012841,36230.56250236092,32662.562563607975,10800.0,1200.0000000000073,0,173,0
2025-10-31,0,S6,0.0,21259.961665560913,23414.929170262785,21694.20137167399,1200.0000000000002,1200.0000000000002,38,191,0
2025-10-31,6,S6,1626.0920400030918,11207.451109411339,12117.668542515787,11391.910558194666,6543.148548879407,1200.0000000000002,29,172,0
2025-11-01,0,S6,0.0,15010.626112587863,16273.805164405509,15266.82916607575,1200.0000000000018,1200.0000000000018,44,145,36
2025-11-01,6,S6,420.6614748223643,7061.916594029044,7843.034808720832,7220.9488253332365,6206.591780503878,1200.0000000000018,55,172,57
2025-11-02,0,S6,0.0,51444.37112113355,56151.6642874662,52390.29442106674,1200.0000000000005,1200.0000000000005,0,197,0
2025-11-02,6,S6,1757.0349779444352,38729.245231643195,44113.55734635995,39809.493732155875,9890.300277061242,1200.0000000000005,0,197,0
2025-11-03,0,S6,0.0,52919.57336201956,59757.96254434505,54291.41419848474,1200.0,1200.0,0,176,0
2025-11-03,6,S6,1978.5107841432505,35810.15354226994,41624.177110811106,36976.10730035747,10800.0,1200.0,0,189,0
2025-11-04,0,S6,0.0,53368.18657789848,57957.05856281264,54290.361499449515,1199.9999999999993,1199.9999999999993,0,180,0
2025-11-04,6,S6,315.91397448195585,38042.515429651736,44172.02126011546,39271.63272728194,9888.353302461412,1199.9999999999993,0,199,0
2025-11-05,0,S6,0.0,55449.022116429056,65588.99298577548,57481.17929029831,1199.999999999995,1199.999999999995,0,211,0
2025-11-05,6,S6,6303.460913855815,40006.04637548845,43029.59059472401,40613.705904834474,10110.509564132873,1199.999999999995,0,188,0
2025-11-06,0,S6,0.0,52705.98210098315,58181.62575863436,53805.188663212306,1199.9999999999975,1199.9999999999975,0,197,0
2025-11-06,6,S6,2071.789050861552,40986.4858142835,46069.586091799625,42006.23573477769,10800.0,1199.9999999999975,0,221,0
2025-11-07,0,S6,0.0,19210.666802266398,21650.246912020208,19702.149486561135,1200.0000000000011,1200.0000000000011,33,221,0
2025-11-07,6,S6,580.9544947606373,11603.535349204056,13311.89448323955,11947.637359689717,7260.410484504615,1200.0000000000011,33,223,0
2025-11-08,0,S6,0.0,15628.472180837172,16949.908415437152,15896.647747675139,1200.0000000000014,1200.0000000000014,11,223,14
2025-11-08,6,S6,1558.3654295185956,7775.376143187977,8899.87492395204,8002.948112633901,7246.761015623646,1200.0000000000014,42,221,20
2025-11-09,0,S6,0.0,39674.66200050998,43885.150300704474,40521.28146338214,1199.9999999999995,1199.9999999999995,0,208,6
2025-11-09,6,S6,992.758951114895,28242.151041162895,31501.033693402936,28897.309246802644,10800.0,1199.9999999999995,0,193,15
2025-11-10,0,S6,0.0,54825.56593214744,58524.6983361171,55569.45234488003,1200.0000000000055,1200.0000000000055,0,241,0
2025-11-10,6,S6,2667.6727148114387,44009.05850188555,53206.97757674638,45851.68253284949,10800.0,1200.0000000000055,0,241,0
2025-11-11,0,S6,0.0,59187.78645817833,69741.01684155421,61302.91617242596,1200.0000000000023,1200.0000000000023,0,235,0
2025-11-11,6,S6,1788.974313130267,43632.89011449985,47599.01372111669,44429.40350485467,10800.0,1200.0000000000023,0,242,0
2025-11-12,0,S6,0.0,54828.06975523562,66735.19249327012,57213.561607594245,1199.9999999999923,1199.9999999999923,0,219,0
2025-11-12,6,S6,3191.6339331522186,42068.986774683995,51138.19222260416,43885.99096849345,10800.0,1199.9999999999923,0,247,0
2025-11-13,0,S6,0.0,54721.22183759926,58778.21093620483,55536.673623793824,1200.000000000002,1200.000000000002,0,212,0
2025-11-13,6,S6,1252.7520254326973,40957.0336112407,45053.72180812797,41779.234843626204,10800.0,1200.000000000002,0,214,0
2025-11-14,0,S6,0.0,20662.82445217599,24117.922769465855,21357.150420119877,1200.0000000000005,1200.0000000000005,29,248,0
2025-11-14,6,S6,423.45081215602795,10547.77514010327,12911.023796819454,11022.875028650165,6951.087256769599,1200.0000000000005,44,249,0
2025-11-15,0,S6,0.0,17559.7237169986,18715.35242244308,17794.63219107332,1200.000000000001,1200.000000000001,0,271,10
2025-11-15,6,S6,3647.6541257052427,8493.33201654755,10481.86674257627,8893.667873678076,8229.04804584796,1200.000000000001,22,251,24
2025-11-16,0,S6,0.0,58329.47500182715,66888.76031850853,60045.568534532606,1200.000000000001,1200.000000000001,0,217,0
2025-11-16,6,S6,1780.644543269806,42083.020778496306,48202.35860377565,43310.14374368427,10800.0,1200.000000000001,0,266,0
2025-11-17,0,S6,0.0,54609.99160497074,65204.579905992556,56733.02924551162,1199.9999999999995,1199.9999999999995,0,283,0
2025-11-17,6,S6,6085.6556304927,45804.923230006316,50275.59601664722,46702.20054859018,10800.0,1199.9999999999995,0,271,0
2025-11-18,0,S6,0.0,59754.88844068325,65155.26330490181,60839.0057468603,1199.9999999999934,1199.9999999999934,0,268,0
2025-11-18,6,S6,2043.0496221201788,40775.08040522913,46728.68313878171,41968.7765437909,10800.0,1199.9999999999934,0,268,0
2025-11-19,0,S6,0.0,56952.66889186007,60239.257709113175,57614.16151464669,1200.0000000000057,1200.0000000000057,0,238,0
2025-11-19,6,S6,3251.074048233557,46541.533690690514,50548.505218924336,47346.114603315,10800.0,1200.0000000000057,0,276,0
2025-11-20,0,S6,0.0,56001.59415318042,66483.11637203525,58101.96259103189,1200.000000000003,1200.000000000003,0,279,0
2025-11-20,6,S6,1010.3505427153942,42629.5168273638,50021.10521328156,44110.787049779625,10800.0,1200.000000000003,0,258,0
2025-11-21,0,S6,0.0,40951.66778843505,46461.505106725905,42058.097744319,1199.999999999999,1199.999999999999,0,285,6
2025-11-21,6,S6,2244.970258397076,34452.832704884,40688.10710797618,35703.38957946199,10800.0,1199.999999999999,0,285,0
2025-11-22,0,S6,0.0,18336.87185741175,19921.74345985111,18657.807398741195,1200.000000000009,1200.000000000009,9,296,12
2025-11-22,6,S6,4527.275430606975,9180.49614442175,11298.473276524232,9606.856677870412,8693.630516137711,1200.000000000009,20,297,7
2025-11-23,0,S6,0.0,56071.174789040655,65416.375937942794,57944.25556793742,1200.0000000000023,1200.0000000000023,0,290,0
2025-11-23,6,S6,2675.5232065262,46306.65540453159,53112.33663904462,47670.8245456858,10800.0,1200.0000000000023,0,299,0
2025-11-24,0,S6,0.0,58179.758392286,67646.55910306136,60077.1350675997,1199.9999999999982,1199.9999999999982,0,289,0
2025-11-24,6,S6,1071.5008809762944,43901.76762167012,52112.58501504168,45546.85998908322,10800.0,1199.9999999999982,0,300,0
2025-11-25,0,S6,0.0,66784.71931058046,78365.25427619366,69105.01947036973,1199.999999999999,1199.999999999999,0,301,0
2025-11-25,6,S6,4377.302756157398,47907.18573936701,53668.99811292684,49062.680737962895,10800.0,1199.999999999999,0,290,0
2025-11-26,0,S6,0.0,61171.18707365882,65036.6784104916,61948.47850769212,1199.9999999999984,1199.9999999999984,0,281,0
2025-11-26,6,S6,1782.2257032024463,47757.579889757224,56153.42305571033,49439.867191090954,10800.0,1199.9999999999984,0,300,0
2025-11-27,0,S6,0.0,60425.498294548706,67546.31054764795,61853.853911835315,1200.000000000001,1200.000000000001,0,292,0
2025-11-27,6,S6,294.91769089426805,45955.38579702012,52298.73448395,47227.26889299048,10800.0,1200.000000000001,0,282,0
2025-11-28,0,S6,0.0,23133.345186816336,26398.713758442427,23789.928339618058,1199.999999999999,1199.999999999999,20,301,0
2025-11-28,6,S6,1.5205614545266144e-12,11652.387265330219,13531.880036819506,12030.590896085947,10097.022353609069,1199.999999999999,20,298,0
2025-11-29,0,S6,0.0,20276.259039158336,25719.275691652176,21368.716832226066,1200.0000000000032,1200.0000000000032,10,301,9
2025-11-29,6,S6,5832.531862326659,10455.893631783902,12521.035537493675,10871.44498077847,10250.896172790031,1200.0000000000032,0,288,7
2025-11-30,0,S6,0.0,46242.4985596488,51817.43409602187,47362.16150025665,1199.9999999999932,1199.9999999999932,0,297,0
2025-11-30,6,S6,1754.1306603202636,37606.388473355844,40512.49612493407,38191.240088300336,10800.0,1199.9999999999932,0,301,0
2025-12-01,0,S6,0.0,65307.17487945936,72447.03264420504,66739.28295127979,1200.0000000000023,1200.0000000000023,0,306,0
2025-12-01,6,S6,2531.60829508381,49484.08805277644,56667.12112012661,50923.80875691409,10800.0,1200.0000000000023,0,304,0
2025-12-02,0,S6,0.0,78442.71091978266,92173.41967188467,81193.78443299702,1200.0000000000005,1200.0000000000005,0,297,0
2025-12-02,6,S6,1758.719520228218,59639.253963882154,72194.26594119209,62154.125658018296,10800.0,1200.0000000000005,0,300,0
2025-12-03,0,S6,0.0,71610.1013956661,86597.68620764051,74612.0737430336,1200.0000000000016,1200.0000000000016,0,309,0
2025-12-03,6,S6,3763.152765333941,59161.576092838695,64585.54263507995,60249.854214842,10800.0,1200.0000000000016,0,301,0
2025-12-04,0,S6,0.0,79131.94381616298,92968.35946691487,81904.07465472573,1200.0000000000032,1200.0000000000032,0,307,0
2025-12-04,6,S6,3204.9103610906195,60459.289235542456,73941.66595327793,63159.31540176469,10800.0,1200.0000000000032,0,306,0
2025-12-05,0,S6,0.0,30716.925306665933,38649.40630707424,32307.23615164309,1200.000000000001,1200.000000000001,16,307,0
2025-12-05,6,S6,212.77866533824283,18077.76950030598,23545.36475212642,19174.071281232107,10191.996243859292,1200.000000000001,24,295,0
2025-12-06,0,S6,0.0,27200.636610549747,33350.73219570849,28434.750959945075,1200.0,1200.0,12,315,0
2025-12-06,6,S6,1705.9331145419137,14357.13830634271,20364.009410136234,15561.494282264815,10800.0,1200.0,0,302,0
2025-12-07,0,S6,0.0,60698.796814262794,70646.90869167502,62693.575375979635,1199.9999999999995,1199.9999999999995,0,306,0
2025-12-07,6,S6,7007.616556490028,45671.45465099837,48137.57037207394,46168.56505853742,10800.0,1199.9999999999995,0,304,0
2025-12-08,0,S6,0.0,84396.34054821197,101631.13548334934,87848.01896002429,1200.000000000006,1200.000000000006,0,307,0
2025-12-08,6,S6,813.3342133462152,62042.462596267855,75321.84654630485,64701.95697477416,10800.0,1200.000000000006,0,309,0
2025-12-09,0,S6,0.0,80297.2438553261,92409.89742940429,82724.22199017316,1199.9999999999975,1199.9999999999975,0,307,0
2025-12-09,6,S6,2404.802168458644,59313.363025458246,72012.22325309082,61856.563746960834,10800.0,1199.9999999999975,0,308,0
2025-12-10,0,S6,0.0,75064.8645613506,86084.14381610382,77273.28831440741,1200.0000000000048,1200.0000000000048,0,312,0
2025-12-10,6,S6,1980.2273649915023,60450.21178442044,76718.99127670891,63707.55192431892,10800.0,1200.0000000000048,0,309,0
2025-12-11,0,S6,0.0,81099.86388718688,91995.21925989928,83283.57076436125,1200.000000000002,1200.000000000002,0,322,0
2025-12-11,6,S6,2326.5329619209033,57607.37976672012,72961.18037963721,60681.579472028905,10800.0,1200.000000000002,0,325,0
2025-12-12,0,S6,0.0,34352.5513640743,43694.75319943504,36224.88417246185,1200.0000000000007,1200.0000000000007,0,313,0
2025-12-12,6,S6,628.8984218242331,22348.846820827363,26920.824527551154,23265.952075290566,10150.678184513528,1200.0000000000007,5,300,0
2025-12-13,0,S6,0.0,29140.94448177862,34644.452005441555,30245.813577574503,1200.0000000000048,1200.0000000000048,7,295,0
2025-12-13,6,S6,2134.481193637451,17407.577723391147,22558.34826412042,18440.68127347284,10453.417579101488,1200.0000000000048,14,315,0
2025-12-14,0,S6,0.0,72067.37995345634,88335.77930961126,75325.5848246872,1199.999999999996,1199.999999999996,0,273,0
2025-12-14,6,S6,2054.688359438283,60021.240492003366,71836.39818025779,62387.665411001384,10050.0,1199.999999999996,0,309,0
2025-12-15,0,S6,0.0,72851.44705351425,82891.15717868425,74863.9005824395,1200.0000000000025,1200.0000000000025,0,296,0
2025-12-15,6,S6,2413.7547980265986,60269.30332502746,76000.53186545124,63419.03863807668,10800.0,1200.0000000000025,0,239,0
2025-12-16,0,S6,0.0,76979.03244594751,92596.06111732537,80106.97412912801,1200.0,1200.0,0,298,0
2025-12-16,6,S6,513.613578952295,59007.17007894374,71168.29765253728,61442.86822434201,10800.0,1200.0,0,258,0
2025-12-17,0,S6,0.0,77365.74289713553,90562.27459149741,80009.46647033066,1200.0000000000014,1200.0000000000014,0,249,0
2025-12-17,6,S6,4995.428371316369,58303.31931613411,67757.72103919859,60197.46092217616,10800.0,1200.0000000000014,0,250,0
2025-12-18,0,S6,0.0,75267.92324763302,87995.9195416766,77817.90985462087,1199.9999999999961,1199.9999999999961,0,254,0
2025-12-18,6,S6,349.5675047575573,56649.575171193224,65699.09966204563,58462.782264135116,10800.0,1199.9999999999961,0,170,0
2025-12-19,0,S6,0.0,34205.768164425484,37054.16665381001,34779.41589159096,1200.0000000000043,1200.0000000000043,10,197,0
2025-12-19,6,S6,905.9153638045591,21806.4129327765,27815.039540133603,23010.964370705053,10029.588699742306,1200.0000000000043,0,205,0
2025-12-20,0,S6,0.0,27212.697045783967,32502.16925736315,28274.74688085129,1200.0000000000032,1200.0000000000032,6,221,0
2025-12-20,6,S6,886.2261252931235,14377.014138766153,18580.271761608758,15220.444529016317,10090.60224977168,1200.0000000000032,6,206,0
2025-12-21,0,S6,0.0,60310.60566807634,73583.05276826001,62970.188943036475,1200.0000000000146,1200.0000000000146,0,216,0
2025-12-21,6,S6,2808.913341149614,43855.94998878039,53665.634715140855,45821.68849765724,10800.0,1200.0000000000146,0,220,0
2025-12-22,0,S6,0.0,73952.52894656596,89668.37782392447,77100.09890598414,1200.0000000000023,1200.0000000000023,0,242,0
2025-12-22,6,S6,43.598370673405384,57218.46019575656,72968.17858686701,60371.70982431633,10800.0,1200.0000000000023,0,215,0
2025-12-23,0,S6,0.0,75287.78617039807,81734.43599673582,76581.61096899887,1199.999999999998,1199.999999999998,0,178,0
2025-12-23,6,S6,3112.6647475059563,57595.10800885083,71718.13230418885,60423.094483727524,10800.0,1199.999999999998,0,181,0
2025-12-24,0,S6,0.0,78189.74097334701,92170.60681015033,80990.43058405879,1200.0000000000043,1200.0000000000043,0,150,0
2025-12-24,6,S6,44.44084201427441,59889.94994587582,75845.38355989962,63084.446122563706,10800.0,1200.0000000000043,0,201,0
2025-12-25,0,S6,0.0,70393.28911285177,79791.7001447988,72277.33092636507,1200.0000000000039,1200.0000000000039,0,194,0
2025-12-25,6,S6,858.8366667836385,57119.16153991807,68213.35931877219,59341.18995361711,10800.0,1200.0000000000039,0,234,0
2025-12-26,0,S6,0.0,32726.9430630666,39956.61185141438,34176.7946853318,1200.0000000000066,1200.0000000000066,0,195,0
2025-12-26,6,S6,9.170416542949056,19550.688709128823,26815.48383608474,21006.39044868205,10087.194006587186,1200.0000000000066,0,128,0
2025-12-27,0,S6,0.0,19656.13068809274,25946.45093770096,20918.095189106112,1200.0000000000043,1200.0000000000043,0,136,0
2025-12-27,6,S6,360.7287346243968,10090.80555712,13274.138473307563,10730.336788885408,10203.50358450851,1200.0000000000043,0,178,0
2025-12-28,0,S6,0.0,81007.46531700644,95432.15492785018,83897.04890584185,1200.0000000000039,1200.0000000000039,0,113,0
2025-12-28,6,S6,1462.9484947353862,60993.99372236194,74793.49476591113,63757.38288321168,10800.0,1200.0000000000039,0,122,0
2025-12-29,0,S6,0.0,79771.89978650512,95303.01107908372,82882.62097026146,1200.0,1200.0,0,170,0
2025-12-29,6,S6,1155.7040189626662,63539.581081014854,79209.99907209916,66677.12133453762,10800.0,1200.0,0,150,0
2025-12-30,0,S6,0.0,72360.09492808231,90259.00109550408,75944.37099490031,1199.9999999999975,1199.9999999999975,0,126,0
2025-12-30,6,S6,1963.25039475132,60554.33081603715,72223.1429684442,62891.52978822537,10800.0,1199.9999999999975,0,82,0
2025-12-31,0,S6,0.0,79058.65228756065,93274.25044383486,81906.76656655113,1199.9999999999984,6000.0,0,124,0
2025-12-31,6,S6,1252.8640995298888,61229.31221065037,71526.79069113235,63292.75923840131,10800.0,6000.0,0,76,0
