date,i,n_pool,max_block_day,trunc_load,trunc_pv,trunc_price,mean_abs_dev_load,mean_abs_dev_pv,mean_abs_dev_price,cold_start
2025-01-01,0,0,-1,0,0,0,0.0,0.0,0.0,1
2025-01-02,1,0,-1,0,0,0,0.0,0.0,0.0,1
2025-01-03,2,1,1,0,0,0,23.174773842592558,10.191742013888891,0.03823402777777777,0
2025-01-04,3,2,2,0,0,0,179.76928291988412,11.309176440972227,0.10651131944444443,0
2025-01-05,4,3,3,104,70,0,182.4954548975665,11.64601141975309,0.08770708814414191,0
2025-01-06,5,4,4,0,12,0,69.99187795520177,7.905669227132383,0.029293402579620723,0
2025-01-07,6,5,5,0,4,0,151.92059602783405,10.099425642286743,0.07435434755887958,0
2025-01-08,7,6,6,0,659,0,76.65279792985363,3.977120741568185,0.038752448702020215,0
2025-01-09,8,7,7,0,264,0,56.964998820496504,5.86150971854475,0.025585256017117544,0
2025-01-10,9,8,8,0,672,0,36.427284872810475,3.7456516786626475,0.024262790869814588,0
2025-01-11,10,9,9,44,431,0,15.91783971209211,3.5101026547355145,0.013267230367553028,0
2025-01-12,11,10,10,0,389,0,34.964161113221095,3.6593137211180786,0.018161816773540528,0
2025-01-13,12,11,11,0,555,0,36.47331584593045,4.614138472841816,0.017105921705457147,0
2025-01-14,13,12,12,0,366,0,87.4641236399579,4.832788938483221,0.03753454158269787,0
2025-01-15,14,13,13,0,0,0,57.222599507906025,4.409833067463034,0.01615800195061653,0
2025-01-16,15,14,14,0,490,0,25.097755982754144,3.572582663094358,0.011768086944860433,0
2025-01-17,16,15,15,30,430,0,33.64806731968019,5.957653775603599,0.012876392363748145,0
2025-01-18,17,16,16,66,466,0,86.84101931199623,4.495098361398989,0.05545431666261821,0
2025-01-19,18,17,17,0,380,0,23.970187494004442,4.753704407680214,0.02070652346807775,0
2025-01-20,19,18,18,0,746,0,46.85479503573363,3.2378758686040996,0.025955122063605045,0
2025-01-21,20,19,19,0,81,0,57.29324298356419,5.23692118626286,0.0418657073250148,0
2025-01-22,21,20,20,0,0,0,13.909074976511745,5.233775182778761,0.010587670918012815,0
2025-01-23,22,21,21,0,666,0,34.26875612593362,3.8109675544150026,0.01918186558887479,0
2025-01-24,23,22,22,6,941,0,8.737411524115839,3.9267841217507615,0.011631865098294383,0
2025-01-25,24,23,22,18,405,0,14.025694376234485,4.425095392001383,0.009248647180430947,0
2025-01-26,25,24,23,0,689,0,15.290093432978788,4.485323458888055,0.03325868688756153,0
2025-01-27,26,25,25,0,0,0,47.171628197283795,4.979626006634388,0.02972860742290737,0
2025-01-28,27,26,26,0,486,0,15.923131839635914,4.145482755198863,0.009697821656394852,0
2025-01-29,28,27,24,0,162,0,6.566739598259716,5.429231801985309,0.008887544964373387,0
2025-01-30,29,28,28,0,0,0,24.55064792627847,4.8767411297428325,0.020863905854081863,0
2025-01-31,30,29,28,0,79,0,45.92856022588551,5.226503436932668,0.031052587681232504,0
2025-02-01,31,30,30,18,1056,0,25.777116526687962,3.9136934302494697,0.022499708338031235,0
2025-02-02,32,30,31,0,483,0,7.360577732057667,6.8780335722758785,0.02010225911685799,0
2025-02-03,33,30,31,0,0,0,19.71538211385373,4.040265054553593,0.024240159282005912,0
2025-02-04,34,30,33,0,559,0,8.587716725716271,5.026019389203279,0.01879693833455734,0
2025-02-05,35,30,34,0,1537,0,5.456580184790751,3.7600687313796186,0.017185783478330736,0
2025-02-06,36,30,35,0,1472,0,9.193311794196964,3.5802025003713993,0.020438832452766134,0
2025-02-07,37,30,35,0,1206,0,5.105724203792137,4.735911819254176,0.013087588825115763,0
2025-02-08,38,30,37,25,845,0,29.704848350895443,9.062208324442881,0.03877437303267409,0
2025-02-09,39,30,38,0,554,0,38.273693844096464,4.4428915003993055,0.04459401349767193,0
2025-02-10,40,30,39,0,943,0,53.05548160405345,6.370397230210339,0.03508129418754113,0
2025-02-11,41,30,40,0,553,0,4.793091918715071,7.426836706495136,0.012473875997411572,0
2025-02-12,42,30,41,0,631,0,5.421902670905596,9.502602943971661,0.02139170211486546,0
2025-02-13,43,30,42,0,1490,0,5.3528798493368175,4.779723458438749,0.011357606451665638,0
2025-02-14,44,30,43,0,1066,0,4.845140131778916,8.307219839879776,0.01750180437385009,0
2025-02-15,45,30,43,0,550,16,5.038427259556228,9.024661880169145,0.038219913993683796,0
2025-02-16,46,30,44,0,1824,0,11.06644962774871,4.077772818120955,0.02153785623648123,0
2025-02-17,47,30,46,0,1375,0,10.471893794282197,4.621966010141307,0.02234004282927282,0
2025-02-18,48,30,47,0,1413,0,4.240030362932648,5.627111928963893,0.02510545908558395,0
2025-02-19,49,30,46,0,1806,0,4.343438141861612,4.591208747604317,0.010824735375696086,0
2025-02-20,50,30,49,0,347,0,10.321550770993163,4.282418564343786,0.02616910727358912,0
2025-02-21,51,30,50,21,1861,0,31.198823102887395,4.873150896346259,0.033429980592948376,0
2025-02-22,52,30,51,8,630,0,15.469124589424167,4.334492540769944,0.05856904067045053,0
2025-02-23,53,30,52,0,1691,0,4.96633947094809,5.56052123096315,0.020806346330592942,0
2025-02-24,54,30,52,0,0,0,3.899567686992987,5.320644864713238,0.02769778598535249,0
2025-02-25,55,30,54,0,1927,0,3.3185373180768667,4.676969845947158,0.03225161392667005,0
2025-02-26,56,30,53,0,1637,0,12.568986940675924,4.319217966492098,0.023094225952716835,0
2025-02-27,57,30,55,0,379,0,11.593979003712773,4.954094795744941,0.05709420701495423,0
2025-02-28,58,30,56,0,379,0,4.284052694290224,4.90063282871699,0.0249738563251284,0
2025-03-01,59,30,58,8,1844,2,12.356216704887006,3.6992635706639447,0.037236886075231596,0
2025-03-02,60,30,59,0,1732,0,26.219565894701375,5.509246308477703,0.025757052469909267,0
2025-03-03,61,30,60,0,1769,0,3.5630670786973986,4.307804407539925,0.012751430123841256,0
2025-03-04,62,30,61,0,1955,0,5.718643466500718,4.898873732695083,0.012403095767003087,0
2025-03-05,63,30,62,0,976,0,4.504860814846976,5.4990884091930265,0.008256511938424875,0
2025-03-06,64,30,62,0,631,0,5.226981547658596,9.720826806380273,0.01426272368904943,0
2025-03-07,65,30,64,0,1643,0,4.355537398219026,6.985757138010931,0.01746011893584053,0
2025-03-08,66,30,65,0,1431,5,4.192168853984392,11.511989924142272,0.01616124264230842,0
2025-03-09,67,30,65,0,1765,0,4.673198846051579,6.362162768870048,0.019256527948136766,0
2025-03-10,68,30,67,0,610,0,3.9165595937652253,4.527473959352786,0.014690394822806195,0
2025-03-11,69,30,68,0,369,0,5.129473140058715,4.582941762120846,0.014746555770113282,0
2025-03-12,70,30,69,0,508,0,6.212742744696444,5.218963387954643,0.05517664311900873,0
2025-03-13,71,30,69,0,870,0,4.106801680126809,6.9664802572644,0.015209933265022763,0
2025-03-14,72,30,71,0,806,0,4.33924527772387,4.958644913307688,0.012491189532058317,0
2025-03-15,73,30,72,0,950,4,3.838610244136831,7.099013230332314,0.009753008342276116,0
2025-03-16,74,30,72,0,1383,0,3.9352658291976996,4.143701123798335,0.021315302432769242,0
2025-03-17,75,30,74,0,1202,0,3.6773612525186814,4.580922957870195,0.023375262068588674,0
2025-03-18,76,30,75,0,0,0,5.372999225912251,9.640420394490464,0.020393070000895953,0
2025-03-19,77,30,75,0,219,0,4.0842853410955975,9.899306933012683,0.03769032917607795,0
2025-03-20,78,30,77,0,1204,0,3.519497290020192,8.320939454484053,0.027649892756052966,0
2025-03-21,79,30,77,0,1020,0,5.024536278455113,10.225973938603152,0.032483863580262146,0
2025-03-22,80,30,76,0,943,4,3.8509786352594286,4.237955746829294,0.014104910921854282,0
2025-03-23,81,30,79,0,1354,55,3.863204568905375,5.720643164837046,0.04720965735413188,0
2025-03-24,82,30,81,0,319,0,5.27526666907465,6.020959272299422,0.017426356280707565,0
2025-03-25,83,30,82,0,0,0,4.776551817747759,10.681233484160105,0.03732603023943596,0
2025-03-26,84,30,83,0,1485,0,3.162510681259606,4.917582125560603,0.013075082807506352,0
2025-03-27,85,30,83,0,1329,0,3.5736797725832994,4.813717075366284,0.012984641465677018,0
2025-03-28,86,30,85,0,528,0,4.5438227612966955,8.518718238593308,0.03491763966728348,0
2025-03-29,87,30,86,0,1380,58,3.5383566348363313,6.655143320972295,0.03582335182114562,0
2025-03-30,88,30,85,0,866,68,3.624816208803568,7.495482471857266,0.028118998705333964,0
2025-03-31,89,30,84,0,0,0,4.3033670033509095,7.478239266431056,0.008932673090143374,0
2025-04-01,90,30,88,0,69,0,4.132234609645168,5.757465405464124,0.016836843253983578,0
2025-04-02,91,30,90,0,1122,0,3.538851464293787,3.9716919560747854,0.043104225923127126,0
2025-04-03,92,30,91,0,1241,0,4.143417752408918,9.95900029016706,0.010477751681256012,0
2025-04-04,93,30,86,0,897,0,4.655106524202018,6.628243752166609,0.03869296107913853,0
2025-04-05,94,30,88,0,1064,27,5.143145922468986,8.890235480202275,0.0126253736296588,0
2025-04-06,95,30,90,0,902,0,4.402273484787718,8.558027312076142,0.015267496628915503,0
2025-04-07,96,30,95,0,481,0,3.9258435890707974,8.116224485060137,0.014697014272214093,0
2025-04-08,97,30,96,0,543,0,3.539397930440799,7.402826943260575,0.032205430974168614,0
2025-04-09,98,30,97,0,619,0,4.015396694924649,10.415881087712933,0.012132477404786264,0
2025-04-10,99,30,96,0,724,0,3.321223722769189,4.68289855111664,0.014886131054577374,0
2025-04-11,100,30,99,0,1190,0,3.592203091361311,5.157013289555546,0.03300519336777975,0
2025-04-12,101,30,100,0,1896,62,4.026781942532918,5.117305580814903,0.03154153357128989,0
2025-04-13,102,30,101,0,1407,0,3.247069326722409,6.433816448725054,0.02124058808222289,0
2025-04-14,103,30,102,0,469,0,4.276795382709848,5.179185470175102,0.023066078623929714,0
2025-04-15,104,30,103,0,1005,0,4.656686866674057,6.474968442317167,0.014170613305280886,0
2025-04-16,105,30,104,0,1341,0,4.470768396507846,5.933397709508861,0.023933106317776065,0
2025-04-17,106,30,104,0,1810,0,3.6423194367784837,4.654342517619011,0.016663142522005434,0
2025-04-18,107,30,106,0,1345,0,4.464464693386786,6.022139333372179,0.009295240029806461,0
2025-04-19,108,30,106,0,1710,40,4.051561506267802,4.93179137673819,0.013444831369325262,0
2025-04-20,109,30,107,0,1306,0,3.422255451300564,7.088785707375672,0.008473914011635303,0
2025-04-21,110,30,106,0,520,0,3.904093628481384,6.076088991184105,0.02782993714392226,0
2025-04-22,111,30,107,0,536,0,3.969399089272559,9.20782025680773,0.013444103518953109,0
2025-04-23,112,30,111,0,803,0,3.951825158231209,5.380792959950865,0.036712790573722856,0
2025-04-24,113,30,112,0,1243,0,3.5606937739649447,3.0567145035666705,0.03335727264165266,0
2025-04-25,114,30,111,0,1249,0,3.342431538392684,5.005517039277712,0.031450291583610644,0
2025-04-26,115,30,114,0,1006,53,4.471618684554158,7.141886648317235,0.03546951717997082,0
2025-04-27,116,30,115,0,689,0,3.465590600214413,7.1696549702352605,0.06000828876978511,0
2025-04-28,117,30,116,0,0,0,3.9122820513893797,6.596531842616295,0.03345819376980472,0
2025-04-29,118,30,117,0,515,0,3.0641631621366696,4.880038875098748,0.04073881215755394,0
2025-04-30,119,30,118,0,910,0,4.580216095080464,10.694774379174085,0.02030527299255632,0
2025-05-01,120,30,118,0,1445,0,3.2188712218484703,6.424816188211764,0.028674610606339974,0
2025-05-02,121,30,118,0,1254,38,3.5338247447401407,4.727877492293477,0.02641243144252955,0
2025-05-03,122,30,121,0,1687,38,4.140816140897844,10.953937021724919,0.0296332453686762,0
2025-05-04,123,30,121,0,1766,0,3.905393494508632,5.875624569934688,0.049088774944804764,0
2025-05-05,124,30,123,0,1002,0,5.243786001814073,7.966994329267793,0.029344597035354122,0
2025-05-06,125,30,124,0,1350,0,4.2920870611009985,4.980966321831974,0.02704514061719363,0
2025-05-07,126,30,124,0,1227,0,5.541637072412728,6.004075760309878,0.026700349839683654,0
2025-05-08,127,30,126,0,1194,0,5.12184067590021,4.545662778279434,0.03582808038531857,0
2025-05-09,128,30,126,0,1228,33,5.442721272442205,4.014415592155858,0.02707457796186763,0
2025-05-10,129,30,127,0,1444,38,5.012233695330455,7.706415024886998,0.01875857186211222,0
2025-05-11,130,30,128,0,1219,0,3.538406529547041,4.882572216904964,0.028696351709069454,0
2025-05-12,131,30,130,0,1730,0,4.351703146466149,7.865769721453901,0.01845731383836753,0
2025-05-13,132,30,131,0,908,0,4.821648256548555,3.7866388570204674,0.012352392329827877,0
2025-05-14,133,30,131,0,825,0,5.342918702771451,7.31905954846179,0.014040251905639437,0
2025-05-15,134,30,133,0,1307,0,4.427575197428226,4.356132026226965,0.0233269016080402,0
2025-05-16,135,30,134,0,1346,43,4.316915057578844,5.303993848232279,0.029800104082972234,0
2025-05-17,136,30,135,0,1319,20,3.97731947853819,5.051924296444728,0.011392664149542236,0
2025-05-18,137,30,136,0,1753,0,4.3157570679902975,12.61629386766308,0.016198294242672027,0
2025-05-19,138,30,136,0,337,0,4.730655314921615,4.266243304978811,0.013345847872907511,0
2025-05-20,139,30,136,0,587,0,4.050987081527774,5.524138815778194,0.012224432969321509,0
2025-05-21,140,30,137,0,736,0,5.46136229429643,8.088588695704951,0.016109807293128203,0
2025-05-22,141,30,140,0,1070,0,4.773892616523702,5.816762991047284,0.012538704306308506,0
2025-05-23,142,30,140,0,1592,0,7.87763234975486,13.314527563994375,0.014250455259461281,0
2025-05-24,143,30,141,0,1643,11,4.342552162240574,4.21573688877516,0.011089667790842223,0
2025-05-25,144,30,143,0,1464,0,5.227538161623736,5.496164673006014,0.012856379555302975,0
2025-05-26,145,30,144,0,346,0,3.8018199912496535,6.926189212949968,0.010002021004370596,0
2025-05-27,146,30,145,0,940,0,5.3955725807323605,9.877173057281242,0.011167771208061969,0
2025-05-28,147,30,146,0,756,0,4.061137748907511,6.032891925136969,0.012704834820406083,0
2025-05-29,148,30,147,0,1181,0,4.335837428431295,6.9628695901964806,0.01071283648413006,0
2025-05-30,149,30,148,0,1489,9,4.523637503982395,7.986322307274037,0.010991886502459235,0
2025-05-31,150,30,147,0,1371,0,4.349755815921971,5.696138694627351,0.011456349771283753,0
2025-06-01,151,30,149,0,1217,0,5.203037951839101,12.371945336892914,0.016224642945041515,0
2025-06-02,152,30,151,0,999,0,4.1368087537852425,3.6237447209383555,0.009421996482641646,0
2025-06-03,153,30,152,0,1311,0,4.328381122617934,7.916304968436318,0.011168180379862587,0
2025-06-04,154,30,153,0,1159,0,4.131861922125452,6.853586204655875,0.009320736519593573,0
2025-06-05,155,30,154,0,1243,0,4.953514862188744,6.250022652163397,0.009901771162565388,0
2025-06-06,156,30,154,0,848,0,4.829893375761892,6.079706487494422,0.01117195619196316,0
2025-06-07,157,30,155,0,1158,0,5.8838546275142125,5.281036905960267,0.011780656040545243,0
2025-06-08,158,30,156,0,977,0,8.504024043840367,12.243977739281961,0.012816630330877625,0
2025-06-09,159,30,158,0,759,0,4.55159768797811,7.793481893908787,0.007993442388776965,0
2025-06-10,160,30,159,0,633,0,7.436500463363334,6.110044103173171,0.010727146033043821,0
2025-06-11,161,30,160,0,824,0,4.830946864987814,9.314081211482115,0.009856145074979273,0
2025-06-12,162,30,161,0,816,0,4.367190125374922,5.602535571983542,0.007992023529802618,0
2025-06-13,163,30,161,0,265,0,6.695622973055395,7.17186332281572,0.018305606441136393,0
2025-06-14,164,30,163,0,824,0,4.923789141521925,5.206097552543101,0.009940558784408995,0
2025-06-15,165,30,164,0,725,0,7.495708994756638,9.824508617080504,0.01092014981239526,0
2025-06-16,166,30,165,0,885,0,4.917219562961285,10.26637567155724,0.018349441240627422,0
2025-06-17,167,30,166,0,534,0,5.511302947064917,6.6320485181229545,0.011269020720702773,0
2025-06-18,168,30,166,0,480,0,6.712287358615153,7.427576065019045,0.014596975985789858,0
2025-06-19,169,30,168,0,420,0,4.861140608776183,6.534664452710576,0.00999433139659022,0
2025-06-20,170,30,168,0,204,0,5.507243853662724,8.491836720620231,0.012098839146822618,0
2025-06-21,171,30,169,0,0,3,4.590789599518914,5.515454837002841,0.011290920671620049,0
2025-06-22,172,30,171,0,0,0,6.449091021936171,8.885056586527607,0.017013509710568094,0
2025-06-23,173,30,172,0,670,0,6.21846737184566,8.82254296334494,0.010031193922107048,0
2025-06-24,174,30,173,0,237,0,5.752912361049502,11.464429809820802,0.008727747385011352,0
2025-06-25,175,30,174,0,658,0,4.925005544657839,8.872510806930778,0.013169997745236799,0
2025-06-26,176,30,173,0,483,0,5.8801281810183665,10.429449841634167,0.012189259208716935,0
2025-06-27,177,30,176,0,363,0,7.052177863230622,8.858460018126161,0.028884223351862432,0
2025-06-28,178,30,176,0,273,0,5.504052997567347,5.134905651394989,0.011255308970589989,0
2025-06-29,179,30,178,0,86,0,5.4236588876021194,8.50020923368843,0.010995057290575322,0
2025-06-30,180,30,179,0,423,0,4.819799120406992,7.320045738498266,0.012758006519171567,0
2025-07-01,181,30,179,0,119,0,5.485203964936041,7.509792666556016,0.012786044804506503,0
2025-07-02,182,30,180,0,362,0,5.013178188418098,6.9908486319659815,0.03756528171674652,0
2025-07-03,183,30,182,0,58,0,5.171626597804828,8.472776829245724,0.05146466160312059,0
2025-07-04,184,30,182,0,305,0,5.445185124688796,4.258332465592428,0.010355898302095986,0
2025-07-05,185,30,184,0,270,50,8.10220085606386,9.84310148640084,0.02997425137921155,0
2025-07-06,186,30,185,0,395,86,10.723902247935191,12.350609689592783,0.05690710880770486,0
2025-07-07,187,30,185,0,656,0,5.475938417945271,6.177436548964394,0.033114278713154505,0
2025-07-08,188,30,187,0,58,0,6.690579091731973,8.839394345270641,0.00692619146976101,0
2025-07-09,189,30,188,0,541,1,6.056191695208141,6.558310193759198,0.020852614113481487,0
2025-07-10,190,30,189,0,300,0,5.612765162560826,5.73643544560688,0.01014362759610321,0
2025-07-11,191,30,190,0,304,1,6.998980139218052,7.343523487293266,0.013297028334923348,0
2025-07-12,192,30,190,0,484,15,5.051969190234887,4.354490758541108,0.01804087941571931,0
2025-07-13,193,30,190,0,392,0,7.910529661501834,7.725686033715353,0.013707147711382012,0
2025-07-14,194,30,193,0,777,2,6.101466311805591,7.877471776341634,0.03787751460544728,0
2025-07-15,195,30,194,0,640,0,5.693110427097453,4.985569690528049,0.016506890682376943,0
2025-07-16,196,30,195,0,449,0,8.133487329416646,8.427822767939375,0.013086287066008078,0
2025-07-17,197,30,196,0,323,0,5.946063661521077,9.17327559980064,0.01947720793387863,0
2025-07-18,198,30,197,0,362,0,5.9667152439404125,12.59164514916911,0.018644079738158084,0
2025-07-19,199,30,197,0,486,21,5.89165866240296,10.13493731653913,0.02451396884707921,0
2025-07-20,200,30,198,0,300,6,5.709730146652644,5.441575645096642,0.009256143845931566,0
2025-07-21,201,30,199,0,212,2,7.4990925937677275,5.399440550507072,0.01224487038981142,0
2025-07-22,202,30,201,0,368,6,5.716049482696188,3.7961936676733297,0.0120212751546886,0
2025-07-23,203,30,202,0,30,0,5.567323871157102,5.505580886111813,0.019075868714659303,0
2025-07-24,204,30,203,0,250,0,7.520633403959256,6.07785124171526,0.013487605351160191,0
2025-07-25,205,30,204,0,365,0,6.409337885288713,4.139549078093179,0.030140773983239475,0
2025-07-26,206,30,201,0,421,18,9.898928126613262,8.24335027193434,0.009821019539806318,0
2025-07-27,207,30,205,0,187,0,7.129310185314604,5.31883917496363,0.04483641307259459,0
2025-07-28,208,30,207,0,160,0,5.822539043085841,4.935405652485067,0.010084593206202478,0
2025-07-29,209,30,208,0,374,0,5.043806903172048,3.251632436910172,0.0291599617301823,0
2025-07-30,210,30,209,0,292,0,6.332487917609195,7.872751977616907,0.020397084986300332,0
2025-07-31,211,30,210,0,409,0,8.823739629812174,4.509921573204924,0.03310407905467276,0
2025-08-01,212,30,211,0,289,5,8.569151944945913,5.711110517325788,0.01081865680436269,0
2025-08-02,213,30,211,0,230,0,5.880909432132356,8.314464264677035,0.016325573956261434,0
2025-08-03,214,30,213,0,87,0,9.17106545180543,4.926012512377302,0.01372837222702381,0
2025-08-04,215,30,214,0,60,0,5.6382482539774985,7.293928570878582,0.012495056465002898,0
2025-08-05,216,30,214,0,199,0,7.103938081357391,4.667031980521473,0.018027801594991465,0
2025-08-06,217,30,216,0,351,0,9.577217380500725,6.685463257338121,0.040515314961895324,0
2025-08-07,218,30,216,0,266,0,12.504506289118263,9.92400832658773,0.02455907365493711,0
2025-08-08,219,30,217,0,289,0,8.345502011623877,4.726789335365142,0.015178879569130475,0
2025-08-09,220,30,217,0,280,13,5.494413515158105,4.910045133438704,0.012829592629025763,0
2025-08-10,221,30,220,0,278,0,7.64328642041317,5.2816037663441096,0.020757802720463712,0
2025-08-11,222,30,221,0,424,0,8.739791070687339,7.594336644945083,0.026556406001363983,0
2025-08-12,223,30,222,0,409,0,10.26529509826181,5.330207862522039,0.018167029575372456,0
2025-08-13,224,30,223,0,221,0,6.619457661567902,4.009196911922081,0.027422381566643544,0
2025-08-14,225,30,223,0,350,0,7.831982642911957,4.460300878439124,0.01689769105430698,0
2025-08-15,226,30,224,0,499,0,7.075649541947739,2.6839056588708194,0.03321147365954217,0
2025-08-16,227,30,226,0,664,28,6.8928296449920525,6.3842468536239885,0.027482009873299375,0
2025-08-17,228,30,227,0,364,0,5.731834539836371,8.971309381709283,0.035152703336551815,0
2025-08-18,229,30,226,0,392,0,6.016238163704599,6.688273018019735,0.0247051947079795,0
2025-08-19,230,30,229,0,416,0,5.09997818664352,5.360575995407213,0.02502336225223771,0
2025-08-20,231,30,230,0,351,0,5.196072821939712,8.396260554031212,0.02769608380959534,0
2025-08-21,232,30,229,0,627,0,5.641276331502363,6.300110351141327,0.023759981662864103,0
2025-08-22,233,30,232,0,314,0,4.778611836364707,12.166607856260184,0.04822491364167003,0
2025-08-23,234,30,232,0,389,52,4.750531482462256,5.997368993116273,0.04030495857338948,0
2025-08-24,235,30,233,0,338,0,5.06786705550684,7.419786589698611,0.038805634240166635,0
2025-08-25,236,30,234,0,472,0,4.727177846798863,6.3443436801238455,0.03740242654619708,0
2025-08-26,237,30,236,0,369,0,4.87862343300059,3.7023263835605746,0.02538268882135048,0
2025-08-27,238,30,237,0,529,0,5.252147774508857,5.861128849142506,0.016304464297323705,0
2025-08-28,239,30,238,0,451,0,5.119583274719239,5.0927196512343675,0.009950989223484967,0
2025-08-29,240,30,239,0,455,21,5.901285346949075,8.417277578270834,0.013104502801385746,0
2025-08-30,241,30,240,0,283,48,5.556490820726235,7.279537145055277,0.032106803590105856,0
2025-08-31,242,30,241,0,625,0,6.120922757365617,12.00398827647898,0.013492587256090321,0
2025-09-01,243,30,242,0,343,0,5.7066085653256335,8.586858228797844,0.031362991325903894,0
2025-09-02,244,30,242,0,431,0,6.742319650432141,10.329314243109422,0.026181520441555486,0
2025-09-03,245,30,244,0,748,0,6.589210780858823,6.170575213891748,0.019227638571529742,0
2025-09-04,246,30,245,0,252,0,6.078992178335414,7.178890768823564,0.013631554172609006,0
2025-09-05,247,30,246,0,169,0,5.91230944979957,5.216477602264973,0.014575216801594614,0
2025-09-06,248,30,247,0,192,38,6.771862686621977,5.661682249016479,0.030076492262960792,0
2025-09-07,249,30,247,0,429,84,10.413852864738049,4.2747130173959995,0.04518618813473058,0
2025-09-08,250,30,248,0,202,0,12.072930120004665,8.012264511050951,0.033510632794861966,0
2025-09-09,251,30,250,0,126,0,11.006450063963008,6.853306458844936,0.029851889510448665,0
2025-09-10,252,30,251,0,155,0,8.333746046917879,7.381758885522888,0.01807712090467873,0
2025-09-11,253,30,252,0,146,0,4.885299405443739,7.02506047799064,0.028650431175239164,0
2025-09-12,254,30,252,0,218,0,5.675239603140771,6.255988450380902,0.014055455975800293,0
2025-09-13,255,30,254,0,247,82,9.570930308027966,11.801569652709603,0.03251918724063065,0
2025-09-14,256,30,254,0,156,46,6.593902362972472,9.764356333719492,0.01579955523343453,0
2025-09-15,257,30,256,0,163,0,5.515397054360381,10.089699987066508,0.020446512556740515,0
2025-09-16,258,30,257,0,230,0,5.522106393245465,8.97188333732054,0.020580067212400893,0
2025-09-17,259,30,254,0,272,0,9.572718991776162,5.370437124334402,0.031872041779215085,0
2025-09-18,260,30,257,0,222,0,6.981129582093636,15.125028141815623,0.01692971602700258,0
2025-09-19,261,30,260,0,162,0,5.60031609029234,7.580562163814894,0.016880121583607816,0
2025-09-20,262,30,260,0,138,36,6.947271608940042,5.973732112509353,0.020162748953380258,0
2025-09-21,263,30,260,0,169,34,6.933021843159291,9.953860543712617,0.021556232688323518,0
2025-09-22,264,30,263,0,186,0,7.244406663932029,15.496657929208604,0.019555748885770517,0
2025-09-23,265,30,264,0,219,0,5.165425418252261,10.194560721269474,0.013760350196775016,0
2025-09-24,266,30,265,0,155,0,6.1798326592510415,7.055744713175247,0.0297249388820343,0
2025-09-25,267,30,266,0,113,0,6.812204570241939,4.99085596688506,0.018990800349692423,0
2025-09-26,268,30,267,0,179,0,4.470031423382508,10.518019981901464,0.014217459550169552,0
2025-09-27,269,30,268,0,112,11,5.722294273960728,5.632884335987277,0.033508673583614014,0
2025-09-28,270,30,269,0,311,0,5.732710748427366,6.886512682565229,0.02346777589839753,0
2025-09-29,271,30,269,0,190,0,9.664439978598214,4.295175889159428,0.02106502622707741,0
2025-09-30,272,30,271,0,136,0,5.138310415192108,7.075009797575278,0.016518618298528867,0
2025-10-01,273,30,272,0,161,0,7.11979944931955,6.157197836898973,0.04351984888924138,0
2025-10-02,274,30,271,0,224,0,7.086700421486726,10.04784765586934,0.01975654804930446,0
2025-10-03,275,30,274,0,54,0,4.1241169975872,4.992488684891168,0.035864002301761795,0
2025-10-04,276,30,274,0,123,4,7.231788338010501,10.580347669807871,0.02011795125961639,0
2025-10-05,277,30,276,0,413,0,21.955515643154804,7.1179587643701625,0.01777696343124295,0
2025-10-06,278,30,276,0,252,0,6.043070357645609,4.9830422169844075,0.04486942130281514,0
2025-10-07,279,30,278,0,410,0,30.95758746751974,5.095052859974652,0.012521317084865185,0
2025-10-08,280,30,278,0,184,0,4.552362773034521,8.087088532534501,0.025269662275086757,0
2025-10-09,281,30,280,0,406,0,21.48422066661614,7.615114690972774,0.013579457887957412,0
2025-10-10,282,30,281,0,307,0,4.944209982200821,8.796195979909998,0.014627187082581749,0
2025-10-11,283,30,282,0,207,19,4.866072010433532,5.535474402935694,0.020835902371907185,0
2025-10-12,284,30,283,0,273,0,12.696795049859286,5.074068888709775,0.01127863358415996,0
2025-10-13,285,30,284,0,118,0,4.764695748118036,5.432610251744131,0.016862710418664027,0
2025-10-14,286,30,285,0,182,0,5.228681096119474,7.735182558131474,0.012710031822005552,0
2025-10-15,287,30,286,0,289,0,13.409547571819948,5.516849487577584,0.025105503957628804,0
2025-10-16,288,30,286,0,362,0,12.497740624501002,5.760793244005874,0.013622445718245495,0
2025-10-17,289,30,288,0,254,0,10.714145537369586,5.009721301996529,0.01732983976271699,0
2025-10-18,290,30,285,11,286,24,12.574837236690689,5.411079869521651,0.01375096628557767,0
2025-10-19,291,30,290,0,571,0,66.26456705172548,5.153074681695788,0.027788208225816655,0
2025-10-20,292,30,290,0,233,0,25.602624277888555,3.362344008594859,0.03696030766813822,0
2025-10-21,293,30,292,0,475,0,13.649495470925892,4.12007933279702,0.020178165980415455,0
2025-10-22,294,30,293,0,323,0,34.11255895808121,3.3272136934097194,0.03042575666520137,0
2025-10-23,295,30,294,0,170,0,34.51937392705539,3.590567323127802,0.043830689405121644,0
2025-10-24,296,30,295,0,318,0,22.862788225576864,4.886929891013313,0.02646707297797448,0
2025-10-25,297,30,296,21,155,22,23.60783330968298,7.199593443037928,0.020036376562173632,0
2025-10-26,298,30,296,0,157,0,9.947286183639426,4.005205101391547,0.014826263382860465,0
2025-10-27,299,30,298,0,182,0,22.701528066048766,2.835582589772395,0.023244549606245953,0
2025-10-28,300,30,299,0,73,0,25.984369956208077,5.093263739307825,0.020763739031448097,0
2025-10-29,301,30,300,0,288,0,56.31058271803449,2.8352081890174343,0.031681657087132394,0
2025-10-30,302,30,301,0,139,0,33.356338643008684,5.601184612388424,0.014146422455575045,0
2025-10-31,303,30,302,47,126,0,55.05516764133142,8.327724944889022,0.030269170805739834,0
2025-11-01,304,30,303,22,138,42,22.70963426478655,5.521985701343033,0.0388065997156514,0
2025-11-02,305,30,304,0,222,0,12.76373468550155,4.666725756318055,0.011575035527015382,0
2025-11-03,306,30,304,0,170,0,13.417941184105818,4.3091398866574515,0.03767768325633105,0
2025-11-04,307,30,306,0,79,0,12.517149157971092,4.1879691646767885,0.012248149654137697,0
2025-11-05,308,30,305,0,75,0,23.60870761469673,5.629685206051897,0.023146360943370407,0
2025-11-06,309,30,308,0,92,0,33.46885334944339,7.750292970942534,0.02034197867455361,0
2025-11-07,310,30,309,11,81,0,13.993911565413255,3.7007454464343557,0.02318498965069933,0
2025-11-08,311,30,310,20,65,28,23.218840858456755,5.520304991741651,0.026769018675316933,0
2025-11-09,312,30,310,0,50,12,23.273927362624168,3.3580887231169374,0.024757536753036432,0
2025-11-10,313,30,312,0,198,0,23.505067188279497,4.717788390890356,0.009854948016592183,0
2025-11-11,314,30,313,0,205,0,14.510474948072638,2.8095691576529704,0.018505784583050595,0
2025-11-12,315,30,313,0,188,0,23.597510782370946,3.588626327605294,0.02377572644423688,0
2025-11-13,316,30,313,0,143,0,20.922767900346756,2.8404789164181543,0.015944276169770663,0
2025-11-14,317,30,316,31,261,0,32.97158365999643,2.6925315980748206,0.01063023927812317,0
2025-11-15,318,30,317,11,138,10,12.788605240208723,4.022589483974955,0.012802778861366604,0
2025-11-16,319,30,318,0,110,0,11.415816143258148,2.720112322773466,0.010988735885834171,0
2025-11-17,320,30,318,0,164,0,33.521980259550986,2.61194227036124,0.016835064184027075,0
2025-11-18,321,30,320,0,253,0,11.714302735570564,2.4137760606675367,0.024921605235807737,0
2025-11-19,322,30,321,0,79,0,13.877451022303363,3.950474970565823,0.030930427569364077,0
2025-11-20,323,30,321,0,133,0,11.66147335462892,3.8436746061713194,0.009130029962962924,0
2025-11-21,324,30,322,0,133,6,22.210890071969246,4.086276773009702,0.018018607491350567,0
2025-11-22,325,30,322,0,56,5,4.631838312845666,3.7653174690091027,0.01115583442206444,0
2025-11-23,326,30,324,0,214,0,22.5713290239322,2.561923328019603,0.008353716246245068,0
2025-11-24,327,30,326,0,150,0,5.14379996471443,2.8083194144936754,0.010042514734748514,0
2025-11-25,328,30,327,0,328,0,3.827425156555751,3.436744656925924,0.01958495271033719,0
2025-11-26,329,30,327,0,166,0,13.010979921205807,3.287651512259213,0.010506278582627497,0
2025-11-27,330,30,329,0,200,0,22.52586538201276,3.7759688815922243,0.01144170821779911,0
2025-11-28,331,30,329,20,83,0,22.64747923382953,3.1822197850535456,0.01136291443960786,0
2025-11-29,332,30,330,10,97,0,13.12678945948137,2.9306930622438037,0.012605787281968076,0
2025-11-30,333,30,332,0,127,0,13.121856666803742,3.738782237269371,0.01460174901707357,0
2025-12-01,334,30,333,0,360,0,11.66910020642599,3.5127533811999476,0.03341237608489831,0
2025-12-02,335,30,334,0,159,0,4.913686201344644,1.8904203061572378,0.0107620068182792,0
2025-12-03,336,30,333,0,163,0,11.763528857244241,2.765552812921671,0.012140050301057245,0
2025-12-04,337,30,335,0,119,0,6.384032743803393,2.847673130069045,0.008718681801880901,0
2025-12-05,338,30,337,8,172,0,10.349591969258409,2.0904166401600452,0.013504716294831876,0
2025-12-06,339,30,338,6,297,0,9.724644259324295,2.7163600573610105,0.019783600879324573,0
2025-12-07,340,30,339,0,376,0,4.827566300371427,2.3031715698035304,0.016560847573940655,0
2025-12-08,341,30,340,0,34,0,6.807790006377478,2.548727416386356,0.019481250028624032,0
2025-12-09,342,30,341,0,113,0,10.1568233855493,2.4982465923432993,0.012673771454757631,0
2025-12-10,343,30,342,0,87,0,9.503539332089133,2.4133339351733536,0.01145659211885657,0
2025-12-11,344,30,342,0,109,0,19.462459066073375,2.0362422473114057,0.009325524319179927,0
2025-12-12,345,30,344,5,146,0,10.478626404730806,3.121279524160842,0.042742840161266,0
2025-12-13,346,30,344,7,26,0,8.958755955689497,3.585455783566322,0.02076002711436272,0
2025-12-14,347,30,346,0,116,0,6.1616961266108135,2.5556656559730593,0.013966885741008442,0
2025-12-15,348,30,346,0,92,0,6.479046320026695,2.357548519241402,0.01458935583193597,0
2025-12-16,349,30,346,0,36,0,31.14381819062773,2.2550987561765776,0.013712477779166045,0
2025-12-17,350,30,348,0,69,0,10.18498889781301,1.4136936884532392,0.015600007098708825,0
2025-12-18,351,30,350,0,56,0,20.74568698106516,2.3337251921844078,0.01512203936558616,0
2025-12-19,352,30,351,5,11,0,12.068654634281671,3.023571469288765,0.04523206861474565,0
2025-12-20,353,30,352,6,13,0,11.999811193462662,5.177397302401125,0.02391608232144334,0
2025-12-21,354,30,353,0,15,0,9.021321017906988,4.065564304658932,0.012023710163022693,0
2025-12-22,355,30,354,0,4,0,4.748725068419953,3.3465949054890984,0.011690835032035711,0
2025-12-23,356,30,355,0,135,0,4.9712562900028106,2.817982833455934,0.020303279060458732,0
2025-12-24,357,30,355,0,179,0,5.256836246994351,2.2596777613006265,0.009910969281351534,0
2025-12-25,358,30,357,0,10,0,5.591534332343798,2.988691182529447,0.012940548385517904,0
2025-12-26,359,30,358,0,179,0,6.188401099577478,1.999762199387652,0.01664846685548055,0
2025-12-27,360,30,359,0,137,0,4.199203632751033,2.421528263182177,0.007760343288565462,0
2025-12-28,361,30,360,0,343,0,4.062301696943217,2.267417704724574,0.027797677252814387,0
2025-12-29,362,30,360,0,590,0,4.794439002726701,1.8808433566252734,0.009625808083139802,0
2025-12-30,363,30,361,0,542,0,4.252467724179634,3.0354080120388383,0.035312738599161654,0
2025-12-31,364,30,363,0,332,0,5.6471329916410875,2.645678802623637,0.011679553736917618,0
