day_index,date,s0,E_C,CVaR,cost_plan,cost_emergency,cost_total,emergency_rate,unextracted_ratio,curtailment_rate,soc_violate_count,residual_blocks,emergency_kwh,load_kwh,curtail_kwh,unextracted_kwh,final_soc
31,2025-02-01,1444.1489351851828,31111.604922954884,31856.751350244205,30165.00654491407,697.0395793722095,30862.04612428628,0.002161336189996976,0.10978572653286288,0.12634327986420704,0,30,164.92120382535296,76305.20628333333,5297.198529385153,5117.001176375187,1200.0
32,2025-02-02,1200.0,58600.949332164564,60756.72496694655,57244.82823628584,1330.382960356056,58575.211196641896,0.002695895376711641,0.059168319917877944,0.03749836459789475,0,31,328.1065689853284,121705.97265,1625.5426570680252,5299.307481519482,1200.0
33,2025-02-03,1200.0,58246.242504605514,60443.83315267199,56857.98376405195,1730.4664365214767,58588.450200573425,0.003871359314709328,0.03640862007258028,0.03341149981397733,0,32,474.64324313662075,122603.769,1416.208314418834,3241.0792404850417,1200.0
34,2025-02-04,1200.0,67997.34223304219,144317.32918117326,59517.34368324987,1363.8859485294422,60881.229631779315,0.0033299786674497855,0.07075928467841074,0.016867124482709796,0,33,404.85247559960123,121578.09884999998,681.1490500728107,6555.705408737616,1200.0
35,2025-02-05,1200.0,70566.93044484295,147835.5400659687,61981.529375828984,687.5534475199818,62669.08282334897,0.0015351019952511277,0.08296051626844703,0.05574286008121897,0,34,187.2687571164588,121991.08443333334,2298.983683612993,7927.135100715724,1200.0
36,2025-02-06,1200.0,69672.0903234536,145780.8958940665,61215.55637116324,367.71403373781743,61583.27040490106,0.0006341110511242382,0.08060150170030105,0.05939623181549046,0,35,77.5214473919084,122252.1627,2493.5194731586244,7662.624627877795,1200.0
37,2025-02-07,1200.0,30213.82659344356,31028.08235785754,29148.49837638386,556.4749367927734,29704.973313176633,0.0018785764192974833,0.08806290586994381,0.1473600204862206,0,36,143.08853008993458,76168.59693333332,6537.320397244509,3898.8251456652324,1200.0
38,2025-02-08,1200.0,58282.673010825914,58282.67301082593,58282.67301082592,0.0,58282.67301082592,0.0,0.3710886234363228,0.3959104965921417,0,37,0.0,75746.78751666666,17487.218088856578,30596.73473104184,1200.0
39,2025-02-09,1200.0,53679.39081297838,54766.74728312163,52291.47944520808,10872.589568129268,63164.06901333735,0.023921060701898242,0.014679259041629266,0.00670002151923961,0,38,2907.554779406707,121547.90356666666,281.35057056640244,1213.4145011592366,1200.0
40,2025-02-10,1200.0,60269.63187128982,61011.017507786186,59558.51498720458,201.53060568884064,59760.045592893424,0.0004238913618608612,0.10247832967009575,0.08996118587705595,0,39,51.493290258510456,121477.56451666665,4241.753302125084,9503.734246467226,1200.0
41,2025-02-11,1200.0,67413.82664162036,141499.7440575903,59182.058039845935,0.0,59182.058039845935,0.0,0.10760241202929674,0.05751894647327814,0,40,0.0,121441.28161666667,2658.5650767551274,9946.492313376737,1200.0
42,2025-02-12,1200.0,53979.02195846556,55483.04869367098,52708.33554214236,2669.3097125811582,55377.645254723524,0.005496263552922823,0.03936029373914934,0.020700774733709015,0,41,667.0477212449525,121363.85288333334,954.2460297152345,3278.975984454456,1200.0
43,2025-02-13,1200.0,89259.41940244054,89259.41940244052,89259.41940244054,0.0,89259.41940244054,0.0,0.3276904531190404,0.2011023254713594,0,42,0.0,121310.28371666666,10051.256054099847,42042.727477757144,1200.0
44,2025-02-14,1200.0,63729.06778480697,137612.92062560795,55519.75080249575,0.0,55519.75080249575,0.0,0.4023887318783179,0.39199981421566316,0,43,0.0,75872.63794999999,18059.759205026927,35306.51164393688,1403.0194537037044
45,2025-02-15,1403.0194537037044,25465.926561835462,25939.751260342407,24532.010508612446,2645.1512125478803,27177.161721160326,0.009942402766653338,0.05560855849052368,0.08080757343938756,0,44,756.1649907069807,76054.55225,3779.7307044664058,2048.982281797086,1200.0
46,2025-02-16,1200.0,63201.27269528721,140425.48790427195,54620.80433873335,2019.4505023884321,56640.25484112179,0.0036935474907858193,0.06779790658453175,0.026450931021911445,0,45,447.94227513494457,121276.97728333331,1214.0871054808017,5863.0027213911035,1200.0
47,2025-02-17,1200.0,62943.14419307038,140027.56176982724,54378.20890676407,104.60992900102792,54482.818835765094,0.00020422410531463096,0.09247048700323911,0.05414155875657314,0,46,24.703023917007954,120960.37281666666,2694.977821912604,7973.682686300856,1200.0
48,2025-02-18,1200.0,51894.529171147326,52380.4032367567,50450.171919832545,2569.941539626637,53020.11345945918,0.0049405149107713524,0.040043522667853486,0.02871184676813579,0,47,599.4389546711266,121331.27123333333,1413.7679884972654,3223.161898159868,1200.0
49,2025-02-19,1200.0,52801.29910677722,53947.74915182106,51430.837851436125,2540.7775249467413,53971.61537638286,0.004744834096120415,0.05592634481942803,0.015768878404570523,0,48,578.2377199096468,121866.79411666666,772.477406265877,4589.585370938554,1200.0
50,2025-02-20,1200.0,53024.47282310254,54233.08102262312,51883.08338088164,792.614724548079,52675.69810542972,0.0014859309370729137,0.06147288487431577,0.047404035479407684,0,49,179.95404806799706,121105.25703333333,2375.516870861652,5082.451860028503,1200.0
51,2025-02-21,1200.0,26066.29369277993,26627.049069193265,25066.823415905517,627.5526194566487,25694.376035362166,0.0024489072416787852,0.07507719571795926,0.128594324719004,0,50,185.63207171317998,75802.00203333332,6460.802628007772,2797.326280088054,1200.0
52,2025-02-22,1200.0,35913.62668127038,90753.82926254638,29820.270838906377,440.4546335271452,30260.72547243352,0.0017806859992825347,0.09543912314360371,0.26115522795866875,0,51,134.76630919856223,75682.24226666667,12493.007833322532,4533.094495038924,1200.0
53,2025-02-23,1200.0,50388.83706328168,51684.05821435269,48914.663279708766,5876.14245160046,54790.80573130923,0.012412818191694293,0.028873728167153705,0.034934334249415805,0,52,1503.7153707580737,121142.14093333333,1733.102357001031,2262.789433036689,1200.0
54,2025-02-24,1200.0,61085.576564659146,137945.81482657394,52545.55009111307,178.1386657614411,52723.688756874515,0.00041433913318267903,0.07817204250342198,0.07868753137327537,0,53,49.98131055251031,120628.98854999998,4125.268973590588,6505.239858909266,1200.0
55,2025-02-25,1200.0,50944.96264026702,52995.78700966507,49528.8674932901,478.6359588370824,50007.50345212718,0.0008174922818910176,0.06839361175902775,0.0682531389483863,0,54,98.99286502058476,121093.33288333332,3772.488154597999,5415.252074166714,1200.0
56,2025-02-26,1200.0,48168.59726657721,49721.828766739636,46823.49949748827,4600.5947844148395,51424.09428190311,0.010860014154575624,0.03029201824307573,0.02219602118084078,0,55,1314.7212860703162,121060.73411666666,1159.6507941174611,2275.905310088019,1200.0
57,2025-02-27,1200.0,50434.30917499424,52162.50846324296,48847.13964319778,2051.204831476035,50898.34447467381,0.0032183403720799733,0.07205561863683614,0.03472298035135796,0,56,388.1302040863586,120599.48893333334,1862.6415270453,5644.229825665466,1200.0
58,2025-02-28,1200.0,24794.558922659053,25931.891563199246,24008.53898512107,2672.085671164701,26680.62465628577,0.010661180659326046,0.0641724820017652,0.16213066571680695,0,57,803.6942548777462,75385.10795,8445.794038534352,2290.8242035659714,1200.0
59,2025-03-01,1200.0,24618.110176329836,25219.373548872303,23910.00442463596,1780.8233201949513,25690.827744830913,0.006148392798718846,0.0981341142542388,0.13201652449210563,0,58,444.1854740157509,72244.16014999998,6414.074885563182,3493.080372374192,1200.0
60,2025-03-02,1200.0,52067.028765264986,54622.95197075533,50786.35526674974,9883.091062800704,60669.44632955045,0.020464116052152037,0.04935110823330649,0.052388170873733826,0,59,2411.9092531483757,117860.41708333333,2383.772314668569,3983.38568045433,1200.0
61,2025-03-03,1200.0,52320.96402491423,55903.79250668467,50835.72755875356,5250.751471965534,56086.4790307191,0.011666623650915888,0.05919537353638667,0.02069523397743675,0,60,1376.1802912493304,117958.7456,950.7721399127329,4786.300079173741,1200.0
62,2025-03-04,1200.0,56958.78374412503,59453.32216492739,55134.23476952383,1131.758181783162,56265.99295130699,0.004071229536095554,0.08489378989686512,0.10354962220691233,0,61,480.9710878776773,118139.02498333334,5067.673678997355,7265.565297251301,1200.0
63,2025-03-05,1200.0,50132.90850308189,50996.269706249026,48612.9452911835,1234.6836993811985,49847.6289905647,0.0025989415690190042,0.06599086626608938,0.050405816712277576,0,62,306.8659813756806,118073.44383333332,2618.2279168818995,5138.412562299952,1200.0
64,2025-03-06,1200.0,51349.63245120563,53204.288382509476,49775.06059752505,372.1892899296946,50147.249887454745,0.0012723511412007045,0.0697348519473822,0.06521021852361453,0,63,149.72213740428606,117673.59855,3373.516610280837,5513.015940945572,1200.0
65,2025-03-07,1200.0,22627.37124689116,23032.19405427554,21832.935168982563,233.12522925297176,22066.060398235535,0.0007979404822781785,0.08091062795610375,0.13647545179116508,0,64,57.19666218528715,71680.36145,6927.231342777339,2679.732669378801,1200.0
66,2025-03-08,1200.0,23614.049435883517,23946.827522051823,22791.625846992727,1684.4693537007963,24476.095200693522,0.006629222311262179,0.05073946256872174,0.1981704641817297,0,65,479.58917613006076,72344.71158333334,10558.833868783615,1672.4404348264236,1200.0
67,2025-03-09,1200.0,46595.885697180864,47629.69864291371,45172.94749858409,3257.431451605418,48430.37895018951,0.007126165946679114,0.04704704368629176,0.047150498753788836,0,66,838.6997525592647,117692.9865,2563.075719354857,3423.4804479047243,1200.0
68,2025-03-10,1200.0,45240.05522648914,46477.84814161482,43768.810744932445,12630.60089416858,56399.411639101025,0.03184007530183385,0.022324700049927017,0.014964770463555606,0,67,3755.3160507637035,117943.06436666666,746.7569049014307,1581.8313280772327,1200.0
69,2025-03-11,1200.0,48776.47243686357,50604.37461376483,47550.795408708094,1234.066845887252,48784.86225459535,0.002897636062926459,0.06590555669519131,0.06800843836917815,0,68,340.470942005657,117499.55295,3642.575086604373,5044.0931928036,1200.0
70,2025-03-12,1200.0,57776.572670997855,128456.69804009717,49923.22540776462,289.9881464569919,50213.21355422161,0.0007340738164905835,0.09874807044905563,0.09401710001805315,0,69,86.70310046648467,118112.23683333333,5234.562074711905,7880.673172456314,1200.0
71,2025-03-13,1200.0,46823.083190384394,48348.66598505235,45514.85913307227,10190.00307523739,55704.862208309656,0.021831619427654384,0.03761380446495144,0.029388477792234705,0,70,2581.311234717734,118237.27705,1489.7506957526502,2764.9089209433214,1200.0
72,2025-03-14,1200.0,18495.41106275819,18767.362621918895,17596.181746729795,626.1691622199139,18222.35090894971,0.0021058944514190893,0.08156174813699203,0.20232256749121283,0,71,151.85366701991126,72108.86895,11346.136884493038,2682.0130777798863,1219.0620813610465
73,2025-03-15,1219.0620813610465,31905.215508375182,83156.8969603387,26210.584235934803,888.6999871496874,27099.28422308449,0.0043112084529761405,0.1002963317686661,0.2749311115637078,0,72,313.53255620684246,72724.98178333332,14241.6670941546,4126.036125352955,1200.0
74,2025-03-16,1200.0,45708.98961113989,46342.33862114951,44172.88222056802,3168.623425112558,47341.505645680576,0.0064107195712293855,0.04902109987812085,0.03274460822784719,0,73,756.3573117809386,117983.21598333333,1788.9089721797682,3532.8627833375235,1200.0
75,2025-03-17,1200.0,58114.65104364748,128638.3354782052,50278.6861064744,283.32989289473545,50562.015999369134,0.0004453569050392563,0.14448643127380248,0.11858516099692382,0,74,52.415667147708746,117693.6218,7095.601258461051,11686.477542219573,1200.0
76,2025-03-18,1200.0,78437.75456292814,78437.75456292812,78437.75456292815,0.0,78437.75456292815,0.0,0.310868535691246,0.23096184011614215,0,75,0.0,117253.42358333332,12963.302647496095,35621.682623740904,1200.0
77,2025-03-19,1200.0,46092.721698158086,49135.921921219815,44460.57895978584,1725.0561051081438,46185.635064893984,0.003243029504776243,0.075639716358516,0.061543674457974824,0,76,380.3475529601262,117281.55799999999,3558.214470610971,5460.202781900123,1200.0
78,2025-03-20,1200.0,44202.612048694966,45174.03963372172,42931.354541139255,3655.4465893592924,46586.80113049855,0.009403496790546284,0.032498041246881444,0.03670767797562326,0,77,1106.3061800423638,117648.38173333331,2035.052373456354,2260.3953949348092,1200.0
79,2025-03-21,1200.0,22560.70573655783,23134.9943544414,21857.325592701665,561.8449525791759,22419.170545280842,0.002680003273391206,0.06011422950088626,0.2683333733455503,0,78,194.55090396769663,72593.53221666666,16250.287255975898,1940.9955831064053,1200.0
80,2025-03-22,1200.0,17680.230730432417,18113.099065146274,16908.85562456356,954.2934316063956,17863.149056169954,0.003477056056976138,0.08548417989388402,0.1894584141897498,0,79,250.12873655414228,71936.92953333333,10620.2296741571,2726.394628554987,1266.4812114093038
81,2025-03-23,1266.4812114093038,43513.138381594545,44365.779236179435,42052.32933016583,3025.4563988258324,45077.78572899166,0.006917505584968733,0.05042701503738762,0.050123870579092386,0,80,814.4669503162582,117739.97726666665,2955.8175374023976,3449.842691897161,1200.0
82,2025-03-24,1200.0,52980.45719211496,120891.88565634175,45434.742918311975,733.2707906117415,46168.01370892372,0.0017986344237532466,0.08267588431315184,0.0931007274260035,0,81,211.20495408623492,117425.17061666667,5532.666534460963,6085.248674400574,1200.0
83,2025-03-25,1200.0,41785.52292548017,43330.64971177791,40279.930917418606,7186.016530763545,47465.94744818215,0.016257890992570356,0.026769787960499683,0.03131443172812234,0,82,1919.2955336909813,118053.16781666665,1788.149344622977,1786.6434626120636,1200.0
84,2025-03-26,1200.0,43087.41040872653,43859.28570694516,41941.126420065644,1039.8503902807731,42980.976810346416,0.0024306413450445453,0.07374489118503656,0.06875316506316576,0,83,286.09773483375955,117704.62779999999,4270.401602800856,5070.2566994969375,1200.0
85,2025-03-27,1200.0,43392.661618034486,45006.34222531141,42043.81919263913,3472.760213310449,45516.57940594958,0.00796185851717197,0.06611487265584398,0.04239124304557536,0,84,939.1218999282096,117952.59836666666,2511.07109665863,4555.526505521029,1200.0
86,2025-03-28,1200.0,21316.93861281625,21550.098520132822,20588.169997113437,621.9376743147769,21210.107671428214,0.0022977621393798606,0.10539032836183479,0.24412211859289576,0,85,165.19018095845502,71891.76726666666,14908.510074607684,3303.3725274452745,1200.0
87,2025-03-29,1200.0,21638.23044252066,22405.603509882203,20900.558889848122,1066.1643471552354,21966.723237003356,0.0036420951776873546,0.05667930929028926,0.3069789612062788,0,86,262.6616305844653,72118.27746666667,19772.84283180436,1762.1514799550555,1200.0
88,2025-03-30,1200.0,53047.531881821495,118273.68760440842,45800.181245978514,444.54205558750067,46244.72330156602,0.0007623438380291258,0.1165019192030573,0.09624663138847342,0,87,89.95253692480674,117994.70585,6029.763501503765,8643.67989461553,1200.0
89,2025-03-31,1200.0,52282.880537156656,120108.13756809405,44746.740867052504,837.3780292402921,45584.1188962928,0.0017873813213971545,0.07851830354921979,0.09581507291042023,0,88,209.25885791336907,117075.66561666667,5760.811901401572,5686.514769276807,1200.0
90,2025-04-01,1200.0,41815.34946537368,42879.208053353395,40514.50982831214,5457.14072672787,45971.65055504001,0.016390793133268085,0.02793165299171137,0.04093761838668454,0,89,1933.5750915252715,117967.1463,2364.4870305057325,1858.4730859755716,1200.0
91,2025-04-02,1200.0,43626.02384735285,45356.40661970007,42484.89856999904,5974.637339789139,48459.535909788174,0.010230143986250181,0.057273136802919095,0.043216797119624326,0,90,1207.020207725846,117986.62945,2487.182598930692,3999.1009035365514,1200.0
92,2025-04-03,1200.0,45227.57759513466,46835.6271479101,43649.922960627075,846.6021341930964,44496.52509482017,0.0017499792446813702,0.10201200627356065,0.08077582138039609,0,91,206.29535144555211,117884.45609999998,5009.791226960127,7353.93624876723,1200.0
93,2025-04-04,1200.0,44093.56090924174,44093.560909241736,44093.560909241736,0.0,44093.560909241736,0.0,0.3888255937643249,0.44404716509117487,0,92,0.0,71735.75181666667,28998.477721500476,23807.608632894648,1200.0
94,2025-04-05,1200.0,20812.04130548078,21261.22761192656,20181.902085192603,7006.976481859669,27188.87856705227,0.021939835749018453,0.06384666344260863,0.2623026354634818,0,93,1592.8922468409367,72602.74256666665,15884.687615159834,1950.6517064104764,1200.0
95,2025-04-06,1200.0,42645.82444323703,43488.31288170502,41176.6109485129,1818.7232238168456,42995.33417232974,0.0038489180900608253,0.06314581313919486,0.0869528304952858,0,94,451.11410202556,117205.43058333333,5460.23379978853,4278.526827700718,1200.0
96,2025-04-07,1200.0,41093.40161981918,43404.8189504727,39595.43142377802,707.6297501368895,40303.06117391491,0.001780674067738835,0.05557540849997404,0.07491287696923588,0,95,208.36582895153322,117015.14203333334,4777.375659500849,3636.1326541380677,1200.0
97,2025-04-08,1200.0,73706.14648695794,73706.1464869579,73706.1464869579,0.0,73706.1464869579,0.0,0.3240685832338644,0.23076914012724087,0,96,0.0,117713.29026666666,14621.555022299373,35331.41392237261,1200.0
98,2025-04-09,1200.0,52022.949030191914,118087.45346529322,44682.44853740289,680.0920713515018,45362.54060875439,0.001709330018475591,0.07416612413659569,0.07585399052190218,0,97,201.14972176606443,117677.52253333332,4440.736211506948,5412.588910690114,1200.0
99,2025-04-10,1200.0,43108.1557718058,44746.83660370023,41763.539621220654,1791.581306195156,43555.12092741581,0.0034549997894595466,0.10470028148372951,0.06259339941588857,0,98,406.5453360868951,117668.70068333333,3956.4075201017445,7249.160321299471,1200.0
100,2025-04-11,1200.0,52046.613153817816,116702.13713114263,44862.666045226186,0.0,44862.666045226186,0.0,0.47671598223010586,0.4273337448014497,0,99,0.0,72091.99675,28535.35891587052,34782.15850686106,1318.1499166666645
101,2025-04-12,1318.1499166666645,20793.445762307478,21970.74269983734,20235.232718854917,224.38466816349813,20459.617387018414,0.0006590310173075312,0.09481271042267239,0.25759621585164727,0,100,47.42201074808315,71957.17576666665,16211.048975731617,2859.550199322288,1318.149916666664
102,2025-04-13,1318.149916666664,50774.98565782632,112437.58737522308,43923.585467004465,512.6401429915261,44436.22560999599,0.0010167320181491226,0.1002608635104728,0.11377016652404583,0,101,119.24544452531507,117283.06219999999,7168.283173976382,7305.968940018634,1228.1679834064605
103,2025-04-14,1228.1679834064605,50957.96177337963,114250.06304168553,43925.506076901205,130.996105755272,44056.50218265648,0.000299955259338517,0.10445485936689002,0.12512513704085992,0,102,35.36513681959639,117901.37268333332,8179.848236845933,7585.993744864673,1200.0
104,2025-04-15,1200.0,38644.560069232204,39786.23996343742,37426.519454724505,4489.664140811161,41916.183595535666,0.008453239807160699,0.05175705010151269,0.08304979962780559,0,103,989.5100904579016,117056.90516666666,5557.483001081756,3200.291896987795,1200.0
105,2025-04-16,1200.0,50815.83395669094,114889.96243847389,43696.48634760395,314.3382167398199,44010.82456434378,0.001185642403916028,0.07148800130087808,0.1033331956139823,0,104,139.81674421196396,117924.88506666665,6421.671730112785,5104.47423146393,1200.0
106,2025-04-17,1200.0,39047.204993390726,40852.20591194013,37938.91858325497,2052.1657279748674,39991.08431122984,0.004183742384298496,0.0451652629786343,0.05371582952102429,0,105,491.535519870961,117487.04263333333,3471.047088289697,2822.1385119883894,1200.0
107,2025-04-18,1200.0,19711.42606421709,20172.79572120336,19096.925168996273,891.1418738240588,19988.06704282033,0.003535452255801275,0.07631919073873118,0.28518025231575694,0,106,252.75008049607266,71490.16935,18575.515791742306,2213.7448330881657,1200.0
108,2025-04-19,1200.0,19292.27181697541,19904.047934535447,18585.46179404974,607.3047516660864,19192.76654571583,0.002672768174171031,0.08790390483813058,0.2632300523222839,0,107,192.18650569802912,71905.41535,17141.734770868643,2495.3350756095474,1200.0
109,2025-04-20,1200.0,40193.12164690603,41513.87162930817,39006.452264015636,2629.809918150888,41636.26218216652,0.005647840934853343,0.0671666191480263,0.07344497489950519,0,108,661.9146246569544,117197.81635000001,4791.5554113112585,4311.256918055142,1200.0
110,2025-04-21,1200.0,39440.967736449966,41241.0984548691,37997.192534971546,1358.484946432789,39355.67748140433,0.00342049576813793,0.06399478726168156,0.0965206539775003,0,109,405.26594098199223,118481.63788333331,6753.041253657599,4009.289134691147,1200.0
111,2025-04-22,1200.0,38521.609947525394,40252.53732541442,37095.05329835188,2112.2080194516157,39207.261317803495,0.006348324324751452,0.039894040898199076,0.054814402841038744,0,110,747.902443477423,117811.00101666666,3599.0079919296054,2439.1418620418785,1200.0
112,2025-04-23,1200.0,37552.45485466471,38786.23902019312,36337.60246433774,1950.1718212787266,38287.77428561646,0.005486422020669307,0.03846491555238161,0.05113456848464622,0,111,647.5652153267738,118030.51476666666,3407.12687916066,2315.8284335284516,1200.0
113,2025-04-24,1200.0,37880.38922188046,38856.89014746195,36735.985303649606,890.8599971844426,37626.84530083405,0.001653558702970279,0.05959053164543872,0.10980685967356092,0,112,194.28947614750098,117497.77966666667,7731.245465392735,3714.5480302809974,1200.0
114,2025-04-25,1200.0,19100.09944824859,19693.011368528685,18499.11005609019,417.4428143209565,18916.552870411146,0.0015736274238133763,0.07637715009562876,0.3184108325905209,0,113,112.92873026424786,71763.3212,22213.283307937658,2155.8147740922404,1200.0
115,2025-04-26,1200.0,18815.803788927074,19423.902344363993,18062.57097412929,2983.8679162231383,21046.438890352427,0.009893329910617183,0.06232117059583142,0.342253041532791,0,114,713.3182316198906,72100.92436666667,24652.73667731282,1728.844808507466,1200.0
116,2025-04-27,1200.0,35535.868200476696,36300.87485684155,34366.34441096264,5319.962615592538,39686.30702655518,0.010771065394096186,0.03963643637100981,0.054694189428143455,0,115,1260.5649534425688,117032.52253333334,3744.3123226078997,2255.7810373328857,1200.0
117,2025-04-28,1200.0,37513.25005931816,38878.75102580913,36172.293674491695,10518.345513744538,46690.63918823624,0.025499342632150025,0.025836183061327143,0.017568739534317104,0,116,2997.123905157281,117537.3008,1070.2056276147487,1543.7633277787154,1200.0
118,2025-04-29,1200.0,37725.21353399868,38985.83706959585,36464.711240659315,3120.94369911905,39585.65493977837,0.00656603225963503,0.06246434656314071,0.11256096911062881,0,117,769.8853962648358,117252.75871666666,7858.955648063158,3886.821177627891,1200.0
119,2025-04-30,1200.0,36515.091478790375,37554.17582189492,35399.69520826672,3215.664417906313,38615.359626173034,0.00791590872069553,0.05622031657101511,0.058953864308544275,0,118,931.5669417416334,117682.88071666665,4092.932532989062,3277.1759703209086,1200.0
120,2025-05-01,1200.0,35384.80111746968,35894.02428329468,34133.26784757702,16351.62184281387,50484.88969039089,0.028187432385003573,0.023503600874051296,0.053988673971217704,0,119,3392.7685707001297,120364.58391666666,3744.2875799027042,1321.3099017077593,1200.0
121,2025-05-02,1200.0,18938.07614778529,19284.541185540635,18285.80286107007,12817.286255317336,31103.089116387408,0.04258291879604495,0.049220309677468856,0.22370937591229842,0,120,3183.5427304944787,74761.02673333333,13527.864045647173,1396.5117860365933,1200.0
122,2025-05-03,1200.0,17349.94136347698,19101.29036366598,16716.717273734932,2132.304110414998,18849.021384149928,0.005832596038070624,0.08019018975353,0.26652167806896665,0,121,436.83140120186647,74894.84928333333,17597.807441832774,2501.0191540215146,1200.0
123,2025-05-04,1200.0,51176.057357398946,111954.92068516431,44422.85032098058,1463.5926455568151,45886.44296653739,0.0023629434124031725,0.09951342724382636,0.14365374910673287,0,122,285.1365806132909,120670.08423333333,9902.831083920633,7241.089861835674,1200.0
124,2025-05-05,1200.0,51816.07163634759,109534.24756917749,45402.94097714427,2666.49013667247,48069.43111381674,0.005687799221913534,0.12022886560238326,0.10843374543210539,0,123,686.0177717941343,120612.16386666667,7106.330971965408,8984.88656244643,1200.0
125,2025-05-06,1200.0,39879.999340501294,41196.09512794469,38440.1790167728,5343.884720626186,43784.06373739899,0.010429248698705911,0.06792786350633459,0.060023042465600765,0,124,1262.1183723714707,121017.19009999999,4090.396741385737,4328.969114109848,1200.0
126,2025-05-07,1200.0,41462.879058616025,43297.348860769875,39913.644376605014,4232.190617151804,44145.83499375682,0.007450618289694458,0.053375732163168224,0.06574425234746915,0,125,902.7185139864897,121160.21501666667,4345.193390160997,3503.3559578656113,1200.0
127,2025-05-08,1200.0,43272.2019644997,44957.18477707013,41843.44716293991,2527.036641845857,44370.48380478577,0.006377434823046029,0.07418658081787938,0.05020444889380084,0,126,768.1331817428728,120445.47738333332,3244.159525076064,4974.020761834601,1200.0
128,2025-05-09,1200.0,21424.524809006143,25128.709412518616,20650.287459231546,236.29828455856006,20886.585743790107,0.001297973446854726,0.1352900089774674,0.26000786079436744,0,127,96.37949376148566,74253.82544999999,17096.671178128443,4370.987269133626,1200.0
129,2025-05-10,1200.0,20947.25576573786,25529.02875105305,20212.431876312563,2165.3817764900127,22377.813652802575,0.007380687177068802,0.10331622485718737,0.21678597673940544,0,128,550.953440813933,74647.98705,13554.964143414756,3163.8611253675263,1200.0
130,2025-05-11,1200.0,43633.40913327876,46049.98565723933,41884.335162039366,3443.7464219316753,45328.08158397104,0.006522034508233171,0.06745400289182275,0.08245302319656628,0,129,787.490602328218,120743.09041666667,5380.802775252315,4633.475407516877,1200.0
131,2025-05-12,1200.0,43587.48350720896,45262.55289468984,42162.026696677225,1674.3306005339493,43836.35729721117,0.004649866967740189,0.07970555210376801,0.12297267690605641,0,130,560.0699832675698,120448.60361666666,8425.76912356397,5526.750179335364,1200.0
132,2025-05-13,1200.0,40211.212557699146,41325.62437283645,38997.259541792126,1621.8230609112047,40619.08260270333,0.002774333980592591,0.06365551418407774,0.05982539013098079,0,131,333.66812578123245,120269.6316,4016.7017502616163,4124.221559156637,1200.0
133,2025-05-14,1200.0,40891.04986818365,41973.27719946907,39373.60443606718,1348.5525918658068,40722.15702793299,0.003402873165626515,0.05610450883921831,0.07083991706510989,0,132,410.35929871103133,120592.00526666666,4787.209748717232,3649.9472691445926,1324.3994675630615
134,2025-05-15,1324.3994675630615,41848.709117751,44561.06150725611,40533.228025545286,3297.658841798148,43830.88686734343,0.007116130266132992,0.07605795151164652,0.0872849613753841,0,133,851.0771522647321,119598.30981666666,5833.53777867833,5063.513702669885,1200.0
135,2025-05-16,1200.0,19416.789850026977,20157.735201203875,18712.740594058836,1309.0087113733678,20021.749305432204,0.005236224891256648,0.09325951369341398,0.3025600870658869,0,134,391.0483162924689,74681.34474999999,21773.990276604192,2714.0669903649136,1199.9999999999993
136,2025-05-17,1199.9999999999993,19855.37594341748,21696.31919777208,19137.72001455454,2179.1168710214556,21316.836885575995,0.008254099573433227,0.07389355945116181,0.23726384839546372,0,135,621.3234695401632,75274.53043333333,15380.802495151456,2195.013456552442,1200.0
137,2025-05-18,1200.0,42292.02402694251,45806.79389573863,41188.00833991794,2472.496235174009,43660.50457509195,0.0055908232029385305,0.07232765131215743,0.08561825396914248,0,136,674.739886753501,120687.037,5737.353592173112,4874.202836088525,1200.0
138,2025-05-19,1200.0,39064.31936768487,40389.92570196369,37953.365793312856,2291.7372918112687,40245.10308512412,0.0033654234780059462,0.0922432344248235,0.09119589595701852,0,137,404.094433579349,120072.38798333332,6616.916256969823,5820.797281195626,1208.6304566702952
139,2025-05-20,1208.6304566702952,39902.898713565126,41295.286539001165,38446.42815298266,3034.9277178653406,41481.355870848005,0.006298677555290498,0.03592991529318025,0.055649750097639346,0,138,758.5974675775234,120437.57771666667,3667.8852072747013,2272.745701067857,1200.0
140,2025-05-21,1200.0,40417.7435556038,42957.88734116912,39420.07334713447,1766.4417978135887,41186.51514494806,0.003793477206105895,0.07481287103160049,0.08793147259852904,0,139,456.29101332419134,120283.05128333332,6060.275429612673,4900.923285901972,1217.383510039232
141,2025-05-22,1217.383510039232,39145.88079081649,41140.77843454656,37476.62244067868,4002.781848789617,41479.40428946829,0.006401185163393833,0.05090664160702213,0.0776825808716311,0,140,766.4118513405778,119729.68001666665,5353.343517589692,3151.1847473415237,1200.0
142,2025-05-23,1200.0,19360.303407423653,20257.60849586743,18707.47348384024,1168.6908165241791,19876.16430036442,0.0036110033817700043,0.10269885380257719,0.26193786283104087,0,141,270.76525458477676,74983.38438333332,17959.097825361085,3024.7443107345307,1200.0
143,2025-05-24,1200.0,19046.25325369258,19897.850042627088,18277.478491078506,927.8377121310966,19205.3162032096,0.0036698770171640725,0.0842648447535332,0.2887650973993774,0,142,274.11712532962525,74693.81781666665,20484.798619316753,2410.611938583852,1200.0
144,2025-05-25,1200.0,50065.67893124793,109921.40998111154,43415.04214792975,915.7995925052139,44330.84174043497,0.0014894174382717672,0.12085725846073599,0.1415141665413291,0,143,179.2065238681646,120319.8776,10157.16054108398,8621.579574351415,1200.0
145,2025-05-26,1200.0,39833.93835161981,41630.32040787686,38840.27435181066,4308.945327821252,43149.21967963191,0.010231191551052374,0.05415274298485517,0.05206998839799165,0,144,1221.6858073125607,119407.96936666666,3375.600311079253,3459.1952913791306,1200.0
146,2025-05-27,1200.0,38547.268850263994,39432.76280165989,37294.876761593834,994.9505520719665,38289.8273136658,0.002577088241173738,0.06965451328154652,0.06496112869167342,0,145,309.3712671538989,120046.82734999999,4589.923394206131,4280.033872138443,1200.0
147,2025-05-28,1200.0,40360.16111686255,41921.82912414447,38806.017968031316,4000.588918986149,42806.606887017464,0.009016192227908332,0.050839211705394266,0.08886136290639948,0,146,1081.2384268313203,119921.84721666666,6011.295532070618,3261.925961598973,1200.0
148,2025-05-29,1200.0,38479.67057288969,40098.21490175654,37255.38056240851,6980.972870057123,44236.35343246563,0.012744278149652021,0.04589911380342017,0.04052981874721183,0,147,1534.9121211677527,120439.31426666665,2688.3100794222364,2827.2562844966988,1200.0
149,2025-05-30,1200.0,18993.597145524338,19607.607660974623,18235.2574549187,3035.5592983167303,21270.81675323543,0.009778970239190075,0.08848982774873909,0.26431839880607205,0,148,729.6307227022857,74612.22448333332,17977.877891597193,2539.6501078640013,1200.0
150,2025-05-31,1200.0,16336.695989262744,16787.778345020455,15796.63063749297,3718.662081926072,19515.29271941904,0.011637699588418841,0.09773081682423289,0.25097788499098417,0,149,870.2477703277056,74778.33258333334,16662.20871269301,2891.5410985082794,1290.353791747761
151,2025-06-01,1290.353791747761,51766.51678466188,113188.98465625623,44941.798132262506,26637.92850522636,71579.72663748887,0.059358430676535304,0.02503689711267649,0.04861261033337696,0,150,7612.633260104091,128248.56003333331,2772.072547732776,1808.8909017732499,1200.0
152,2025-06-02,1200.0,50962.13151410544,57861.9961625927,49005.8506902238,11642.465444421623,60648.31613464542,0.02216965340972147,0.0600022041992286,0.06825912939586934,0,151,2839.5011134515125,128080.53698333334,4057.304189471276,4733.2253684315065,1200.0
153,2025-06-03,1200.0,56464.045482130736,60777.44149971473,55145.17547937593,464.82505445316065,55610.000533829094,0.001266492524870823,0.11493919051476002,0.06459309085105583,0,152,162.2083611867555,128076.84056666667,3868.123252424866,9898.60339961862,1200.0
154,2025-06-04,1200.0,51441.83770431306,53024.764861871496,49610.60136928251,4745.1653335945175,54355.76670287702,0.009521062032379317,0.0454317798673926,0.059432019231718196,0,153,1223.8358243892512,128539.84358333334,3500.223975632552,3626.534175983761,1200.0
155,2025-06-05,1200.0,63860.640611318755,128586.30938682683,56668.89963626229,786.2482540140343,57455.14789027633,0.0013164086437728525,0.09967606181561658,0.09089438066065508,0,154,169.1004843093998,128455.92066666666,5208.848155638005,8943.569980435113,1200.0
156,2025-06-06,1200.0,25570.152988464986,27033.48829010346,24134.846074356952,5710.866131892008,29845.712206248958,0.015565672295271166,0.0636968098130767,0.11579807428323852,0,155,1288.0191451708058,82747.41500000001,6009.042259577782,2601.540006076448,1200.0
157,2025-06-07,1200.0,27645.618987676047,29011.267807361888,26405.334923047707,1642.5632666195886,28047.898189667296,0.00529472384349508,0.102513407783051,0.11632137695501975,0,156,440.29207859611694,83156.75975,6052.229925882544,4494.127665370979,1200.0
158,2025-06-08,1200.0,60717.794454444804,62603.41921297614,58899.37765551862,136.6267647768914,59036.00442029551,0.00023758632583537035,0.14470389454339244,0.15097242435907765,0,157,30.474472580694965,128266.94665,9523.646003657857,13433.291663556205,1203.6064444444446
159,2025-06-09,1203.6064444444446,58723.012329756646,70662.52981849048,56914.85002402438,675.5784233509896,57590.42844737537,0.0016404028664128612,0.11263121688343673,0.08458560552552188,0,158,210.24910335366883,128169.18798333332,4841.381917167797,10166.286517292425,1200.0
160,2025-06-10,1200.0,54234.30440154264,58773.76152358924,52627.102917173295,1194.703693889761,53821.80661106305,0.0031972683292761216,0.06040566831975402,0.048771508109105306,0,159,407.3783192696643,127414.49178333333,2721.25738554085,5032.24511211983,1200.0
161,2025-06-11,1200.0,54919.53240496862,59406.69211320125,52908.12627344241,8323.492131366973,61231.618404809386,0.014230500916947207,0.05810808756736031,0.011934647747024922,0,160,1824.8721541410882,128236.67731666667,622.4185062064732,4887.394576189935,1200.0
162,2025-06-12,1200.0,58835.547365803664,74819.06546624214,56400.211081322544,360.77015879354514,56760.98124011609,0.001040232164568628,0.08932249160315128,0.06793721877118063,0,161,132.86033798228232,127721.81298333334,3754.8507831989546,7912.9515563034,1200.0
163,2025-06-13,1200.0,27330.806089979433,29207.073758911785,26003.882832391548,1368.2246414888853,27372.107473880435,0.003252738283707353,0.13618510963126018,0.1406200336890796,0,162,266.3654057311941,81889.59039999999,7529.3979934113995,6054.31376604612,1266.9319395579091
164,2025-06-14,1266.9319395579091,24857.376812754745,26133.432609037598,23649.1983849514,690.907164230704,24340.105549182103,0.0023508398204055707,0.08507092563569855,0.16101000756893089,0,163,193.36399710393584,82253.15711666667,9026.191135489858,3510.492702553447,1215.1486798731835
165,2025-06-15,1215.1486798731835,55923.244446013516,59479.50117714217,54010.172648277825,1531.8356195933347,55542.00826787116,0.002902652870170177,0.09408627488493151,0.05812562151969242,0,164,369.7076582126763,127368.88451666664,3298.1587956208145,8110.111154272501,1210.804621613746
166,2025-06-16,1210.804621613746,54165.8155447303,59545.86403696991,52268.38915602211,2991.6533758144824,55260.04253183659,0.0067761857294495855,0.06196401230518842,0.027681940859089867,0,165,864.7675530832147,127618.63201666667,1520.4189531247973,5128.495259969959,1200.0
167,2025-06-17,1200.0,65425.052894882625,132479.51918400382,57974.55664053582,1804.8818861091056,59779.438526644924,0.003352448426517819,0.0853634928589711,0.08053901278333843,0,166,426.80609138599266,127311.75459999999,4242.371830709355,7762.383582029993,1200.0
168,2025-06-18,1200.0,57717.875336595614,62040.86632864847,56157.768705952694,831.9544336192536,56989.72313957195,0.002037148771980866,0.09044497021352828,0.09579295510034616,0,167,258.5326742683103,126909.07891666667,5362.555533667037,8029.7493569321305,1200.0
169,2025-06-19,1200.0,54748.070235535524,56700.50328453742,52948.001256841526,1830.3484484178668,54778.349705259396,0.003573922464692106,0.09204104546871669,0.07540967649582415,0,168,455.1356910514878,127349.06689999998,4455.924807486717,7778.153254820355,1200.0
170,2025-06-20,1200.0,23066.960977428964,24206.405892962473,21642.695299325755,668.1513498366741,22310.846649162428,0.0038212240554737755,0.09443341867531745,0.1470909791904597,0,169,310.04296080422,81137.07971666666,8639.609132517326,3481.8610190303775,1249.7475853187252
171,2025-06-21,1249.7475853187252,34141.124217230405,84522.81478270917,28533.7655258363,112.83878125091411,28646.604307087215,0.0006724121314841907,0.14154191112985934,0.3100220368463407,0,170,54.73977037217111,81408.0648,19244.09846431166,6827.899215626245,1200.0
172,2025-06-22,1200.0,60352.118212630434,123764.65460911536,53306.280835243226,2090.469310743415,55396.75014598664,0.004072057576074649,0.09065686743081983,0.09674479445755611,0,171,515.275974570172,126539.46191666665,5715.887634524914,7688.791578072776,1200.0
173,2025-06-23,1200.0,52791.19427377017,54951.125721254466,50589.825978317465,1344.4930820998911,51934.31906041736,0.00364642638942536,0.0829795909674502,0.056133462590086086,0,172,461.96894291040564,126690.87308333332,3347.2151958045715,6730.487849662606,1200.0
174,2025-06-24,1200.0,52798.79421740382,57567.20046572489,51308.681115649364,11803.280249801406,63111.96136545077,0.022256275526431987,0.03750623878027306,0.016506266426591646,0,173,2829.0585016395803,127112.84501666666,839.2454811742841,3067.2329065976137,1200.0
175,2025-06-25,1200.0,52890.447853525206,56816.998023596774,50848.62903345992,3077.1870773815754,53925.81611084149,0.0073892390520175375,0.06260279157317544,0.04311025619316738,0,174,933.3378026718719,126310.40843333333,2408.6987867215275,5099.074600772994,1200.0
176,2025-06-26,1200.0,53224.7705214843,57518.189866191504,51422.97688297526,1282.3461344187556,52705.32301739401,0.0027507452159644726,0.08753570857569203,0.048091086046775935,0,175,348.51239171727843,126697.44536666665,2844.590698871624,7141.768426701049,1200.0
177,2025-06-27,1200.0,23090.393950046255,24357.470100338276,22015.99864594525,567.0740309589747,22583.072676904223,0.002584537421826814,0.09111975398636873,0.18434823259619598,0,176,205.63420994984938,79563.255,11022.477467812569,3316.1026000736306,1200.0
178,2025-06-28,1200.0,21438.956966716938,22041.271371231414,20616.44041214541,2784.579490328061,23401.019902473472,0.009634797691766513,0.0689895423310404,0.13802727062927989,0,177,777.1579354276964,80661.5728,8127.687063669978,2332.3964999935006,1200.0
179,2025-06-29,1200.0,60976.9028638039,127330.05491526927,53604.330413641066,1108.681288392665,54713.011702033735,0.00277830674714472,0.0677979083430719,0.10282869492544364,0,178,351.1357667941098,126384.80871666667,5873.270700056289,5768.65442411479,1215.6314814814814
180,2025-06-30,1215.6314814814814,54983.06144903474,58473.155958880554,52757.79248643774,3548.5930268328448,56306.38551327059,0.008429960282574452,0.07312450157924409,0.07512880404095443,0,179,1061.7309102141717,125947.32058333333,4212.444740768926,6124.884604073453,1200.0
181,2025-07-01,1200.0,52050.45685357238,56002.94927076733,50257.95885295805,25645.31724300641,75903.27609596447,0.05094219875324605,0.028723322051108505,0.03549386528121674,0,180,7210.70781993425,141546.85106666666,2224.7663736264353,2310.805923777152,1200.0
182,2025-07-02,1200.0,52417.11628016495,54301.4865015153,50455.24720849687,19529.173512040892,69984.42072053776,0.039720032135915476,0.04473212823750475,0.07985796990156695,0,181,5608.415241914146,141198.65821666666,5453.811559818167,3607.706525668833,1200.0
183,2025-07-03,1200.0,58186.92350529976,69632.47655993776,56313.193034485834,6304.178860047213,62617.37189453305,0.010085951404882172,0.057963855283063866,0.028806216421131507,0,182,1427.82314326177,141565.53863333334,1780.3716540121384,5190.476435430241,1200.0
184,2025-07-04,1200.0,27870.92822899455,31667.229434606234,26616.264209403154,5738.475604189514,32354.73981359267,0.025194197997320214,0.06319307668051821,0.15390210721543865,0,183,2413.4798536718076,95795.06574999998,10298.236118436687,2649.2925818253448,1200.0
185,2025-07-05,1200.0,29686.39241280604,36645.13144404709,28521.994494250932,953.9238441972813,29475.918338448213,0.0033325194362644577,0.08378385314704356,0.17041665013743545,0,184,319.4980857140234,95872.83489999999,11432.018377729186,3896.7256314033975,1200.0
186,2025-07-06,1200.0,54485.35129093546,63513.74311859582,52553.68251684175,20850.72469175272,73404.40720859446,0.032233064155947865,0.03813616417377779,0.029146158378693856,0,185,4552.745436373018,141244.57465,1791.0487189572718,3216.95817328428,1200.0
187,2025-07-07,1200.0,58596.953994751246,60703.834242962854,57208.61986764005,1816.818165013184,59025.438032653234,0.004047001209807355,0.08443508246353493,0.07641280279255028,0,186,572.6320313072187,141495.39415,5202.635319485704,7598.525761288284,1200.0
188,2025-07-08,1200.0,60344.97707301747,62813.26332913747,57979.33007270687,4682.822758732959,62662.15283143983,0.007592066267307559,0.10174923526332465,0.04877403490904412,0,187,1072.6468059755912,141285.227,3205.1291253544396,9286.99010539466,1200.0
189,2025-07-09,1200.0,59547.11154125237,65799.95129537147,57644.454217984174,536.3347872828026,58180.789005266975,0.001175553841874619,0.08380763515435971,0.06951462287192332,0,188,165.27194335542606,140590.70496666664,4624.945495146613,7571.513994904186,1200.0
190,2025-07-10,1200.0,60319.22280822374,74383.08634455355,58229.9093963044,615.7232796081798,58845.63267591258,0.0015793661422247342,0.09898787600418342,0.07665525978366335,0,189,221.84336284660344,140463.54225,5182.655894676735,9034.580709140955,1200.0
191,2025-07-11,1200.0,33094.96254449295,40036.957015153646,31912.46376718785,430.1318729180156,32342.59564010587,0.0011527167998581366,0.17173007700950932,0.120720545710282,0,190,109.20964423552482,94741.0884,7511.511369455019,8905.749088075681,1425.7253228250415
192,2025-07-12,1425.7253228250415,29637.805179665673,36932.4608604655,28429.21464228657,789.7102386949505,29218.92488098152,0.0026464774953336985,0.10192803151673654,0.1291044878804194,0,191,252.25792400801595,95318.37109999999,8292.914169760927,4697.50910845376,1200.0
193,2025-07-13,1200.0,55986.1754473585,58525.072854621925,54636.50881870433,3057.6048384269716,57694.1136571313,0.005539347639506917,0.08592740975112087,0.09009128320363533,0,192,774.9179894121286,139893.36648333335,6362.755082733301,7436.085053709065,1200.0
194,2025-07-14,1200.0,60176.23072311137,68975.73759978086,57917.34045974614,409.99648558513223,58327.33694533128,0.0005039990806769223,0.10145104522607291,0.08046153171533096,0,193,71.0953317452587,141062.42346666666,5572.342800908509,9214.808314077272,1200.0
195,2025-07-15,1200.0,57993.36376175548,61494.374324305616,56371.7134494035,1965.5360656794394,58337.249515082935,0.005732388387277989,0.07683120541069016,0.07895068158546915,0,194,799.927069971218,139545.16266666667,5273.598576238559,6780.055039644851,1200.0
196,2025-07-16,1200.0,56191.52063484189,62869.24444164443,54540.53560253482,2677.4673931300485,57218.00299566487,0.006055605908406371,0.05243813250516104,0.08094058825272285,0,195,849.9967303903416,140365.26538333332,5522.633156776234,4485.341530053167,1200.0
197,2025-07-17,1200.0,55777.22005122483,61185.40190562502,54278.20296656756,4848.8692489665755,59127.072215534135,0.008960969304853066,0.0736004329041147,0.05440623660498033,0,196,1250.6749522420985,139569.15928333334,3636.988540191541,6304.385344752238,1200.0
198,2025-07-18,1200.0,27821.78738674773,28168.915495901278,26888.616861056904,720.0269997769382,27608.643860833843,0.002335151820283829,0.0821772380336449,0.11917982144875312,0,197,218.79922619006743,93698.0732,7439.6603295661935,3699.125159062719,1312.601838993399
199,2025-07-19,1312.601838993399,27997.754407799825,34717.842981358655,26908.02989835826,500.50374185093267,27408.533640209193,0.00205222644789744,0.06877906582411393,0.17926853228091516,0,198,194.06781390206993,94564.52240000002,12079.419062142524,3072.6952629867537,1243.9109318745986
200,2025-07-20,1243.9109318745986,53382.52574649329,55547.159248443866,51442.65960960002,4450.541883998269,55893.20149359829,0.009135620553021473,0.05031087684904814,0.04201525797124926,0,199,1267.5722736995626,138750.53876666666,2800.7606480163313,4111.150546510069,1200.0
201,2025-07-21,1200.0,56908.62446934619,59460.78436305624,54942.80648693952,1692.3828541711582,56635.18934111067,0.003216788157433857,0.06980749527848389,0.04754910123375533,0,200,445.3412232143895,138442.8198,3064.6855716534137,6058.918155590557,1200.0
202,2025-07-22,1200.0,56196.122208000466,59144.000098112585,54226.67711279783,5056.8849491474775,59283.562061945304,0.010290560278753861,0.06571061301976461,0.047570850972883126,0,201,1435.6860644347425,139514.85881666664,3126.3427301886704,5610.332025435213,1200.0
203,2025-07-23,1200.0,59780.23386216295,71775.5353433069,57690.462773737076,2311.724879260035,60002.18765299711,0.004106270958360132,0.0899575155231788,0.06796881383288776,0,202,572.6196233193382,139450.03365,4433.842701854324,8138.887972938158,1200.0
204,2025-07-24,1200.0,56612.86880602383,58308.54774453624,54407.301960804114,3535.407216479047,57942.70917728316,0.006754232481213039,0.05835156447044872,0.05983277864415808,0,203,938.1778692635885,138902.21751666663,3906.227560117552,5010.375199818953,1200.0
205,2025-07-25,1200.0,27030.247242171514,27497.926737872876,26159.76172956129,984.1087710737038,27143.870500634996,0.0028996845931617806,0.08110611290173235,0.1749854764454454,0,204,267.79990573368786,92354.83968333332,11522.709651318859,3568.2367560722796,1199.9999999999995
206,2025-07-26,1199.9999999999995,27150.41531846954,28054.499900210503,26287.39171306759,879.4238597799961,27166.815572847587,0.003302781744404359,0.07289277513287704,0.15591715552931668,0,205,307.77860111502713,93187.68993333331,10090.739767174946,3219.82786905649,1201.477945455325
207,2025-07-27,1201.477945455325,53102.7932448684,54151.604204228046,51650.333760326546,6968.822048958743,58619.15580928529,0.01418055021097418,0.050183599161598556,0.02516933408926177,0,206,1958.4785730433077,138110.19628333332,1621.534511881872,4092.6193776136324,1200.0
208,2025-07-28,1200.0,56673.895739580716,60174.58096550708,54934.53373497815,4556.8284868130395,59491.36222179119,0.008412424723591773,0.046870130807153965,0.03393325195358726,0,207,1162.8410439379018,138228.99843333333,2045.296940960655,4087.2009932131978,1200.0
209,2025-07-29,1200.0,62213.94204806814,69022.9133303843,60599.15073182409,739.5004704159139,61338.651202240006,0.0019025593353985007,0.10677314679404407,0.05786483367397591,0,208,263.15200954497834,138314.74511666666,3601.8254562327725,10018.300869612183,1200.0
210,2025-07-30,1200.0,60255.07146610414,68767.03627999262,58446.2155543439,1151.6984344625318,59597.91398880643,0.002523202198201227,0.0733152529258697,0.09936581159222611,0,209,349.27266062279443,138424.36443333334,6391.319335753079,6707.613813141441,1200.0
211,2025-07-31,1200.0,57103.719096304885,59931.45250114577,55070.25646908764,1711.5018878028714,56781.75835689051,0.0038046227641657868,0.07038893551620119,0.04272233526826573,0,210,522.8438676935264,137423.31371666666,2679.9002089131036,6140.845102035821,1200.0
212,2025-08-01,1200.0,29943.880664923025,37638.10877020531,28577.462687685897,513.4517050392127,29090.91439272511,0.0020623716813981292,0.13525238801134462,0.24136054852704858,0,211,191.22191457938322,92719.4241,17249.571233795785,6422.180200947547,1200.0
213,2025-08-02,1200.0,31020.981795554653,31632.406746031385,30721.17378306377,155.58421571679327,30876.757998780562,0.0004156782601160289,0.19259568582782183,0.22989402202231124,0,212,38.060434368302936,91562.24421666667,16238.614657473416,9471.165637451795,1200.0
214,2025-08-03,1200.0,62542.7114491589,123124.22953077011,55811.43166231322,526.052003659125,56337.483665972344,0.000959152478519584,0.11632166813549492,0.1365419229095223,0,213,132.4229757813482,138062.48614999998,10271.093909031519,10172.436442010126,1200.0
215,2025-08-04,1200.0,48666.02115360805,50344.903639721764,47076.21440906197,4680.864796969189,51757.07920603116,0.009266256842171193,0.04232492254549128,0.04989875152682648,0,214,1281.6355073805512,138312.10695,3637.4419388820666,3160.674460154712,1200.0
216,2025-08-05,1200.0,50385.09853824262,54493.709518678945,49250.6523573535,3031.610353904084,52282.26271125759,0.005529345188236948,0.06473302919879777,0.056178368227160234,0,215,754.5261353476438,136458.49728333333,4005.865261058849,4996.81392846114,1200.0
217,2025-08-06,1200.0,51297.636389765816,53025.70208740579,49340.66630292961,6442.839841134189,55783.5061440638,0.012617399019613944,0.041577445801987654,0.06349646179907747,0,216,1725.0014321731735,136716.08779999998,4355.964495309011,3239.4514412033886,1200.0
218,2025-08-07,1200.0,62137.689873472074,120845.04307810243,55614.65062851315,620.3092184591856,56234.959846972335,0.0015659951168267875,0.11550347782383186,0.13265755682554542,0,217,214.30761322886167,136850.75446666667,9745.391481921886,10080.102138501175,1200.0
219,2025-08-08,1200.0,26735.535026765854,27894.74755944234,25536.65227345575,1212.0655428587283,26748.717816314478,0.003171813686893866,0.09597439299586262,0.26722360792951555,0,218,287.6937023241356,90703.21611666666,20022.542484375284,4029.8994637601254,1200.0000000000002
220,2025-08-09,1200.0000000000002,34913.24467273346,66149.25109927534,31418.747006382226,0.0,31418.747006382226,0.0,0.15995629803160355,0.31147204771942316,0,219,0.0,90303.83174999998,22233.46741965122,8538.195767006773,1200.0
221,2025-08-10,1200.0,50177.645475886726,51077.62878755597,48767.2305911732,3031.2255559964406,51798.456147169636,0.0069770329726142125,0.04898419008253823,0.06746617631464812,0,220,952.6122997187282,136535.44471666665,4805.671443465296,3751.4268711591317,1200.0
222,2025-08-11,1200.0,51221.91215577235,53620.482253335096,49456.35537049475,2465.32770927762,51921.68307977237,0.005043539042672048,0.06381954685464787,0.0779376081497898,0,221,688.0510123360028,136422.26351666666,5600.675252916688,5013.866026183516,1200.0
223,2025-08-12,1200.0,50784.57595299089,51603.54013138238,49639.33693143788,2945.061644307204,52584.39857574509,0.0059750611930065095,0.055895054672957696,0.04622326429521446,0,222,816.4180015478443,136637.5967,3183.7222270056573,4383.87471801248,1200.0
224,2025-08-13,1200.0,49552.871170428465,53464.700304217266,48044.442958015614,6857.321280381742,54901.76423839736,0.014207253009670857,0.06317450602103597,0.034884279136472,0,223,1939.9719439474402,136547.99718333333,2456.7957453588638,4752.702637144913,1200.0
225,2025-08-14,1200.0,48971.58339008478,50183.4078362786,47353.33675268524,7393.586909043488,54746.923661728724,0.012758949701495333,0.04224355573983768,0.0410131676710432,0,224,1734.4012930429842,135936.05536666664,2871.3222052638785,3117.151043066646,1200.0
226,2025-08-15,1200.0,26893.110942524676,30802.71935538178,25985.348829704242,1362.092467960836,27347.44129766508,0.005865154115722025,0.07666963536753434,0.2638118809292002,0,225,527.6765242936818,89968.05776666666,19207.702717647746,3177.1567993831945,1200.0
227,2025-08-16,1200.0,25266.953214438865,26409.44429468798,24323.68409508586,2071.0992291000266,26394.783324185886,0.005094661799265333,0.058054140710535794,0.26925314331542993,0,226,459.4545869970307,90183.53034999999,19723.937069226784,2393.287185803307,1200.0
228,2025-08-17,1200.0,50797.41809652147,51554.56082768849,49223.43290114804,3969.401987737694,53192.83488888573,0.007238432618336346,0.07306509701197073,0.09022702296681209,0,227,979.8602283889729,135369.1165,6514.726962883853,5725.746593619322,1200.0
229,2025-08-18,1200.0,51503.473346444596,53170.42607446185,49977.32555669423,3623.5196516029646,53600.84520829719,0.006826346649044547,0.08413740889519485,0.07067607672016439,0,228,926.4046964183673,135710.17471666663,5040.339264331377,6662.681633462706,1200.0
230,2025-08-19,1200.0,60711.1413033201,122808.63565972052,53811.419708164496,507.1538511941359,54318.57355935863,0.0011965957106823161,0.08405318375726302,0.12330386429822783,0,229,161.97655959692645,135364.48288333332,8760.347801461568,7080.645906755388,1200.0
231,2025-08-20,1200.0,48439.36960378609,49216.081378956915,46807.85645158951,16248.876392408589,63056.7328439981,0.02929045125377017,0.034749627259148146,0.006867934828338429,0,230,3955.618432840038,135048.05366666667,442.2768894536785,2554.5997110631783,1200.0
232,2025-08-21,1200.0,59885.648251675884,74094.99095138983,57745.62011393125,1267.4050190731537,59013.0251330044,0.002896048622747572,0.13518746464044493,0.11920091785092884,0,231,390.8848923141072,134971.7989,8240.04719429699,12205.980428461593,1200.0
233,2025-08-22,1200.0,26883.819807045114,27728.973418239937,25873.52674311555,3228.504182683215,29102.03092579877,0.009821043415518316,0.059773217259867444,0.23851518786666634,0,232,889.1160547403994,90531.7304,16529.37943529309,2500.1452295648132,1200.0
234,2025-08-23,1200.0,26858.924767327328,34725.192757129684,25628.980910988095,601.283230586445,26230.264141574542,0.0023106769998606337,0.07782251299547999,0.21664542735996395,0,233,207.26113275449922,89697.14623333333,14551.453767900315,3335.9028673959024,1200.0
235,2025-08-24,1200.0,51474.81266593687,53491.758617349966,50189.039957892855,2463.070679661899,52652.11063755475,0.005379213638272821,0.07164728046773317,0.08727170133660915,0,234,726.560011770087,135068.0714,6225.481600833079,5670.89741017813,1200.0
236,2025-08-25,1200.0,54044.463486795816,59365.786849847485,52208.011764081726,3930.630763540136,56138.642527621865,0.009789780810771016,0.04481319633427579,0.06047382108520877,0,235,1316.8392151155927,134511.61375,3854.512261906396,3634.4067207638514,1200.0
237,2025-08-26,1200.0,58652.30615162228,66990.14406977821,56530.59005712784,125.99916544841446,56656.58922257625,0.00026761431320953177,0.12058737765344742,0.11463220298365819,0,236,35.95905799969535,134368.96393333335,7891.297538112174,10664.441349530545,1200.0
238,2025-08-27,1200.0,52052.14354691378,53588.450155279206,50284.449564079376,3231.3801332535713,53515.82969733295,0.0054908492424265605,0.0489874223935544,0.0620747969119248,0,237,734.6118364992601,133788.3821,4089.129649687934,3875.3418713497936,1200.0
239,2025-08-28,1200.0,52840.12433130768,55407.97407337147,50988.97874408425,10239.507853934902,61228.48659801915,0.019263947033800053,0.05564127964897418,0.04583456274122859,0,238,2591.8449560655763,134543.81656666665,2923.1460626472403,4424.4265103215785,1200.0
240,2025-08-29,1200.0,27774.91235832059,28845.126371056664,26730.05123040838,2111.681347301487,28841.732577709867,0.004664630413717458,0.09027656240207811,0.22301015461287552,0,239,412.01902640567965,88328.33254999999,14668.071921092009,3908.7998620214057,1200.0
241,2025-08-30,1200.0,27441.514622154034,34921.14799276891,26400.852861875213,671.8507574430964,27072.70361931831,0.003192348791352195,0.07740398948386298,0.27395529494684057,0,240,284.1991307466774,89025.08758333331,19317.236504351335,3379.0861423154633,1200.0
242,2025-08-31,1200.0,64701.34482928667,120075.22713591887,58548.69123966088,107.12171035487884,58655.81295001576,0.00037734778789333276,0.1084659790816453,0.14143394800725242,0,241,50.32512351470666,133365.35983333332,9436.294344609061,9799.36851434672,1200.0
243,2025-09-01,1200.0,52165.72658089085,54200.03298419533,50326.00133953322,0.0,50326.00133953322,0.0,0.17969614116652197,0.10847346620927012,0,242,0.0,121263.61926666666,7342.513034944139,14317.494939270537,1493.4554463449035
244,2025-09-02,1493.4554463449035,41782.22042005685,45520.47268980809,40032.39187306325,5660.488349770787,45692.880222834036,0.00897993478752596,0.05977685436944167,0.06652241563644976,0,243,1091.35683541086,121532.82414999999,4488.604538550435,3881.336633914949,1200.0
245,2025-09-03,1200.0,46335.95253668831,57223.47982554097,44635.9444873365,2286.3673629105065,46922.311850247,0.004870450838182937,0.07845820461735818,0.10183349568996727,0,244,591.4369459863974,121433.71643333332,6709.401613865162,5573.191335830154,1200.0
246,2025-09-04,1200.0,48530.55317699148,57829.51981300807,46850.94069874064,2141.6321684780287,48992.57286721867,0.004095921393214205,0.1260883593718561,0.11036819370780945,0,245,495.8570485148366,121061.17303333333,7409.635731411994,9307.242919910768,1200.0
247,2025-09-05,1200.0,52235.89862762198,108231.39203367039,46014.17713806106,0.0,46014.17713806106,0.0,0.44076977011555524,0.4471556304142256,0,246,0.0,75132.98045,30544.628210349463,32762.71838154181,1200.0
248,2025-09-06,1200.0,22063.57408234493,23061.206457685377,21044.83297295578,828.4365333418195,21873.2695062976,0.002290426506112917,0.14418864180640306,0.29512001918341957,0,247,173.67473725376908,75826.37416666666,20099.234629015027,5048.668279685746,1200.0
249,2025-09-07,1200.0,44221.18842353622,49514.76205778367,41978.336306490746,3653.4718821700135,45631.80818866076,0.00923334335752626,0.08641453788842864,0.04181758747220679,0,248,1115.2125274732475,120781.00903333332,2752.4346702843327,5724.182637273012,1242.5038301562392
250,2025-09-08,1242.5038301562392,41866.76252073919,49917.54392393955,39626.51132403408,11794.202028641788,51420.71335267587,0.021695759443176678,0.0374982572094726,0.03955581928475893,0,249,2633.8780496927347,121400.59243333332,2452.659480579739,2458.9297243884216,1200.0
251,2025-09-09,1200.0,50083.18178789555,55564.01426148835,48016.85514242491,1507.6345255312362,49524.48966795614,0.002531850317917175,0.12170024133309248,0.15406317232250075,0,250,306.5620966557848,121082.23558333333,10473.122219430052,9354.796213752581,1200.0
252,2025-09-10,1200.0,43641.28825154293,45135.1994608599,42055.97446016247,9882.109227703257,51938.08368786573,0.018130340100060607,0.04287201168904312,0.02059628791899527,0,251,2198.7531607657465,121274.78848333332,1234.9284986818598,2874.3525238025013,1200.0
253,2025-09-11,1200.0,48643.16658441581,61484.01972150456,46538.241179096585,2442.4723955280565,48980.71357462464,0.005165654958732174,0.11481053192235598,0.12779055314549587,0,252,623.7361943346122,120746.77835,8594.00320251202,8516.344268311936,1200.0
254,2025-09-12,1200.0,20638.291731749363,21359.256908014013,19797.266326440047,1350.5286893002997,21147.795015740347,0.004524433304471134,0.10059502094805294,0.2690986482343595,0,253,342.44181108971736,75687.22711666666,17258.7954374139,3492.8349931227585,1260.99561393146
255,2025-09-13,1260.99561393146,21209.077680116487,26973.57508236457,20147.57343343548,377.2892212729179,20524.862654708395,0.0014558127769593462,0.10405778113420591,0.3134112540042355,0,254,109.27852338559319,75063.58311666666,21016.255997814984,3675.19602277579,1200.0000000000007
256,2025-09-14,1200.0000000000007,43586.0340504544,47383.63386769637,41715.659637755976,5979.636287984241,47695.29592574022,0.012790304053486917,0.039358022439390586,0.029222018795758805,0,255,1550.6669903207799,121237.69566666667,1786.5866240689065,2640.05405035146,1200.0
257,2025-09-15,1200.0,47017.469811130555,49452.01172152361,45170.319904706426,6141.458720248586,51311.77862495501,0.011745808123533019,0.09560465246149927,0.12582462159861532,0,256,1418.4241400017468,120760.02988333334,8265.79677230937,6990.280636113443,1200.0
258,2025-09-16,1200.0,44334.47082091402,49627.43857455045,42781.24057820395,6300.412635604447,49081.6532138084,0.01801361176881722,0.04382436746052143,0.04827246908995797,0,257,2194.83893801375,121843.35746666667,3009.865079499018,2940.6277037386453,1200.0
259,2025-09-17,1200.0,57221.74087749852,116273.13953669067,50660.4743598105,69.86563743018186,50730.33999724068,0.00027243025205937066,0.11159069999153372,0.11282848515657826,0,258,32.94357238207772,120924.79499999998,6878.552108838694,8953.73691408982,1207.5747872367654
260,2025-09-18,1207.5747872367654,57393.66948010649,114597.58651947563,51037.678697954354,704.010946423597,51741.68964437795,0.0011992106375939646,0.12442407555292281,0.11987951279633216,0,259,144.86958141204582,120804.11636666665,7414.3159295657615,10042.230463930784,1200.0
261,2025-09-19,1200.0,23533.29901373638,25270.905235468817,22755.1693889331,463.12641961149797,23218.295808544597,0.0025920153889358198,0.09075334410972456,0.22806416798371862,0,260,195.14539039035725,75287.12646666667,13498.15433799203,3183.7706957142486,1200.0000000000002
262,2025-09-20,1200.0000000000002,23798.198334238416,25200.443870449555,22638.749272571287,1663.146173161485,24301.89544573277,0.004604459296687683,0.0809936074307283,0.23463450822047863,0,261,346.85726917754937,75330.72763333333,14004.229582221233,2805.9288362714155,1199.9999999999998
263,2025-09-21,1199.9999999999998,50523.53249340403,54770.56046567958,48605.98878897808,1872.5597247860555,50478.54851376414,0.0033428937569805915,0.0946455260627669,0.12673598282115847,0,262,404.0297712394066,120862.28298333334,7930.478207525505,7336.749063617732,1200.0
264,2025-09-22,1200.0,45995.083944046506,47299.46698760899,44242.10739801569,2386.609886164989,46628.717284180675,0.005246367966764673,0.03795970043101052,0.06994623825455597,0,263,635.9544511437032,121218.04173333332,4239.023351504415,2694.8718840947176,1200.0
265,2025-09-23,1200.0,47610.76635896851,49687.980020559284,45551.19126201674,3381.948613125583,48933.139875142326,0.006010183887913134,0.06660888506058874,0.043665783586738914,0,264,728.3277947701565,121182.28133333333,2579.1485780461567,4855.548011977625,1200.0
266,2025-09-24,1200.0,47883.845309024815,49731.605545334925,45764.63256447004,2155.340055339397,47919.972619809436,0.005077364059452849,0.05267949582098696,0.07240281659123823,0,265,614.4331163374588,121014.19341666665,4340.618963498751,3832.6563634482563,1200.0
267,2025-09-25,1200.0,47575.324295701284,53128.17070170191,45822.28135238906,2700.2011158979612,48522.48246828702,0.006445075109615968,0.055346124276978055,0.07343722930028262,0,266,776.9302615715907,120546.34714999999,4421.721541161236,3993.1492697863473,1200.0
268,2025-09-26,1200.0,24404.54889136289,25095.146359536466,23454.503954487693,590.7899982940131,24045.293952781707,0.0019101282366410842,0.10741403191889641,0.21280235300012001,0,267,141.72073003354137,74194.35371666666,12023.356398872786,3874.1514923533246,1200.000000000001
269,2025-09-27,1200.000000000001,21643.09152177481,25803.635285280612,20602.20009310203,2986.227323318505,23588.427416420534,0.009003393111828628,0.0796491535668606,0.2277451649977081,0,268,683.7696382464592,75945.77175,13242.121799981705,2878.597411924213,1204.0345381873612
270,2025-09-28,1204.0345381873612,47319.91101016918,48497.71733541209,45367.31150417958,3062.8929372687226,48430.2044414483,0.0069486922312094745,0.059816817865433865,0.02541764568539704,0,269,836.5504143169724,120389.61958333333,1446.314631204691,4348.485386209479,1200.0
271,2025-09-29,1200.0,50256.46283717908,51765.687337046664,48342.656622045746,2546.3882640174306,50889.04488606317,0.004773941622064738,0.07303494106399502,0.07993082883135466,0,270,578.1788240208673,121111.4148,4664.08561294802,5596.0763774038805,1200.0
272,2025-09-30,1200.0,47878.57587470967,49251.02139802467,45830.55095404185,4201.60740143918,50032.15835548103,0.008078161953538623,0.04968667804380126,0.019020697918752705,0,271,976.782706876309,120916.45506666665,1055.5399418048892,3641.1279712551436,1200.0
273,2025-10-01,1200.0,50755.78491961391,52860.63466349631,49180.35285541944,180.62488709696785,49360.97774251641,0.0005915689701046823,0.17680395561595935,0.14806993294815524,0,272,69.34280053400084,117218.45471666666,10003.150566639171,13707.372252657398,1200.0
274,2025-10-02,1200.0,47820.12954841093,51078.4511974412,45938.01558014602,105.66984595810607,46043.68542610413,0.00035644985029019584,0.13161667878606814,0.11539181678099567,0,273,41.78722540153285,117231.70978333332,7558.270928905431,9625.75006428973,1200.0
275,2025-10-03,1200.0,42130.446641869275,43582.61277852028,40181.897724928975,0.0,40181.897724928975,0.0,0.409336544549289,0.3862486771326418,0,274,0.0,71524.19113333334,24606.758932664692,26943.972482008034,4260.951074074073
276,2025-10-04,4260.951074074073,23888.50104473551,30223.277639940476,22746.605323762393,1229.5934223792567,23976.19874614165,0.004144722368856166,0.1847243658359719,0.24586122834081542,0,275,300.06718470707585,72397.41483333333,14579.923012233827,6037.798566569338,1200.0
277,2025-10-05,1200.0,45834.4655308443,52238.56274141948,44185.096542866086,463.2814906049173,44648.378033471,0.0016759307203106436,0.09728178507499076,0.06540033485027912,0,276,197.0968618306531,117604.4209,4111.618324621322,6765.941506325829,1200.0
278,2025-10-06,1200.0,45305.55204276421,46631.20820284617,43289.58401595878,107.7793330442511,43397.36334900303,0.0002420398401980323,0.060160732031536227,0.0659034453916639,0,277,28.535561949677458,117896.13613333332,3964.9507568029653,4209.557389601885,1200.0
279,2025-10-07,1200.0,45508.893751224554,53032.48237008575,43372.008339341985,428.2033558478204,43800.211695189806,0.0012529993771687664,0.07995969552512107,0.04566093554562155,0,278,147.0484717338503,117357.17863333333,2720.734954879813,5604.629799679871,1200.0
280,2025-10-08,1200.0,44973.715098096465,49108.81513147895,43397.2184256295,143.01527232926898,43540.23369795877,0.0003274182664416718,0.06791114845265686,0.08445404076035211,0,279,38.435978130383205,117391.06235,5144.312389491899,4787.2947306830665,1206.542494932255
281,2025-10-09,1206.542494932255,44396.88959916465,46825.57101735565,42391.69909795228,744.4432036056177,43136.1423015579,0.0014615410056992273,0.06774332746626224,0.07616405985781578,0,280,171.63312991712303,117432.98973333332,4697.266676731754,4677.334472855468,1200.0
282,2025-10-10,1200.0,45766.5341688549,47444.441812721714,43587.53176829328,0.0,43587.53176829328,0.0,0.4443990112127378,0.40149894057007524,0,281,0.0,72371.53011666666,25305.6427851363,31236.19284662128,1588.2237037037034
283,2025-10-11,1588.2237037037034,19118.288755549627,21497.479150339186,18030.83850379292,1077.5643366335405,19108.402840426457,0.0029649697563281317,0.0866100531980033,0.24073285179096723,0,282,212.85803926136902,71790.96475000001,13886.590579918811,2882.0606500535905,1199.9999999999998
284,2025-10-12,1199.9999999999998,43672.09244519698,45609.147251337476,41511.76665739803,4005.3098564696497,45517.07651386768,0.0066111626519720175,0.04210744268846293,0.05431572808859785,0,283,778.1958844994789,117709.38418333331,3215.1884664712284,2860.1279440345124,1200.0
285,2025-10-13,1200.0,58318.742890036876,117805.76253970212,51695.35593352553,0.0,51695.35593352553,0.0,0.15783197241120414,0.12159709648704084,0,284,0.0,117677.75383333332,7374.9074985513535,12866.415241649716,1200.0
286,2025-10-14,1200.0,47156.21537747118,50361.06056705805,45467.209963969406,853.5776267175174,46320.78759068692,0.0017501346503823439,0.071717650391861,0.052570651402676895,0,285,206.57229415562176,118032.22918333333,3010.1113810179695,5229.987526359268,1200.0
287,2025-10-15,1200.0,46657.66654357001,51048.385096902464,44805.41187675983,3108.5792401558147,47913.99111691564,0.007428269587690273,0.062481265394123284,0.03446052365591242,0,286,871.6515812231607,117342.48076666666,1909.886894537683,4470.330765599634,1203.3266281182164
288,2025-10-16,1203.3266281182164,47788.61825539755,49197.19746442223,45442.14964219411,1699.3264279183418,47141.476070112454,0.0038858734207356076,0.05595251841193868,0.046676531828439276,0,287,457.4966092398206,117733.27633333334,2556.3244412640342,4105.487626897679,1200.0
289,2025-10-17,1200.0,51525.866303349365,54493.63821778465,49633.06271018027,0.0,49633.06271018027,0.0,0.46390918817869714,0.37617179800883527,0,288,0.0,71943.17253333333,21042.664133681577,35793.80422477724,1248.6571296296297
290,2025-10-18,1248.6571296296297,24981.455108538794,27072.98570355587,23948.615753227823,334.45358909317576,24283.069342321,0.002154332707323363,0.11039499543145202,0.22614075515077672,0,289,154.37237563264046,71656.70145,12568.927635940865,3846.2353269266423,1200.0
291,2025-10-19,1200.0,47404.35529192886,50034.618047424265,45241.514994646255,4336.874795241662,49578.389789887915,0.00855730534463537,0.04556815821132793,0.04330904811547973,0,290,1009.6871318535924,117991.24738333334,2343.2587790419343,3319.510056712354,1200.0
292,2025-10-20,1200.0,49422.78146345214,51888.891922110386,47496.24507302514,1101.0011200894799,48597.24619311462,0.00203798290170967,0.07225947535306279,0.04476420790725253,0,291,240.2849474635268,117903.31864999999,2393.208089436165,5526.715514809202,1200.0
293,2025-10-21,1200.0,51016.36662446101,55302.438885962045,49251.634556156976,728.9018899273896,49980.53644608436,0.0021202611788352552,0.06005448461402942,0.058410270967281054,0,292,249.7685669331962,117800.84898333333,2998.6821234537947,4697.306006158,1200.0
294,2025-10-22,1200.0,51173.943825434755,52918.51813016848,49075.98489529734,1028.6110979856917,50104.59599328303,0.0019802675669066765,0.06118689840389019,0.06414257810786517,0,293,233.02201846543915,117671.98653333331,3342.924505389209,4752.18568698894,1200.0
295,2025-10-23,1200.0,52513.72717717418,55791.77394690893,50700.29760953418,98.7200401657592,50799.01764969994,0.00038733028839773746,0.09760967428750565,0.07263954160165317,0,294,45.39976377375058,117212.01551666667,3910.3694658918544,7733.6110277873095,1200.0
296,2025-10-24,1200.0,50953.884876676966,53556.19251055545,49125.61506295581,0.0,49125.61506295581,0.0,0.40533734683364103,0.40255830837666745,0,295,0.0,72135.51853333332,21623.607857938656,31875.172689068648,4185.459518518517
297,2025-10-25,4185.459518518517,24359.755882033838,30984.131152437396,23183.077569502282,301.7550577249076,23484.832627227188,0.0012351954301097541,0.12171009555911012,0.1886677527569796,0,296,88.9869212747704,72042.787,9932.292014834311,3963.3799714249462,1200.0000000000014
298,2025-10-26,1200.0000000000014,51520.90406603526,56225.52082709935,49961.18440727588,1090.8879482810933,51052.07235555698,0.0023470894418474216,0.07556536520266775,0.08458290135517277,0,297,275.60074466085723,117422.34435,4472.577392705969,5973.72638167165,1200.0
299,2025-10-27,1200.0,50686.31524907901,54048.44912949324,48526.63534083366,1338.7393650967356,49865.37470593039,0.002946020889644753,0.07354116091237896,0.0631935601311995,0,298,347.0134630799438,117790.56431666666,3427.4912179877306,5632.304612312027,1200.0
300,2025-10-28,1200.0,52122.47545847334,57447.56959695754,50225.66281760206,165.17727379332945,50390.84009139539,0.00046763046162472176,0.07065223072527867,0.05469142255840415,0,299,54.9531937802584,117514.14480000001,2818.89015745036,5552.008710086708,1200.0
301,2025-10-29,1200.0,51659.46771171987,56135.29652040143,49823.80106009866,2125.360573961635,51949.16163406029,0.007114512528951499,0.052265720240756035,0.026674660152184886,0,300,837.5319014072236,117721.61451666665,1291.3031652776322,4086.6172284245667,1200.0
302,2025-10-30,1200.0,55420.642432846405,64332.99362837577,52917.194812456655,53.7566525080029,52970.95146496466,0.00013329131631241122,0.0949260830996812,0.10123036446402117,0,301,15.583896943905756,116916.07056666666,5276.962041626841,7812.800303761347,1200.0
303,2025-10-31,1200.0,53319.620582688265,59092.12813818457,51452.622265009835,0.0,51452.622265009835,0.0,0.39989191813496777,0.41549111063802907,0,302,0.0,71748.98903333332,19879.046280820272,32106.479467701094,1282.1345034294923
304,2025-11-01,1282.1345034294923,23124.81164903623,31593.338012875964,21815.121998812276,133.0912122099474,21948.213211022223,0.0008491714960038674,0.12899681475639266,0.15743914070076911,0,303,61.118447140657906,71974.20948333332,7782.243654804033,4949.678643787736,1200.7296481920262
305,2025-11-02,1200.7296481920262,52732.14758580434,55559.807481094824,50727.988417748384,3296.8939842738346,54024.88240202222,0.005761874746491431,0.06812449633665409,0.04474851995086902,0,304,678.9979673778234,117843.23631666665,2194.7740524029196,5454.215090208293,1200.0
306,2025-11-03,1200.0,53900.25310059871,55816.82807094152,51662.12947196159,667.9473701165957,52330.07684207819,0.00222738899866855,0.05574037961276049,0.06136642002137014,0,305,262.4062812903246,117808.91503333332,2964.242616874358,4522.622619509886,1200.0
307,2025-11-04,1200.0,55132.05702617619,58610.21634853451,52742.35521573576,605.4508958451881,53347.806111580954,0.0012733534779986793,0.08203269936165418,0.07474702101783574,0,306,149.48738258254707,117396.61073333332,3723.6378652447274,6752.82123066181,1200.0
308,2025-11-05,1200.0,52659.76092871806,54632.58015626393,50778.477115096844,607.3620355883104,51385.839150685155,0.0011737859198005835,0.05609501850039066,0.044307360015084646,0,307,138.2302035140999,117764.40761666666,2130.5808850027342,4511.576526306253,1200.0
309,2025-11-06,1200.0,53609.987615000355,56817.16928989786,51095.07041287985,3166.7771178512867,54261.84753073114,0.005884975462644783,0.05421528935528623,0.025979582040958196,0,308,692.7386706066623,117713.09413333333,1203.9850092861407,4367.74364245021,1200.0
310,2025-11-07,1200.0,57102.26334386218,61348.86652009756,54554.11858438808,0.0,54554.11858438808,0.0,0.42879052604124884,0.4183507850515763,0,309,0.0,72212.37866666666,20454.80851238902,36335.51687988485,1467.9274907407441
311,2025-11-08,1467.9274907407441,26636.510651245586,28250.078056951195,25289.996283462086,486.73655900626846,25776.732842468355,0.0020011256973954928,0.10145410622193059,0.14086082171402545,0,310,144.1508230952935,72034.86681666666,6795.641550181494,3702.1707229918734,1200.0
312,2025-11-09,1200.0,62455.8812278298,132044.2611294538,54723.839016538244,442.0258022370958,55165.86481877534,0.0008110254248679718,0.08418782519109666,0.06818076070091282,0,311,95.60178752936747,117877.67016666666,3172.508952466005,7253.594082781068,1200.0
313,2025-11-10,1200.0,53680.11953269297,55679.22322262185,51552.6214934642,1931.1876711125187,53483.80916457671,0.0037444991486325777,0.03494983826957486,0.0281597295212118,0,312,443.4239739907656,118420.10276666665,1254.8442832296264,2863.8555509105836,1200.0
314,2025-11-11,1200.0,58608.11173474825,63262.90407878202,56708.351019071415,262.98139200136626,56971.332411072784,0.0008176355445137555,0.09590477798648081,0.07270099228424232,0,313,96.44654518216214,117957.86744999999,3373.24227469385,8429.231055205883,1200.0
315,2025-11-12,1200.0,55554.4575065593,57384.41784789439,52921.7798698039,695.7223304565928,53617.50220026049,0.0013786333961781604,0.07430263754557637,0.03771630005390828,0,314,161.8746029601275,117416.71383333333,1752.326685681443,6182.247888153255,1200.0
316,2025-11-13,1200.0,55860.31179818589,58669.379423764556,53461.76734349517,1318.2426963365779,54780.01003983175,0.0034834315027831328,0.05757166472160346,0.0565196583640465,0,315,410.2789360538833,117780.10726666667,2565.1015110072776,4823.654134541619,1200.0
317,2025-11-14,1200.0,54939.13171449174,58477.756197584386,53014.43050283143,0.0,53014.43050283143,0.0,0.39419523585425215,0.4083989383855097,0,316,0.0,71737.89309999999,18026.499538453238,32602.225267432023,1316.478796296297
318,2025-11-15,1316.478796296297,27041.025789273397,27965.942780505546,25685.33331632851,511.4533789532999,26196.78669528181,0.002525974777777009,0.06408445129922416,0.09082032914489892,0,317,183.04975566065121,72466.97681666666,4019.2618310550915,2355.920046643846,1200.0
319,2025-11-16,1200.0,56430.70123833977,60751.65459752672,54275.66106876861,1990.8608550812942,56266.521923849905,0.004890308066046182,0.054445260537906666,0.029243892914614992,0,318,578.8181842214758,118360.27023333333,1284.5592229541355,4584.165588491409,1200.0
320,2025-11-17,1200.0,57367.81248661234,59399.79309234359,55006.398084443485,317.56822807258663,55323.96631251607,0.001104389443128948,0.07055650462479439,0.05326440914653865,0,319,129.51143044064634,117269.71065,2374.205446530874,6030.3072844167855,1200.0
321,2025-11-18,1200.0,56052.19443520005,57135.172923525904,53943.69421610921,1006.8984532486056,54950.592669357815,0.0034456825104179096,0.04994529181552289,0.03845146008182952,0,320,405.845188585596,117783.6865,1649.3036554198713,4243.063002170404,1207.0740239831325
322,2025-11-19,1207.0740239831325,58172.072434603215,62578.62975266039,56431.61014279187,488.6581093458241,56920.26825213769,0.0011463711128673402,0.0630067820064421,0.04632926114839887,0,321,135.4777957549294,118179.70134999999,1983.4200558536365,5502.480754986699,1200.0
323,2025-11-20,1200.0,57106.10907123952,59978.190832868255,55401.75420252044,267.1248668992253,55668.879069419665,0.0007649195505691677,0.060082194595985565,0.04422867153326852,0,322,90.14305910308997,117846.45723333332,1904.1938554913977,5190.464726563076,1200.0
324,2025-11-21,1200.0,58855.86496799587,67091.94669660642,56477.86041775075,0.0,56477.86041775075,0.0,0.38191054818215725,0.4744195922732841,0,323,0.0,71999.1771,20463.990923666497,33483.76093044641,1521.3081018518537
325,2025-11-22,1521.3081018518537,30651.711096937805,32738.90998910973,29218.501585708804,742.8397907186289,29961.341376427434,0.0036192860795322508,0.09944466525923927,0.14845272995484474,0,324,262.57887981688907,72549.91013333332,6284.016031701249,4178.307349301043,1200.0
326,2025-11-23,1200.0,58817.83379186348,63065.59998951845,57384.09631507938,1257.957117430944,58642.05343251033,0.0030750939009176904,0.07258483543424903,0.06465774179248923,0,325,362.1928384178856,117782.69219999999,2751.2254438963796,6443.036449211747,1200.0
327,2025-11-24,1200.0,58591.793791219985,65300.25686179708,56563.06987122581,462.3195608885989,57025.38943211441,0.0013706365898579669,0.07101948042922618,0.06973040001706572,0,326,161.70179443518407,117975.68781666666,3055.1499035005263,6245.465044982381,1200.0
328,2025-11-25,1200.0,59149.30084335356,62469.76797026384,57276.067904249954,558.7574202088726,57834.82532445883,0.0015229206948162177,0.06561025236907136,0.07154492588859798,0,327,179.22095052224063,117682.39221666666,2970.096861412887,5880.880263673707,1204.3154696249328
329,2025-11-26,1204.3154696249328,60495.71542166719,68261.48052850642,58131.50798822208,385.0647897994459,58516.57277802153,0.000817274019448368,0.07639787610794274,0.05947818926670433,0,328,96.18206718360739,117686.43673333332,2434.3691195916817,6932.486840601388,1200.0
330,2025-11-27,1200.0,68494.95331827473,139017.65301168722,60659.09779678445,16.31795279078543,60675.41574957524,3.167646156901666e-05,0.10259848938183838,0.06818845945283154,0,329,3.712422429936396,117198.14164999999,2824.1783984019557,9520.346113953041,1200.0
331,2025-11-28,1200.0,58304.69027912201,59359.20576525642,56124.06753898476,0.0,56124.06753898476,0.0,0.3940472090435463,0.4187087616390523,0,330,0.0,72239.02128333334,17300.117641945417,34355.78225088336,1218.934851851853
332,2025-11-29,1218.934851851853,25598.823120295237,28630.752570435383,24059.416764833906,3153.071831444024,27212.48859627793,0.01627828832519209,0.0696798525332969,0.07858997617809499,0,331,1174.5794261510919,72156.19988333333,2925.6493786600695,3020.24723744759,1200.0
333,2025-11-30,1200.0,59805.83334698805,63587.827371783314,58030.23018210326,1834.3337021152097,59864.56388421847,0.0038022292877165137,0.051322692982885304,0.024526338215463583,0,332,448.696646491709,118008.83443333332,926.2127912934696,4616.494061796672,1200.0
334,2025-12-01,1200.0,62696.36539781253,68450.49787977636,60476.55679293829,9852.01539750096,70328.57219043924,0.024869675654198252,0.04660233348257219,0.020022326464922777,0,333,3115.9562721841285,125291.39163333333,780.719841877516,4334.80113404262,1200.0
335,2025-12-02,1200.0,61466.15553274159,64361.894504339834,58708.98051259156,15178.680664238402,73887.66117682996,0.03308586955546112,0.016019812130148334,0.005412733113536036,0,334,4148.988674603079,125400.62359999999,198.98729879010955,1455.057817880696,1200.0
336,2025-12-03,1200.0,66116.0283257434,69142.95349482607,63967.79072577157,882.383509402532,64850.174235174105,0.0021232709719851348,0.05647124090751163,0.043834517846248054,0,335,264.6082521191091,124622.93113333332,1642.04904124226,5592.388063307946,1237.97242043073
337,2025-12-04,1237.97242043073,70293.13911056667,83168.10757128237,68176.33696526272,1587.3017636135796,69763.63872887629,0.003473661426715306,0.10405022919806897,0.05529190063448343,0,336,435.3757002941246,125336.25094999999,2132.33448128706,10835.608943395357,1200.0
338,2025-12-05,1200.0,30950.203429516852,34925.85002211628,29041.718839460504,2381.961003319799,31423.679842780304,0.009233543298614028,0.09526323098893995,0.07595480006160805,0,337,728.2317492261272,78868.07108333333,2852.5921494720997,5002.012133812156,1220.9758243718395
339,2025-12-06,1220.9758243718395,34165.88979507599,37197.38290805281,32258.52020620543,4950.69354337625,37209.21374958168,0.01770889423428829,0.05507505014194993,0.055239933837708796,0,338,1407.340366457391,79470.82115,1977.9315849937416,2708.602852636971,1200.0
340,2025-12-07,1200.0,65193.96321441764,66299.1726994686,63177.19989648928,3497.577694040816,66674.7775905301,0.006894985481672595,0.04243399840636785,0.0541262231957772,0,339,862.3383410400423,125067.46291666667,2025.1208233112727,4151.889301356031,1200.0
341,2025-12-08,1200.0,69414.63746445297,71432.23752078155,67421.0263140084,438.65848144414565,67859.68479545254,0.0006746402836654305,0.08295657848901736,0.060184560070175745,0,340,83.9322364685006,124410.35393333333,2200.5366652040893,8579.355919263335,1200.0
342,2025-12-09,1200.0,67746.77892314615,69890.91338776021,65398.9907663912,999.7563353048954,66398.74710169609,0.0021028406160409074,0.07147693525780283,0.037977791804486925,0,341,262.21303998630117,124694.68108333333,1416.8081150543335,7191.372241021053,1200.0
343,2025-12-10,1200.0,68725.37469668587,75980.71983762967,66812.53364064112,1172.4043471927848,67984.93798783391,0.002377030291372065,0.06967574411158367,0.05475243417532012,0,342,295.6520908595496,124378.76451666666,1970.6028549969576,7110.383142944573,1200.0
344,2025-12-11,1200.0,69266.62871144326,71204.6308556545,67065.5549356245,51.82692994028397,67117.38186556479,0.00012637368275825666,0.09199346864785596,0.06133493998223223,0,343,15.643520035956385,123787.79896666665,2320.0888223312504,9436.594442981177,1200.0
345,2025-12-12,1200.0,38753.98103809589,42244.11767170551,37236.32772100919,522.4760820837712,37758.80380309296,0.0022955035381953515,0.12126947957781502,0.13829432265263283,0,344,180.56821912556597,78661.70368333333,4833.011826753994,7088.801438229563,1200.0
346,2025-12-13,1200.0,37125.387690406584,38273.63216124236,35290.95754308723,762.8685428830856,36053.826085970315,0.0025710895393803823,0.09030991228726418,0.12419672833630147,0,345,202.70510435990627,78840.15755,4352.0550770902755,5053.343015898948,1200.0
347,2025-12-14,1200.0,68692.80899362655,74959.81599550086,66724.99115601495,1453.8581044022487,68178.84926041719,0.0028074401242486106,0.06704086642023542,0.04955153097517264,0,346,349.58970389048227,124522.58585,1771.1631866459347,6832.069783416785,1200.0
348,2025-12-15,1200.0,68292.06720731131,77748.64886193186,65156.138841290835,870.9555572115764,66027.0943985024,0.0020303258802386315,0.051894942973701945,0.025579975876855905,0,347,252.38011634771033,124305.22548333333,891.0955347305062,5197.943187582614,1200.0
349,2025-12-16,1200.0,80707.07328214165,142931.29283482902,73744.67787621323,0.0,73744.67787621323,0.0,0.13709075550997585,0.06229819428358551,0,348,0.0,124646.94338333333,2194.69386939859,15329.319902392384,1200.0
350,2025-12-17,1200.0,69229.36800254285,73517.07412528095,67652.22251251638,2163.422718922692,69815.64523143908,0.004539242682810542,0.08467710746305071,0.061805610818633394,0,349,564.983897449651,124466.55465,2241.9804594552293,8764.967884375437,1200.0
351,2025-12-18,1200.0,67499.26015725509,69940.03317876213,65674.79171894313,996.1068230572862,66670.89854200042,0.0031277677206019818,0.0777390884641824,0.030349375310195662,0,350,388.82956788931847,124315.35926666667,1121.3818695837606,7837.076727091415,1200.0
352,2025-12-19,1200.0,36267.30653923826,38017.60248501425,34666.453994288895,930.1578226576894,35596.611816946584,0.0034392409940676143,0.07090110924016314,0.13842865043826064,0,351,270.30138669041685,78593.32543333333,4939.817273055554,3835.452781603548,1200.0
353,2025-12-20,1200.0,32822.87456250298,36628.31015505939,31364.36098792274,763.3545557231726,32127.715543645914,0.0033288210134752257,0.09273818778426236,0.13194180785081278,0,352,261.8734228633585,78668.52011666665,4725.122171384784,5268.824304813621,1200.0
354,2025-12-21,1200.0,66596.31982643904,71396.5196697967,64680.382661120195,2939.7538557211988,67620.13651684139,0.007594355521198507,0.04440822899922309,0.04659612780265594,0,353,944.558911162225,124376.44096666665,1646.6446757980907,4396.873798548806,1200.0
355,2025-12-22,1200.0,68410.52602011463,73028.75047061474,66305.86579631726,1060.1368147898388,67366.00261110709,0.0030194901011941413,0.06711099680226677,0.04548257258518781,0,354,376.5861367356637,124718.45381666666,1627.4131455713787,6838.864614316497,1200.0
356,2025-12-23,1200.0,69174.47073569798,81048.75732120645,67053.59540318116,57.30225936747802,67110.89766254864,9.469193547097175e-05,0.08575600307956609,0.04767998427247522,0,355,11.737695535424336,123956.65456666666,1749.7868605717897,8805.260816976603,1200.0
357,2025-12-24,1200.0,66478.67353584734,69505.57146731143,63989.29781398991,2059.8062477404465,66049.10406173037,0.004112272039232144,0.05560773509502237,0.01975165639974262,0,356,509.73409516905133,123954.37128333331,713.0310820609168,5469.286290286296,1200.0
358,2025-12-25,1200.0,68450.00331434266,70872.14036440622,66559.32527363402,1447.4913091107364,68006.81658274475,0.003735579942753584,0.07345920834852068,0.06828002850490189,0,357,462.4269102875563,123789.8579,2456.538537088524,7506.798350651019,1200.0
359,2025-12-26,1200.0,33510.52314977968,36006.05921609782,32176.89935683216,406.71052863844284,32583.609885470603,0.002364676450837462,0.11033025898255294,0.1332688806150154,0,358,185.0839532997582,78270.30764999999,4699.418586304819,6409.925246699552,1218.5828261201602
360,2025-12-27,1218.5828261201602,36609.00310850692,39594.50599931684,34949.58258277819,1611.1585855549874,36560.741168333174,0.005794071705340814,0.08472808691799906,0.12574799067861397,0,359,454.30843406699023,78409.18393333333,4410.029171829097,4617.3433018932155,1200.0
361,2025-12-28,1200.0,69157.29350750633,73582.27121982338,67659.19795703155,755.3248429013838,68414.52279993292,0.0017940405633608428,0.08932536989758373,0.07971505108224251,0,360,221.58422796370303,123511.26975,2925.703000546231,9261.809349628642,1200.0
362,2025-12-29,1200.0,67261.03745672306,73636.77230520213,64908.97706035207,556.9321380395161,65465.909198391586,0.0015071632364546483,0.06137125219594919,0.04593068988459039,0,361,186.4018893646978,123677.30638333333,1660.5570393287148,6135.44324684745,1200.0
363,2025-12-30,1200.0,66038.11166516895,68002.71731387023,63869.10409230244,1614.8419697303325,65483.94606203277,0.003412672750525888,0.0691283574062453,0.041029344508043485,0,362,421.55555140252443,123526.50905,1530.4809764127606,6847.695404828297,1200.0
364,2025-12-31,1200.0,66429.6147712972,68997.94109662736,64308.85423287966,1731.433968611387,66040.28820149104,0.004479608292803879,0.04944989741667102,0.032241947211934206,0,363,554.538348671632,123791.70508333332,1133.1523318288334,4889.782435864846,1200.0
