date,i,selected,prev_day_wape_selected,prev_day_wape_naive_last,n_candidates,train_max_day_index
2025-01-01,0,fallback_typical_day,,,1,-1
2025-01-02,1,naive_last,0.1755573227521397,,9,0
2025-01-03,2,naive_last,0.041262587048867275,0.041262587048867275,9,1
2025-01-04,3,shapemean7,0.2548203079433263,0.25618032037818084,9,2
2025-01-05,4,naive_last,0.055025597723970573,0.055025597723970573,9,3
2025-01-06,5,shapemed7,0.10042732236688799,0.2107549608431519,9,4
2025-01-07,6,shapemed7,0.03966201102585963,0.045276804542556184,9,5
2025-01-08,7,shapemed7,0.03838538176351993,0.045346867930885125,10,6
2025-01-09,8,shapemed7,0.03276206764697157,0.046112922004090784,10,7
2025-01-10,9,shapemed14,0.033365159450551164,0.03890988063995631,10,8
2025-01-11,10,sha_dow28_mean,0.05501248336028063,0.2628732867516412,10,9
2025-01-12,11,naive_last,0.048816475702424936,0.048816475702424936,10,10
2025-01-13,12,shapemed14,0.034592811816060394,0.2072261364378245,10,11
2025-01-14,13,shapemed7,0.03406577632392898,0.044697283081021805,10,12
2025-01-15,14,shapemed14,0.03188780592203252,0.0429836905398466,10,13
2025-01-16,15,sha_dow28_mean,0.030329704894577442,0.04019806389682141,10,14
2025-01-17,16,shapemed28,0.03172187338601475,0.04099344754468858,10,15
2025-01-18,17,sha_dow28_mean,0.04245625596807941,0.2634386753209908,10,16
2025-01-19,18,sha_dow28_mean,0.041471076388483054,0.044088085805503295,10,17
2025-01-20,19,shapemed28,0.03241907134944451,0.21297021513602932,10,18
2025-01-21,20,shapemed14,0.02645404463362202,0.034080032962530205,10,19
2025-01-22,21,shapemed7,0.036681744585962045,0.04101340930362035,10,20
2025-01-23,22,shapemed28,0.03121320358838258,0.04946854165533332,10,21
2025-01-24,23,sha_dow28_med,0.031771280956010915,0.042389540900484,10,22
2025-01-25,24,naive_dow7,0.04931189519363585,0.29881591973610583,10,23
2025-01-26,25,sha_dow28_mean,0.052080946808921516,0.0543077488354041,10,24
2025-01-27,26,shapemed28,0.03046598846449198,0.2306645757428073,10,25
2025-01-28,27,shapemed14,0.03372537677646031,0.044068223698042266,10,26
2025-01-29,28,shapemed28,0.0337418805017289,0.04230837940681936,10,27
2025-01-30,29,shapemed7,0.03768821474516059,0.05036153699071671,10,28
2025-01-31,30,shapemed14,0.03383170283040414,0.043955077469531804,10,29
2025-02-01,31,sha_dow28_mean,0.042018173804349385,0.26530223768045774,10,30
2025-02-02,32,naive_dow7,0.10550445024782817,0.11172946756915206,10,31
2025-02-03,33,shapemean7,0.06908416514448328,0.22106378367966095,10,32
2025-02-04,34,naive_last,0.03919694072657744,0.03919694072657744,10,33
2025-02-05,35,naive_last,0.038925184387402036,0.038925184387402036,10,34
2025-02-06,36,naive_last,0.03566557455427242,0.03566557455427242,10,35
2025-02-07,37,shapemed7,0.03874672066220293,0.040212818303822305,10,36
2025-02-08,38,naive_dow7,0.11965827632906917,0.31071169787883757,10,37
2025-02-09,39,naive_dow7,0.05346891736739799,0.05885494483159746,10,38
2025-02-10,40,shapemed7,0.037303951168953416,0.2375079750378221,10,39
2025-02-11,41,shapemed7,0.04501701695177326,0.05286278917362471,10,40
2025-02-12,42,shapemed7,0.03674010635685746,0.04680607093373255,10,41
2025-02-13,43,shapemed14,0.03773248256027467,0.04467539626452984,10,42
2025-02-14,44,shapemed7,0.03954402808788002,0.05004862358188323,10,43
2025-02-15,45,naive_dow7,0.07130847374073487,0.2914190830824487,10,44
2025-02-16,46,naive_last,0.05056940664126293,0.05056940664126293,10,45
2025-02-17,47,shapemed14,0.03528334396533179,0.2321321040024622,10,46
2025-02-18,48,shapemed7,0.034380889808255266,0.049794900202890784,10,47
2025-02-19,49,shapemed14,0.033888201382515845,0.04494884948644867,10,48
2025-02-20,50,shapemed14,0.03693135685765422,0.04941739058689636,10,49
2025-02-21,51,shapemed14,0.03631582520123178,0.05366510174272787,10,50
2025-02-22,52,naive_dow7,0.05896486000375829,0.3162420695641281,10,51
2025-02-23,53,sha_dow28_med,0.05226041412700308,0.06409316043021002,10,52
2025-02-24,54,shapemed14,0.034621951864101524,0.22087220913941633,10,53
2025-02-25,55,shapemed14,0.03602173026037447,0.04522978763256319,10,54
2025-02-26,56,shapemed14,0.04396038972667299,0.05013559259780726,10,55
2025-02-27,57,shapemed14,0.038890132860244384,0.0494683075066273,10,56
2025-02-28,58,shapemed7,0.04045074774094883,0.05019003597062819,10,57
2025-03-01,59,sha_dow28_med,0.060416518669755614,0.2938862656908595,10,58
2025-03-02,60,naive_last,0.062236568379160626,0.062236568379160626,10,59
2025-03-03,61,sha_dow28_mean,0.049851494920342,0.2443459958177382,10,60
2025-03-04,62,sha_dow28_mean,0.039109697838156605,0.05026927524925923,10,61
2025-03-05,63,shapemed28,0.03990048256633796,0.04072845614205519,10,62
2025-03-06,64,shapemed7,0.03284431216649702,0.04224438654256124,10,63
2025-03-07,65,shapemed7,0.0391869659954564,0.044511231511022785,10,64
2025-03-08,66,sha_dow28_mean,0.07146811305313289,0.30160617728892253,10,65
2025-03-09,67,naive_dow7,0.06708958338904657,0.06723608496626393,10,66
2025-03-10,68,shapemed7,0.036350237138132506,0.23880001949170934,10,67
2025-03-11,69,sha_dow28_med,0.04224896019258262,0.04962311666508008,10,68
2025-03-12,70,shapemed14,0.03745172115409461,0.05106771552687279,10,69
2025-03-13,71,shapemed14,0.0421213770885768,0.05135823656227913,10,70
2025-03-14,72,shapemed14,0.050984815879175735,0.06426349439589814,10,71
2025-03-15,73,sha_dow28_mean,0.07780376349661358,0.35360270174742275,10,72
2025-03-16,74,sha_dow28_mean,0.060915911153227094,0.08583925077393693,10,73
2025-03-17,75,shapemed28,0.03456098226481843,0.23078365917598687,10,74
2025-03-18,76,shapemean28,0.04254565934640407,0.04993911312534656,10,75
2025-03-19,77,shapemed14,0.036821094221741735,0.04955595884968106,10,76
2025-03-20,78,shapemed14,0.039119263753136735,0.046549228168324706,10,77
2025-03-21,79,shapemed28,0.035846523440691565,0.048435703717048736,10,78
2025-03-22,80,naive_dow7,0.07999946421047763,0.3658699638829154,10,79
2025-03-23,81,naive_last,0.0667656610773445,0.0667656610773445,10,80
2025-03-24,82,shapemed14,0.03925632419372356,0.2343526106213515,10,81
2025-03-25,83,shapemed28,0.03904518924845784,0.053130711739264196,10,82
2025-03-26,84,shapemed28,0.03394561777987391,0.04804360020420714,10,83
2025-03-27,85,shapemed14,0.04235044356451591,0.05949133563404067,10,84
2025-03-28,86,shapemed14,0.036112996148943415,0.052880516183280955,10,85
2025-03-29,87,naive_dow7,0.05947084935227496,0.33433413961670533,10,86
2025-03-30,88,naive_last,0.0708088475602612,0.0708088475602612,10,87
2025-03-31,89,shapemed14,0.037888393761793156,0.25259506943732635,10,88
2025-04-01,90,shapemed28,0.04008806138180028,0.05086204850403592,10,89
2025-04-02,91,naive_last,0.048545869536512486,0.048545869536512486,10,90
2025-04-03,92,shapemed28,0.04811588146793874,0.05647485345832947,10,91
2025-04-04,93,shapemed28,0.04127876338504859,0.06254110542246383,10,92
2025-04-05,94,sha_dow28_med,0.06849427549224406,0.36659782247134115,10,93
2025-04-06,95,sha_dow28_mean,0.05874487459377536,0.07395256292224175,10,94
2025-04-07,96,shapemed14,0.03568864670589094,0.23904303388473877,10,95
2025-04-08,97,shapemed7,0.03663582746589268,0.04386630219192939,10,96
2025-04-09,98,shapemed14,0.036509544687436085,0.054518133767532756,10,97
2025-04-10,99,sha_dow28_mean,0.04072167566299149,0.061848055608421014,10,98
2025-04-11,100,shapemed28,0.04204472564445475,0.05593742527889011,10,99
2025-04-12,101,naive_dow7,0.07090661592763893,0.3754730024970753,10,100
2025-04-13,102,sha_dow28_mean,0.06866886378248144,0.09073745426241642,10,101
2025-04-14,103,sha_dow28_med,0.040843460459792855,0.25498642341141975,10,102
2025-04-15,104,shapemed14,0.039353630304933905,0.054885126964933494,10,103
2025-04-16,105,shapemed14,0.049576138690666606,0.05825647140021458,10,104
2025-04-17,106,sha_dow28_mean,0.0384717201004221,0.0703932446096248,10,105
2025-04-18,107,shapemed28,0.035762892709165425,0.05413801269519913,10,106
2025-04-19,108,sha_dow28_mean,0.059958698669603114,0.3376338346378008,10,107
2025-04-20,109,sha_dow28_med,0.06041918603310301,0.06311871022021541,10,108
2025-04-21,110,shapemed28,0.03801021126291853,0.2514793671140789,10,109
2025-04-22,111,shapemed14,0.039938340123386554,0.05155782384370764,10,110
2025-04-23,112,shapemed28,0.041222263964611254,0.05887939484732472,10,111
2025-04-24,113,shapemed28,0.04084819854912864,0.0553874951949593,10,112
2025-04-25,114,shapemed7,0.04320161387802876,0.054243632240549525,10,113
2025-04-26,115,sha_dow28_med,0.07232602598938244,0.3638164079959311,10,114
2025-04-27,116,sha_dow28_med,0.08812829571624428,0.09336694045625284,10,115
2025-04-28,117,shapemed28,0.042077699866471925,0.26850026546235406,10,116
2025-04-29,118,sha_dow28_med,0.05028404961774035,0.07284100025835928,10,117
2025-04-30,119,shapemed14,0.043409895326606204,0.07841399722938225,10,118
2025-05-01,120,shapemed14,0.04789156734931588,0.06682425787583171,10,119
2025-05-02,121,sha_dow28_mean,0.050868603171202384,0.07105793801979278,10,120
2025-05-03,122,sha_dow28_med,0.0785097636408043,0.27637155263189034,10,121
2025-05-04,123,sha_dow28_mean,0.054567674511839505,0.07276000034123578,10,122
2025-05-05,124,shapemed14,0.04595814314501457,0.23638318170184053,10,123
2025-05-06,125,sha_dow28_mean,0.044069825378875126,0.06245023121936251,10,124
2025-05-07,126,shapemed28,0.043104625347202004,0.04826581601607876,10,125
2025-05-08,127,shapemed28,0.041658613185575226,0.053887622761013027,10,126
2025-05-09,128,sha_dow28_mean,0.04884077326743319,0.05533151773039299,10,127
2025-05-10,129,sha_dow28_mean,0.050826833370427336,0.34393452787209455,10,128
2025-05-11,130,sha_dow28_mean,0.06346285338728314,0.0651052637296712,10,129
2025-05-12,131,shapemed7,0.04541636784789084,0.2437943052013371,10,130
2025-05-13,132,shapemed14,0.04797923862392778,0.056881971226012074,10,131
2025-05-14,133,shapemed7,0.04607914211097515,0.06447090835981868,10,132
2025-05-15,134,shapemed28,0.03667815020902468,0.05177644792164047,10,133
2025-05-16,135,sha_dow28_mean,0.0430777391785237,0.05237919961180775,10,134
2025-05-17,136,sha_dow28_mean,0.0644878404953685,0.3802662490211433,10,135
2025-05-18,137,sha_dow28_med,0.07172171453713688,0.08449605737545096,10,136
2025-05-19,138,sha_dow28_med,0.04169779792415774,0.23613921058742016,10,137
2025-05-20,139,shapemed28,0.043960873705899337,0.06432648087657797,10,138
2025-05-21,140,sha_dow28_mean,0.04789278339221603,0.07225845772011917,10,139
2025-05-22,141,shapemed14,0.044422790770001386,0.06701477764628437,10,140
2025-05-23,142,shapemed28,0.0390822305038128,0.05673706722456023,10,141
2025-05-24,143,sha_dow28_med,0.0583158019080753,0.34006530821913544,10,142
2025-05-25,144,sha_dow28_mean,0.060719189164631246,0.06799771533300278,10,143
2025-05-26,145,shapemed28,0.045652731013377426,0.25036112039071573,10,144
2025-05-27,146,sha_dow28_mean,0.04711324390088338,0.07164070286832294,10,145
2025-05-28,147,shapemed28,0.04251329863562884,0.057626282123784955,10,146
2025-05-29,148,sha_dow28_med,0.048411488659584605,0.06252397568922886,10,147
2025-05-30,149,sha_dow28_mean,0.04476922656136554,0.05908120888947407,10,148
2025-05-31,150,sha_dow28_med,0.05768281753295479,0.3545721253233972,10,149
2025-06-01,151,sha_dow28_mean,0.059461739521738624,0.07601609218798089,10,150
2025-06-02,152,sha_dow28_mean,0.0899604646628062,0.3092716298468999,10,151
2025-06-03,153,naive_last,0.06735361246722603,0.06735361246722603,10,152
2025-06-04,154,naive_last,0.05308398368024723,0.05308398368024723,10,153
2025-06-05,155,naive_last,0.04831740022139359,0.04831740022139359,10,154
2025-06-06,156,shapemed7,0.046434265136894415,0.051118451063542215,10,155
2025-06-07,157,shapemean28,0.1030528543341128,0.2661195528826151,10,156
2025-06-08,158,naive_last,0.06723087519956429,0.06723087519956429,10,157
2025-06-09,159,shapemed7,0.040103649248532255,0.18467686710333037,10,158
2025-06-10,160,shapemed7,0.04587908795371447,0.054577788627727206,10,159
2025-06-11,161,shapemed7,0.04097540426497416,0.04833032652110409,10,160
2025-06-12,162,shapemed7,0.05096661710442972,0.05157880937808679,10,161
2025-06-13,163,shapemed7,0.03947156163067167,0.05460116790689186,10,162
2025-06-14,164,naive_dow7,0.07580058200472638,0.28541234014942896,10,163
2025-06-15,165,naive_dow7,0.06824201358864843,0.06851352485963741,10,164
2025-06-16,166,shapemed7,0.042218946728119634,0.2213691260122734,10,165
2025-06-17,167,shapemed7,0.03438664783403967,0.049248904230228055,10,166
2025-06-18,168,shapemed14,0.04449759462271168,0.05476097490659743,10,167
2025-06-19,169,shapemed7,0.03491877044180467,0.05011042687099026,10,168
2025-06-20,170,shapemed14,0.034252436369476155,0.0498912231571329,10,169
2025-06-21,171,sha_dow28_mean,0.0556607196341471,0.3005593048703339,10,170
2025-06-22,172,sha_dow28_mean,0.057569653332573266,0.07056146799025197,10,171
2025-06-23,173,shapemed14,0.04661451149993872,0.2455262696209455,10,172
2025-06-24,174,shapemed14,0.03860603407522097,0.04914686251095756,10,173
2025-06-25,175,naive_dow7,0.05017804473012385,0.06441501359088542,10,174
2025-06-26,176,sha_dow28_med,0.0394686787432998,0.0496852932994992,10,175
2025-06-27,177,shapemed28,0.03711964121134163,0.052264210931731184,10,176
2025-06-28,178,sha_dow28_mean,0.05000167415249282,0.3320047786653935,10,177
2025-06-29,179,sha_dow28_med,0.0488446475393809,0.06124485009541815,10,178
2025-06-30,180,shapemed28,0.04381744965825227,0.23314437341695812,10,179
2025-07-01,181,shapemed28,0.040397787606143216,0.05602264905873206,10,180
2025-07-02,182,sha_dow28_med,0.08849079446704523,0.10548399193262321,10,181
2025-07-03,183,naive_last,0.05229506935150021,0.05229506935150021,10,182
2025-07-04,184,naive_last,0.05828123025912357,0.05828123025912357,10,183
2025-07-05,185,sha_dow28_med,0.13238876179564607,0.3060850425132087,10,184
2025-07-06,186,naive_last,0.061897527853633845,0.061897527853633845,10,185
2025-07-07,187,shapemed7,0.09510938883243421,0.23895552536693848,10,186
2025-07-08,188,shapemed7,0.03530865108375827,0.04886017719847845,10,187
2025-07-09,189,shapemed7,0.0415309309523913,0.0502715757523839,10,188
2025-07-10,190,shapemed7,0.035629238011395344,0.04426013909787799,10,189
2025-07-11,191,shapemed7,0.04286961603291207,0.052234429741431505,10,190
2025-07-12,192,naive_dow7,0.08139956365550986,0.24329594313572753,10,191
2025-07-13,193,naive_dow7,0.06248962257168179,0.06919319120674239,10,192
2025-07-14,194,shapemed7,0.04421199384710104,0.1879766602122952,10,193
2025-07-15,195,shapemed14,0.03772413432975096,0.04909911703118655,10,194
2025-07-16,196,shapemed14,0.044698297986792784,0.0531677703139582,10,195
2025-07-17,197,shapemed14,0.04181253262460252,0.046573973857297474,10,196
2025-07-18,198,shapemed14,0.03874758065446379,0.05431350228856383,10,197
2025-07-19,199,naive_dow7,0.05776910364806953,0.2603285943508341,10,198
2025-07-20,200,naive_dow7,0.05579549850913253,0.059937874567056376,10,199
2025-07-21,201,shapemed14,0.03414966151766339,0.21679625280743295,10,200
2025-07-22,202,shapemed14,0.03431562994229156,0.05051113017350464,10,201
2025-07-23,203,shapemed14,0.038863919077366235,0.04821487519362128,10,202
2025-07-24,204,shapemed28,0.03624202855674714,0.04796560391040583,10,203
2025-07-25,205,shapemed28,0.042336006177594185,0.04850647634152788,10,204
2025-07-26,206,sha_dow28_mean,0.05638775570747439,0.2978791282627316,10,205
2025-07-27,207,sha_dow28_med,0.06096706022278536,0.07254628643640618,10,206
2025-07-28,208,shapemed28,0.03206741889629716,0.21598820016958695,10,207
2025-07-29,209,sha_dow28_med,0.039473661603799996,0.049353500796517104,10,208
2025-07-30,210,sha_dow28_mean,0.03830049552571882,0.04775627539517563,10,209
2025-07-31,211,sha_dow28_mean,0.0378520226423738,0.05287097902291115,10,210
2025-08-01,212,sha_dow28_mean,0.034141908274599654,0.05024025791385696,10,211
2025-08-02,213,naive_dow7,0.06295356873403,0.32389236483078576,10,212
2025-08-03,214,sha_dow28_mean,0.06510121539145478,0.06627025326411831,10,213
2025-08-04,215,shapemean14,0.04339363362352502,0.2078136679191134,10,214
2025-08-05,216,shapemean28,0.04418661643766285,0.0511167374988697,10,215
2025-08-06,217,shapemed7,0.03276473230099803,0.04477651210556001,10,216
2025-08-07,218,shapemed14,0.0417381669860124,0.05341502868458934,10,217
2025-08-08,219,shapemed7,0.03847198048092444,0.056867166285086326,10,218
2025-08-09,220,naive_dow7,0.08673043408214871,0.3192093624238149,10,219
2025-08-10,221,naive_dow7,0.068368705625109,0.07841141612534085,10,220
2025-08-11,222,shapemed14,0.039924653776670066,0.2312540145567315,10,221
2025-08-12,223,shapemed14,0.04325299018327256,0.05383324497319008,10,222
2025-08-13,224,shapemed28,0.03708920542966885,0.05390591715305351,10,223
2025-08-14,225,shapemed28,0.036174700725313,0.04467676739722505,10,224
2025-08-15,226,shapemed28,0.04102741138769348,0.04963269080432259,10,225
2025-08-16,227,sha_dow28_mean,0.06640414685809817,0.3076480938416422,10,226
2025-08-17,228,sha_dow28_med,0.06320810889149281,0.06735995863419911,10,227
2025-08-18,229,shapemed7,0.04209153263772125,0.22999679194613118,10,228
2025-08-19,230,shapemed28,0.03672196841742449,0.04867888910009766,10,229
2025-08-20,231,shapemed28,0.0335099260136698,0.05062127306190982,10,230
2025-08-21,232,sha_dow28_mean,0.04058117265246732,0.054160901997688256,10,231
2025-08-22,233,shapemed28,0.03449931923497712,0.05057140374662495,10,232
2025-08-23,234,sha_dow28_mean,0.050688638231837266,0.2834404749137295,10,233
2025-08-24,235,sha_dow28_mean,0.05856027458273566,0.06722936065896717,10,234
2025-08-25,236,shapemed7,0.03491788296000872,0.21619541711427326,10,235
2025-08-26,237,sha_dow28_mean,0.03464334045128919,0.05172747867395,10,236
2025-08-27,238,shapemed28,0.03659661257199169,0.04660343004139932,10,237
2025-08-28,239,sha_dow28_mean,0.04454574154903187,0.053717293335872225,10,238
2025-08-29,240,sha_dow28_mean,0.047804181852309474,0.06049393339643749,10,239
2025-08-30,241,sha_dow28_mean,0.05155934298936577,0.30065493352952427,10,240
2025-08-31,242,sha_dow28_mean,0.05638687053523435,0.0770000233368763,10,241
2025-09-01,243,shapemed14,0.04204807914338363,0.2299329951370614,10,242
2025-09-02,244,shapemean7,0.10358491867639791,0.1322934517018554,10,243
2025-09-03,245,naive_last,0.05367441860465117,0.05367441860465117,10,244
2025-09-04,246,naive_last,0.06132144343293497,0.06132144343293497,10,245
2025-09-05,247,naive_last,0.060363625688827485,0.060363625688827485,10,246
2025-09-06,248,sha_dow28_mean,0.1789765991855732,0.355300941522198,10,247
2025-09-07,249,naive_last,0.08660682719880583,0.08660682719880583,10,248
2025-09-08,250,shapemed7,0.04909088157921123,0.25544808361349614,10,249
2025-09-09,251,naive_dow7,0.06035781425906342,0.06515997321061448,10,250
2025-09-10,252,shapemed7,0.048767140522799034,0.06167475746089449,10,251
2025-09-11,253,shapemed7,0.054607681998772875,0.06521611687774131,10,252
2025-09-12,254,shapemed7,0.04277674103901896,0.06724012644640599,10,253
2025-09-13,255,naive_dow7,0.07813694342507092,0.3102473907861514,10,254
2025-09-14,256,naive_last,0.0740172325238452,0.0740172325238452,10,255
2025-09-15,257,naive_dow7,0.05189898908534376,0.27006233749960845,10,256
2025-09-16,258,shapemed14,0.04067040722801069,0.05478509161389606,10,257
2025-09-17,259,shapemed14,0.046595305482263455,0.05549599506535637,10,258
2025-09-18,260,shapemed7,0.048689103939690316,0.05282403857911335,10,259
2025-09-19,261,shapemed7,0.04269289113103798,0.05031622418133975,10,260
2025-09-20,262,naive_dow7,0.07164604703593538,0.2981330542689015,10,261
2025-09-21,263,naive_last,0.07404627256650556,0.07404627256650556,10,262
2025-09-22,264,shapemed14,0.04720574208892056,0.2412031125066519,10,263
2025-09-23,265,naive_last,0.043543614198109044,0.043543614198109044,10,264
2025-09-24,266,shapemed7,0.04734124583899567,0.04963743300971909,10,265
2025-09-25,267,shapemed14,0.04161734783182352,0.05530163797716174,10,266
2025-09-26,268,shapemed7,0.03863611274149356,0.046007385544159216,10,267
2025-09-27,269,sha_dow28_med,0.06741936871643385,0.31202058918622577,10,268
2025-09-28,270,sha_dow28_mean,0.06743190126736778,0.07646040449542292,10,269
2025-09-29,271,shapemed7,0.046522951635354574,0.24046224264747929,10,270
2025-09-30,272,shapemed7,0.038660389903823825,0.04509719915512724,10,271
2025-10-01,273,naive_last,0.05096723228884085,0.05096723228884085,10,272
2025-10-02,274,shapemean14,0.05263001612170613,0.09821119456904596,10,273
2025-10-03,275,shapemean7,0.04395506470268742,0.046877690838980204,10,274
2025-10-04,276,sha_dow28_mean,0.07896810648908775,0.3299828618154527,10,275
2025-10-05,277,sha_dow28_mean,0.05880384551356207,0.0765662710586584,10,276
2025-10-06,278,shapemed7,0.04186111425011847,0.2218498313167628,10,277
2025-10-07,279,sha_dow28_mean,0.04431962318488473,0.055197560149102,10,278
2025-10-08,280,shapemed14,0.044506506764714536,0.05014668740392768,10,279
2025-10-09,281,shapemed14,0.04181715212243271,0.05087151846790222,10,280
2025-10-10,282,shapemed14,0.04270216849200348,0.050544473840238184,10,281
2025-10-11,283,naive_dow7,0.06886087826382666,0.35435247218036897,10,282
2025-10-12,284,sha_dow28_mean,0.05885605243969958,0.07279799086193828,10,283
2025-10-13,285,sha_dow28_mean,0.04058941471021041,0.23907442899409626,10,284
2025-10-14,286,sha_dow28_mean,0.03981869116719205,0.045520925476206474,10,285
2025-10-15,287,sha_dow28_mean,0.04613652869976417,0.048982407726802346,10,286
2025-10-16,288,sha_dow28_med,0.04621876943328812,0.04847519507480849,10,287
2025-10-17,289,naive_last,0.04671173066713544,0.04671173066713544,10,288
2025-10-18,290,sha_dow28_mean,0.0582719622284125,0.32848595498660776,10,289
2025-10-19,291,sha_dow28_med,0.054336505054750454,0.06728893377702719,10,290
2025-10-20,292,sha_dow28_mean,0.047647357669393896,0.26189012025382713,10,291
2025-10-21,293,sha_dow28_mean,0.044013375298907836,0.04993193425810989,10,292
2025-10-22,294,naive_last,0.04614050667064836,0.04614050667064836,10,293
2025-10-23,295,naive_last,0.03981261970715918,0.03981261970715918,10,294
2025-10-24,296,shapemed7,0.04136310003388239,0.04917058030937033,10,295
2025-10-25,297,sha_dow28_mean,0.06600022072351759,0.31017890995812547,10,296
2025-10-26,298,sha_dow28_med,0.056864630466213484,0.058361460713137844,10,297
2025-10-27,299,shapemed7,0.03367612015309988,0.23988847688567913,10,298
2025-10-28,300,shapemed14,0.043587350438607196,0.05178424119854173,10,299
2025-10-29,301,shapemed7,0.03972471643592737,0.051911707016364037,10,300
2025-10-30,302,naive_dow7,0.03872315230917251,0.04623508413811146,10,301
2025-10-31,303,shapemed14,0.03751655113571911,0.051993865434141535,10,302
2025-11-01,304,naive_dow7,0.06122187435008179,0.28204398927529556,10,303
2025-11-02,305,sha_dow28_mean,0.05764478192385655,0.0629889424772205,10,304
2025-11-03,306,shapemed14,0.03774223802555579,0.2470196462701864,10,305
2025-11-04,307,naive_last,0.04935519080455012,0.04935519080455012,10,306
2025-11-05,308,shapemed7,0.03690517545992018,0.05381800388152045,10,307
2025-11-06,309,shapemed7,0.037767596782946895,0.04173848995961872,10,308
2025-11-07,310,naive_last,0.043703783855628835,0.043703783855628835,10,309
2025-11-08,311,naive_dow7,0.06343633407756814,0.3247699321614362,10,310
2025-11-09,312,naive_last,0.06139007909144395,0.06139007909144395,10,311
2025-11-10,313,shapemed7,0.040690369034005025,0.23821085188673505,10,312
2025-11-11,314,naive_last,0.04412199901468727,0.04412199901468727,10,313
2025-11-12,315,shapemed7,0.03312331400091145,0.04454429642043182,10,314
2025-11-13,316,shapemed7,0.03486938330509605,0.041969519143068894,10,315
2025-11-14,317,shapemed7,0.03726785441139138,0.04324200045474136,10,316
2025-11-15,318,sha_dow28_med,0.06232719495116425,0.30131044859489137,10,317
2025-11-16,319,naive_dow7,0.055561691402720936,0.058448730210972535,10,318
2025-11-17,320,shapemed7,0.03914894971388375,0.23375153918088076,10,319
2025-11-18,321,shapemed7,0.035646662831104466,0.04278743070279897,10,320
2025-11-19,322,shapemed14,0.04812808769172628,0.05392994320495729,10,321
2025-11-20,323,shapemed7,0.03817784726777611,0.04353398448625374,10,322
2025-11-21,324,naive_dow7,0.040522690101801435,0.050728204191465856,10,323
2025-11-22,325,naive_dow7,0.04992354496686582,0.29803192779746934,10,324
2025-11-23,326,naive_dow7,0.05579333603835902,0.05900555402852494,10,325
2025-11-24,327,shapemed7,0.03717747677697529,0.22976897068609725,10,326
2025-11-25,328,shapemed14,0.0317494373047258,0.05024980694621474,10,327
2025-11-26,329,shapemed14,0.038855409946274885,0.04468716373187363,10,328
2025-11-27,330,naive_dow7,0.04304642688299353,0.046702172612448266,10,329
2025-11-28,331,shapemed14,0.04198733891881356,0.04348471082830735,10,330
2025-11-29,332,sha_dow28_mean,0.050281360002940034,0.3071462603847775,10,331
2025-11-30,333,naive_last,0.062097026470402966,0.062097026470402966,10,332
2025-12-01,334,shapemed7,0.043369328120035015,0.22562019084831306,10,333
2025-12-02,335,naive_last,0.08498628870838408,0.08498628870838408,10,334
2025-12-03,336,naive_last,0.034065423822428866,0.034065423822428866,10,335
2025-12-04,337,naive_last,0.04190959296504222,0.04190959296504222,10,336
2025-12-05,338,naive_last,0.04070057844448382,0.04070057844448382,10,337
2025-12-06,339,naive_dow7,0.12749253196609003,0.2620110676988772,10,338
2025-12-07,340,naive_last,0.05005524450348228,0.05005524450348228,10,339
2025-12-08,341,shapemed7,0.034963800889497985,0.201956268942342,10,340
2025-12-09,342,shapemed7,0.03199912844676168,0.04371754281634719,10,341
2025-12-10,343,shapemed7,0.034927557262766876,0.040204121844426115,10,342
2025-12-11,344,shapemed7,0.034738959496760986,0.04284342313811665,10,343
2025-12-12,345,shapemed14,0.03156054359352387,0.04046904168597541,10,344
2025-12-13,346,naive_dow7,0.05767177136234064,0.24171906167755505,10,345
2025-12-14,347,naive_dow7,0.04677172683088385,0.05029868771549817,10,346
2025-12-15,348,shapemed7,0.033033638310226814,0.20748690286017699,10,347
2025-12-16,349,shapemed14,0.03438083290820072,0.03782975924859926,10,348
2025-12-17,350,shapemed7,0.026896890309605223,0.03485967999170552,10,349
2025-12-18,351,shapemed14,0.03218979880723564,0.03696073771706888,10,350
2025-12-19,352,shapemed7,0.0325864142485586,0.04094993463892589,10,351
2025-12-20,353,naive_dow7,0.05160917734854464,0.25507213619681723,10,352
2025-12-21,354,naive_last,0.046463019091718655,0.046463019091718655,10,353
2025-12-22,355,shapemed7,0.027589580597133498,0.21027691509412366,10,354
2025-12-23,356,shapemed14,0.02912564149795025,0.03528329295625905,10,355
2025-12-24,357,shapemed14,0.02769345620538254,0.03898660246889532,10,356
2025-12-25,358,shapemed14,0.029075543618362655,0.03600881411604233,10,357
2025-12-26,359,shapemed14,0.032107543854317036,0.04174286274482877,10,358
2025-12-27,360,sha_dow28_med,0.044449403111411566,0.25847408840224284,10,359
2025-12-28,361,sha_dow28_med,0.04419843791117172,0.059522342302092884,10,360
2025-12-29,362,shapemed14,0.030078348533017753,0.20490247484829252,10,361
2025-12-30,363,shapemed14,0.030127425071082736,0.04176251814570957,10,362
2025-12-31,364,shapemed14,0.02920208989988393,0.03938349297425694,10,363
