date,scenario,interval,L_scen_kwh,G_scen_kwh,P_scen_yuan_per_kwh
2025-07-15,1,1,815.6969987088428,0.0,0.46623500593312
2025-07-15,1,2,822.0633208796395,0.0,0.43603496609086023
2025-07-15,1,3,850.9646865415676,0.0,0.36518871819593557
2025-07-15,1,4,866.635841166138,0.0,0.43860088907774547
2025-07-15,1,5,930.0186612891334,0.0,0.5162930630866882
2025-07-15,1,6,918.6780160723524,0.0,0.529992033653061
2025-07-15,1,7,912.0903523211729,0.0,0.5374054846400734
2025-07-15,1,8,854.8602573708624,0.0,0.5319860721468238
2025-07-15,1,9,867.4457238819774,0.0,0.5085373554197328
2025-07-15,1,10,903.7430408374739,0.0,0.4660179883365999
2025-07-15,1,11,893.7587688321255,0.0,0.458981404789685
2025-07-15,1,12,875.5769515790221,0.0,0.49530544832785106
2025-07-15,1,13,896.8839503503679,0.0,0.5451352951108318
2025-07-15,1,14,871.8977630425618,0.0,0.46012333439823233
2025-07-15,1,15,847.4510455835104,0.0,0.34586099023619393
2025-07-15,1,16,874.882612517587,0.0,0.43325193931106104
2025-07-15,1,17,907.1486149729681,0.0,0.49168463987734623
2025-07-15,1,18,891.4560173568748,0.0,0.4385322137516976
2025-07-15,1,19,859.3044068417364,0.0002833333333333333,0.41407722941349556
2025-07-15,1,20,853.9289616191627,0.0,0.3776560819106808
2025-07-15,1,21,816.8241319608044,0.0,0.3805945255841439
2025-07-15,1,22,829.0522211542759,0.004,0.46806304381136443
2025-07-15,1,23,841.2642554881861,0.0,0.44596750121256074
2025-07-15,1,24,829.7626018662463,0.0,0.37609350062479796
2025-07-15,1,25,789.6393606788032,0.055716666666666664,0.39393267655475483
2025-07-15,1,26,783.9568779151142,0.0,0.4327450380626265
2025-07-15,1,27,816.2838241725665,0.0,0.44086812665950814
2025-07-15,1,28,813.4429878645415,0.7760833333333333,0.438602399762072
2025-07-15,1,29,806.88359285134,0.0,0.4500120508213453
2025-07-15,1,30,810.5790176845228,0.0,0.40919251411653657
2025-07-15,1,31,756.9630107320988,18.10321944444444,0.3610053568009074
2025-07-15,1,32,770.7576723742986,44.42615555555555,0.35279454806089394
2025-07-15,1,33,823.9879162792079,72.20700833333333,0.3489398666100585
2025-07-15,1,34,795.5138474016926,105.96107777777777,0.2816084260152982
2025-07-15,1,35,817.3673902933909,148.87613055555553,0.43363291022216216
2025-07-15,1,36,969.4419093064973,188.00776666666667,0.6875600012844847
2025-07-15,1,37,984.7803152408414,219.58655000000002,0.653283711934875
2025-07-15,1,38,936.0174439224317,270.7124166666667,0.6818855183040922
2025-07-15,1,39,920.4685624947142,336.5920666666666,0.8258896274439218
2025-07-15,1,40,958.3389316950704,374.46091666666666,0.7475911340692332
2025-07-15,1,41,969.9864036329034,413.5595999999999,0.6373317074379418
2025-07-15,1,42,943.2916605352538,472.2763666666667,0.6041297634161112
2025-07-15,1,43,966.5803551654678,537.9590055555556,0.5893219806123992
2025-07-15,1,44,921.5451746699596,584.482161111111,0.5630747594111692
2025-07-15,1,45,847.0563696969482,621.4584333333333,0.489117315382273
2025-07-15,1,46,875.5686186393239,679.6562555555556,0.4677071263708483
2025-07-15,1,47,998.2272997764173,730.0005944444445,0.5525974979196324
2025-07-15,1,48,1202.265711980016,770.2404999999999,0.6930036611808768
2025-07-15,1,49,1222.3803737548935,838.2660555555557,0.7903505721413732
2025-07-15,1,50,1213.3781584107792,883.6881111111111,0.8049707230093969
2025-07-15,1,51,1239.0917880385596,920.1925166666666,0.7457556114414435
2025-07-15,1,52,1223.9158626591504,997.6682222222222,0.7322283400090593
2025-07-15,1,53,1237.111047523524,1051.7420944444443,0.7646125734619057
2025-07-15,1,54,1203.1095718037564,1088.1445333333334,0.8000271632648887
2025-07-15,1,55,1207.784258781729,1126.4692249999998,0.7421044718001173
2025-07-15,1,56,1204.8358024860092,1172.1193,0.6572476823236116
2025-07-15,1,57,1205.1994602730915,1187.4679083333335,0.6243042495783222
2025-07-15,1,58,1196.8652639648171,1183.2765833333333,0.5994848261175171
2025-07-15,1,59,1151.9336856911868,1189.663725,0.7069275991881238
2025-07-15,1,60,1113.8936941262803,1201.8787833333333,0.865993516832401
2025-07-15,1,61,1179.5501582774389,1185.2531888888889,0.9082138758024019
2025-07-15,1,62,1217.8601508453992,1167.0331611111112,0.8089700252069362
2025-07-15,1,63,1195.2737055160555,1170.5105499999995,0.7812091821935457
2025-07-15,1,64,1199.9804263724902,1196.3745055555555,0.8857116869550756
2025-07-15,1,65,1181.3993779149598,1211.1040277777774,0.6166738007235991
2025-07-15,1,66,1168.0864535731625,1218.0298166666664,0.12973397758592142
2025-07-15,1,67,1197.481228032938,1252.1933249999997,0.008198049859434176
2025-07-15,1,68,1215.6303840296564,1271.20685,0.054400890566590476
2025-07-15,1,69,1198.0898615679325,1258.8805916666663,0.05450648906801858
2025-07-15,1,70,1181.3206439169633,1224.478133333333,0.018715832909707575
2025-07-15,1,71,1166.143835632617,1125.458475,0.017789998087222814
2025-07-15,1,72,1136.40319523386,1033.1063666666666,0.06327505054984828
2025-07-15,1,73,1141.9015930756934,1117.3665111111106,0.10068579942445538
2025-07-15,1,74,1134.667682799116,1164.7910555555557,0.1373728002040478
2025-07-15,1,75,1135.5282088389965,1144.4063999999998,0.11710003912386652
2025-07-15,1,76,1107.8882987527154,1174.2955944444443,0.06595287200980238
2025-07-15,1,77,1191.9714275433357,1136.5497555555555,0.28617459186255245
2025-07-15,1,78,1285.2485166006988,1039.6814333333334,0.6580375143801576
2025-07-15,1,79,1203.2204469666867,1032.0481555555555,0.7099099688120137
2025-07-15,1,80,1147.831750641834,1014.3304944444444,0.6738320095535747
2025-07-15,1,81,1200.5790624540377,967.6947,0.681259795989607
2025-07-15,1,82,1257.3950375945976,967.8727222222224,0.6832861848382844
2025-07-15,1,83,1219.8245262717699,957.2407611111112,0.7833828937771935
2025-07-15,1,84,1191.4638216232188,944.4142166666666,0.926849894325773
2025-07-15,1,85,1212.7709248503907,988.0271361111111,0.9113043786148054
2025-07-15,1,86,1244.2541317497048,997.1501888888888,0.8830983230738556
2025-07-15,1,87,1288.161901117639,946.7442249999997,0.9879447472199203
2025-07-15,1,88,1314.6385627167379,910.6061444444443,1.0503777681383641
2025-07-15,1,89,1314.940324413567,891.5201805555557,0.8251976772836184
2025-07-15,1,90,1294.3826967415725,882.8617333333333,0.4701944926460524
2025-07-15,1,91,1263.4468135446245,854.0458472222222,0.43835656452806193
2025-07-15,1,92,1265.2829949426891,791.1290111111111,0.5169984268579669
2025-07-15,1,93,1279.1347580498941,717.1778749999997,0.5483083837374306
2025-07-15,1,94,1280.5347221486054,694.723672222222,0.5647601428416716
2025-07-15,1,95,1287.2499711379558,667.4149194444443,0.592027015543224
2025-07-15,1,96,1293.6987042308515,616.5815166666666,0.6311905934868803
2025-07-15,1,97,1274.2744735000356,594.4833805555554,0.6308944545035712
2025-07-15,1,98,1254.3655531419206,577.2710777777777,0.5867553145013652
2025-07-15,1,99,1250.028030282374,544.2076583333333,0.6178393997107599
2025-07-15,1,100,1312.191290721884,486.4989388888889,0.7291753177909428
2025-07-15,1,101,1292.4575942488623,437.5984361111112,0.7254983510176292
2025-07-15,1,102,1235.5097886412036,415.0587999999999,0.6356139856533501
2025-07-15,1,103,1287.4788123586573,404.98409722222215,0.6048200318761834
2025-07-15,1,104,1365.63044272445,380.66881111111104,0.707911524792725
2025-07-15,1,105,1381.3060878268207,339.1757916666666,0.7833601788262015
2025-07-15,1,106,1341.0023451387597,300.15850555555545,0.7055152338505232
2025-07-15,1,107,1232.8444363544404,261.10785277777774,0.8805222429831399
2025-07-15,1,108,1020.1595280538799,216.81778333333332,1.1879442209797273
2025-07-15,1,109,1010.9056178243621,164.48046944444442,1.1494539152525136
2025-07-15,1,110,974.9546811427233,122.83953888888885,1.1235220106653234
2025-07-15,1,111,1007.789596918745,90.75889166666666,1.1799441167674127
2025-07-15,1,112,1085.7429094231306,53.78224444444443,1.190162576762538
2025-07-15,1,113,1111.8834404338656,19.625347222222196,1.2698662857682916
2025-07-15,1,114,1071.3833362990526,0.0,1.5413073505995554
2025-07-15,1,115,982.3344950081151,0.0,1.6426579580589304
2025-07-15,1,116,983.0137828472223,0.7154333333333334,1.5722979315678192
2025-07-15,1,117,958.8177414607512,0.0,1.442395277027785
2025-07-15,1,118,1018.8772489691922,0.0,1.4425197756793846
2025-07-15,1,119,1052.2433135801664,0.05136666666666666,1.4854124151754324
2025-07-15,1,120,1058.3202360420996,0.0,1.5641451263570794
2025-07-15,1,121,1031.9338737678036,0.0,1.6105089558869745
2025-07-15,1,122,1052.3503543897932,0.0036833333333333336,1.6116237572119247
2025-07-15,1,123,1084.9609723526282,0.0,1.5435562861435808
2025-07-15,1,124,1038.847687068308,0.0,1.5173158334582688
2025-07-15,1,125,993.4231753165234,0.0002666666666666667,1.3160067525660728
2025-07-15,1,126,1017.297481842512,0.0,1.0412411127059675
2025-07-15,1,127,1105.5904859340983,0.0,0.9259075144687581
2025-07-15,1,128,1029.5188061226913,0.0,0.9236268018300992
2025-07-15,1,129,957.1820287996701,0.0,0.9620654858915443
2025-07-15,1,130,1027.590146334136,0.0,0.9807330536307335
2025-07-15,1,131,981.9320790309017,0.0,0.7780875426754468
2025-07-15,1,132,853.6504992427156,0.0,0.4539871917555982
2025-07-15,1,133,826.4312771333982,0.0,0.3910348303062096
2025-07-15,1,134,889.6516825907104,0.0,0.42243861961488166
2025-07-15,1,135,937.0297990429057,0.0,0.45833051257632257
2025-07-15,1,136,878.510094435115,0.0,0.504620696164483
2025-07-15,1,137,863.2498251258012,0.0,0.4881803810512604
2025-07-15,1,138,860.6785056581327,0.0,0.4201554890767218
2025-07-15,1,139,857.4068564988053,0.0,0.3931129193961393
2025-07-15,1,140,846.1786976955136,0.0,0.4581070562374852
2025-07-15,1,141,873.5838272804236,0.0,0.5191947377600159
2025-07-15,1,142,826.6828062918295,0.0,0.4797381264615877
2025-07-15,1,143,836.7545041791475,0.0,0.48991601785453
2025-07-15,1,144,887.3549005570273,0.0,0.5553411533515169
2025-07-15,2,1,783.6183686177139,0.0,0.48170436749576334
2025-07-15,2,2,811.474297101225,0.0,0.4879578094358238
2025-07-15,2,3,841.2926959284031,0.0,0.5520651109171975
2025-07-15,2,4,767.3338263243567,0.0,0.5469177248185744
2025-07-15,2,5,734.0802414136109,0.0,0.5102798851513276
2025-07-15,2,6,712.1654772471354,0.0,0.5105067574834132
2025-07-15,2,7,724.5037730760198,0.0,0.5065463062079171
2025-07-15,2,8,727.4035833347498,0.0,0.47975799830631904
2025-07-15,2,9,772.1450908783598,0.0,0.4697065863283263
2025-07-15,2,10,814.513041345006,0.0,0.5319864914354209
2025-07-15,2,11,794.5411706454412,0.0,0.5611828931637379
2025-07-15,2,12,756.5946358327807,0.0,0.5272439859182938
2025-07-15,2,13,703.9886417935281,0.0,0.5118569710691188
2025-07-15,2,14,720.5640596379951,0.0,0.49193107326460367
2025-07-15,2,15,793.0997366382353,0.0,0.4854372632748143
2025-07-15,2,16,731.6256704484869,0.0,0.517699062556807
2025-07-15,2,17,730.404655564601,0.0,0.5315132969717001
2025-07-15,2,18,799.5465086676886,0.0,0.5329081134733789
2025-07-15,2,19,777.2659352041252,0.00025,0.5404864196079472
2025-07-15,2,20,798.3277313689368,0.0,0.5326689826667013
2025-07-15,2,21,794.3427092945988,0.0,0.5195938817028369
2025-07-15,2,22,736.1070094303192,0.003533333333333333,0.5267131700171415
2025-07-15,2,23,734.4192797903892,0.0,0.5076731791263898
2025-07-15,2,24,769.8901484909999,0.0,0.5390589008688553
2025-07-15,2,25,724.4565943896553,0.0,0.525764551097349
2025-07-15,2,26,724.0344342727319,0.0,0.5044693304799597
2025-07-15,2,27,765.0796645922692,0.0,0.5085919329510455
2025-07-15,2,28,711.3568518127632,0.0,0.49583458731542196
2025-07-15,2,29,709.4179017243953,0.0,0.5229155587262633
2025-07-15,2,30,774.6938945072482,0.09708333333333319,0.5337155776455778
2025-07-15,2,31,697.4702216492572,25.79479999999999,0.5102204999425153
2025-07-15,2,32,689.7676551041766,59.157966666666645,0.4906098374060856
2025-07-15,2,33,747.1729821599998,91.7670833333333,0.4764910096458668
2025-07-15,2,34,693.8020886262155,126.23608333333328,0.3892559445093965
2025-07-15,2,35,718.0672465983529,164.52104999999997,0.5623312931228862
2025-07-15,2,36,885.4822962104413,201.6933333333333,0.8691960320831277
2025-07-15,2,37,928.3920988148815,237.79482777777775,0.8820828054329717
2025-07-15,2,38,858.5257531989191,288.56842222222224,0.8541269500647761
2025-07-15,2,39,829.657555269532,350.56061666666665,0.9022517551902464
2025-07-15,2,40,883.0158843839574,398.07869444444447,0.8477495909258763
2025-07-15,2,41,911.524444078173,438.45965555555546,0.7848710491357347
2025-07-15,2,42,904.5871010595544,487.12165000000005,0.7252079755427725
2025-07-15,2,43,860.9024413810274,554.581775,0.7099386570808145
2025-07-15,2,44,872.9770581828626,624.8342666666666,0.756047571694722
2025-07-15,2,45,931.5591314162587,676.0588750000001,0.7137690965682773
2025-07-15,2,46,922.3429882600512,699.8387,0.6526832274743732
2025-07-15,2,47,974.5198870531161,744.4677583333333,0.8469897178352467
2025-07-15,2,48,1175.5393108918122,814.1273500000001,1.1480963550724432
2025-07-15,2,49,1178.218852526325,878.0127722222223,1.171909204312776
2025-07-15,2,50,1144.7383383838321,908.5712944444447,1.0999822068989702
2025-07-15,2,51,1135.5264932271289,937.6616166666666,1.0907954148341403
2025-07-15,2,52,1133.7028039219283,1007.8323555555555,1.1040966009838784
2025-07-15,2,53,1156.617884972968,1067.431711111111,1.084248466931536
2025-07-15,2,54,1197.241809364534,1115.9833833333332,1.054358899402765
2025-07-15,2,55,1215.344246783139,1163.2564194444444,1.0553658553217784
2025-07-15,2,56,1228.146737487485,1201.017122222222,1.047373851800285
2025-07-15,2,57,1211.6409897498493,1209.6943416666668,1.0237731047225627
2025-07-15,2,58,1197.5010357370634,1220.4323444444444,0.9746088240004894
2025-07-15,2,59,1188.3655745026792,1250.7753805555556,1.026335152685491
2025-07-15,2,60,1187.046438539834,1282.1927999999998,1.1324414468829351
2025-07-15,2,61,1214.2978663598049,1276.0373,1.1918236242725389
2025-07-15,2,62,1203.545340201752,1296.3885500000001,1.1076066905063717
2025-07-15,2,63,1164.2703161683862,1331.0939499999997,1.0520316680858466
2025-07-15,2,64,1141.442326950693,1308.81575,1.107083996841997
2025-07-15,2,65,1172.9661625672077,1270.0074333333332,0.9090270106739079
2025-07-15,2,66,1208.294933396603,1242.4576,0.5874490589749308
2025-07-15,2,67,1180.2799797253203,1199.9437666666668,0.46350978940008924
2025-07-15,2,68,1160.7937119329868,1164.6592833333334,0.49168707901108877
2025-07-15,2,69,1206.4000148951882,1133.2913999999998,0.5228960699759301
2025-07-15,2,70,1176.835388713567,1095.1731499999999,0.4274756413223746
2025-07-15,2,71,1143.7099121285362,1062.2572666666667,0.3841101412252495
2025-07-15,2,72,1152.753990929269,1018.5377000000001,0.4316234238121525
2025-07-15,2,73,1105.487715321204,1005.1023972222222,0.4891752753714853
2025-07-15,2,74,1097.7720860277122,1010.2465777777777,0.5240210219552213
2025-07-15,2,75,1111.8131292826606,1032.7150416666666,0.4756066229537203
2025-07-15,2,76,1098.7686817478666,1019.4940888888891,0.44242359678588855
2025-07-15,2,77,1126.8451350999433,1026.836886111111,0.6210890661748711
2025-07-15,2,78,1227.1514323359347,1064.298633333333,0.8899415607513154
2025-07-15,2,79,1215.193520398528,1115.6524694444443,0.8449976460041448
2025-07-15,2,80,1219.0895835778772,1137.7105222222222,0.8780041181835693
2025-07-15,2,81,1292.1270932923344,1140.0007416666667,0.9863135233769897
2025-07-15,2,82,1273.2517283813763,1133.8958444444445,0.9549501123813251
2025-07-15,2,83,1245.6242088200856,1127.718163888889,1.0543094258499859
2025-07-15,2,84,1257.8187215810524,1142.16535,1.310346952208735
2025-07-15,2,85,1265.7326542499864,1104.0332027777777,1.3300624738516469
2025-07-15,2,86,1297.366042086292,1107.1564055555555,1.3006874736508627
2025-07-15,2,87,1322.6590997899534,1086.401758333333,1.3452643765478134
2025-07-15,2,88,1275.2389538947384,984.9200944444443,1.4132642097459502
2025-07-15,2,89,1257.4662598299476,971.8473972222223,1.1149130718431355
2025-07-15,2,90,1271.1447888617265,1002.3319166666666,0.647381413780851
2025-07-15,2,91,1266.5421257774444,886.7257666666665,0.7276198707160225
2025-07-15,2,92,1267.0106789907757,805.9991166666666,0.8294343838723542
2025-07-15,2,93,1242.3571718163419,809.1887666666665,0.7408348951868038
2025-07-15,2,94,1203.645595945548,746.0327833333332,0.7714517958004449
2025-07-15,2,95,1209.2072309641828,696.6669166666666,0.7827075986590861
2025-07-15,2,96,1252.3794413954856,671.9581166666667,0.7959390025367108
2025-07-15,2,97,1284.458822534079,623.5215361111111,0.8620189365133843
2025-07-15,2,98,1301.747783153916,572.6746555555554,0.9065810612898235
2025-07-15,2,99,1312.8247705098431,547.406625,0.9470474432801177
2025-07-15,2,100,1290.5403589574034,520.0620111111109,0.9881632200406405
2025-07-15,2,101,1264.7300215608666,497.93581388888884,1.0454621010277263
2025-07-15,2,102,1224.3721256248812,487.04263333333336,1.1129092144073005
2025-07-15,2,103,1217.8752028658644,454.8392972222221,1.080318623222954
2025-07-15,2,104,1243.8473546125033,411.33741111111107,1.0896593892384225
2025-07-15,2,105,1272.4921276044054,356.23607499999997,1.1050495729809309
2025-07-15,2,106,1283.226935839827,304.55157222222226,1.0549644413179775
2025-07-15,2,107,1190.8184715617758,263.3430194444444,1.1812259226749666
2025-07-15,2,108,986.9341345973965,228.86701666666664,1.3595238012610151
2025-07-15,2,109,983.8260679646838,185.8677972222222,1.3929689008971464
2025-07-15,2,110,1020.2794366873591,142.63367777777773,1.3497920564302144
2025-07-15,2,111,1044.5472971722547,102.49635833333332,1.2863255853959012
2025-07-15,2,112,1042.0529772448956,65.79380555555555,1.375313925198141
2025-07-15,2,113,985.8986157633693,29.840536111111106,1.4718960335385463
2025-07-15,2,114,953.8668292581125,0.1632,1.6341568484060185
2025-07-15,2,115,955.8397040150041,0.0,1.6549100986272163
2025-07-15,2,116,1003.1932822542873,0.0,1.6733123858059717
2025-07-15,2,117,992.7672847713561,0.0,1.7062814568855877
2025-07-15,2,118,1012.1183812102993,0.0,1.6770343833251014
2025-07-15,2,119,1025.79301305343,0.0,1.6572333947449933
2025-07-15,2,120,1055.1265590655562,0.0,1.7095195781530639
2025-07-15,2,121,991.0312930991809,0.0,1.695661344367106
2025-07-15,2,122,1010.3000752418694,0.0026666666666666666,1.672755274227956
2025-07-15,2,123,1053.348504294865,0.0,1.6666611093930284
2025-07-15,2,124,1060.0615849324122,0.0,1.730198803255507
2025-07-15,2,125,1023.6652858256057,0.00018333333333333334,1.489297490117343
2025-07-15,2,126,1016.6643777639808,0.0,1.1273420324657917
2025-07-15,2,127,1022.7191030932971,0.0,1.0765054030633998
2025-07-15,2,128,1017.7198492099324,0.0,1.077184994871009
2025-07-15,2,129,1052.157799254127,0.0,1.0382453891704861
2025-07-15,2,130,1103.1015571957037,0.0,1.114622860822742
2025-07-15,2,131,957.88261689188,0.0,0.9124114101137191
2025-07-15,2,132,809.6619808683309,0.0,0.5513896620570161
2025-07-15,2,133,850.5144044798898,0.0,0.5766270327228593
2025-07-15,2,134,890.7397620522677,0.0,0.6158787459745366
2025-07-15,2,135,842.8332442462463,0.0,0.5401263177508154
2025-07-15,2,136,839.2906793528782,0.0,0.5697165987812829
2025-07-15,2,137,815.0117784891722,0.0,0.5758778786399363
2025-07-15,2,138,754.119919830851,0.0,0.4986765549134699
2025-07-15,2,139,825.5630827041397,0.0,0.5548166705682465
2025-07-15,2,140,851.300209111596,0.0,0.5905711896350452
2025-07-15,2,141,810.1093855995854,0.0,0.5518785831517237
2025-07-15,2,142,747.7741973340597,0.0,0.5590601322496781
2025-07-15,2,143,778.3661605551798,0.0,0.5561657654151805
2025-07-15,2,144,813.6168322323457,0.0,0.5245171192550959
2025-07-15,3,1,846.2283498866993,0.0,0.6538673844416645
2025-07-15,3,2,869.3992794294692,0.0,0.6327016523721349
2025-07-15,3,3,871.6060250362412,0.0,0.6201376412678171
2025-07-15,3,4,811.2784594102151,0.0,0.6207676906768889
2025-07-15,3,5,798.1843487535016,0.0,0.6102148427210031
2025-07-15,3,6,769.1115490664696,0.0,0.6291058039803167
2025-07-15,3,7,791.1615024169521,0.0,0.6665012603179334
2025-07-15,3,8,797.2321367392167,0.0,0.6459181616271878
2025-07-15,3,9,825.8781177945951,0.0,0.604453378396242
2025-07-15,3,10,788.2993671788969,0.0,0.5588097111265934
2025-07-15,3,11,742.1375660272022,0.0,0.543283309140872
2025-07-15,3,12,759.8407893102622,0.0,0.5593384830051733
2025-07-15,3,13,788.3978304346748,0.0,0.5808846227791706
2025-07-15,3,14,780.1980600530949,0.0,0.6073089372048346
2025-07-15,3,15,765.7751605847941,0.0,0.5802463633604306
2025-07-15,3,16,726.092406743059,0.0,0.531425047240285
2025-07-15,3,17,769.5313222649679,0.0,0.5302624327407071
2025-07-15,3,18,852.0594291038509,0.0,0.5911390280283648
2025-07-15,3,19,809.2161608123705,0.0002833333333333333,0.6061196941517326
2025-07-15,3,20,755.4140292423479,0.0,0.5860606788159295
2025-07-15,3,21,694.5911863727658,0.0,0.6002113443564219
2025-07-15,3,22,691.0551653170174,0.003933333333333333,0.5443573987034029
2025-07-15,3,23,706.3625150111271,0.0,0.49237304625102774
2025-07-15,3,24,724.0057838613178,0.0,0.5402077868993675
2025-07-15,3,25,744.9140199051925,0.054900000000000004,0.5873020812168624
2025-07-15,3,26,775.7883681718264,0.0,0.5852288695810741
2025-07-15,3,27,779.6354133854757,0.0,0.5599336554273195
2025-07-15,3,28,729.4378923452285,0.7646166666666666,0.5913970220239285
2025-07-15,3,29,692.7349232014253,0.0,0.619368025018388
2025-07-15,3,30,729.5019906018435,0.0,0.5643877018462895
2025-07-15,3,31,759.7134768527765,23.893508333333326,0.54061268233792
2025-07-15,3,32,760.0084984763234,56.69734999999999,0.503635491232268
2025-07-15,3,33,718.838261449303,90.459775,0.4058172330651057
2025-07-15,3,34,698.6226048968751,125.01733333333331,0.37291687438253257
2025-07-15,3,35,717.8538960142495,155.18922499999996,0.5878900756099292
2025-07-15,3,36,838.7051932927873,187.73205000000002,0.8800312393364417
2025-07-15,3,37,871.452689994293,233.75213333333332,0.8971173443081111
2025-07-15,3,38,875.9331132138946,276.11855,0.9188533905665909
2025-07-15,3,39,880.8128691486689,315.41979999999995,0.9765144380876594
2025-07-15,3,40,874.0340793219293,368.90014999999994,0.8778818034396593
2025-07-15,3,41,827.1912101360207,415.62861666666663,0.8082635511662428
2025-07-15,3,42,811.2767717131136,453.7263,0.8202936282611997
2025-07-15,3,43,840.0353780474052,507.6164999999999,0.7776125145130395
2025-07-15,3,44,887.7057701875643,551.319,0.8110755279669055
2025-07-15,3,45,898.8798678972696,593.3076,0.7982060213499458
2025-07-15,3,46,832.3277744246502,664.10165,0.6512512056228547
2025-07-15,3,47,886.7113318476158,736.1950333333333,0.8082433772512991
2025-07-15,3,48,1126.6427844550924,803.43265,1.1131486916328202
2025-07-15,3,49,1143.6892708819573,879.6501805555555,1.1464173321141264
2025-07-15,3,50,1104.5471735083943,911.7141777777778,1.0986726011761405
2025-07-15,3,51,1086.339886750518,923.3296416666666,1.089937952381384
2025-07-15,3,52,1111.1378809820844,995.1875055555556,1.0488066038187889
2025-07-15,3,53,1174.5965771230472,1068.8268194444445,1.0298341781393807
2025-07-15,3,54,1213.8646685711924,1115.4391333333333,1.0362643686030086
2025-07-15,3,55,1182.0745205667135,1120.8248944444445,0.9952253320493651
2025-07-15,3,56,1159.5304648084712,1119.3162555555555,0.9432129364446472
2025-07-15,3,57,1167.2719167788625,1107.3400166666668,0.9178269272735302
2025-07-15,3,58,1178.2985772907796,1104.0727277777778,0.9029784167493334
2025-07-15,3,59,1159.0677374340867,1160.5822222222223,1.045144877738183
2025-07-15,3,60,1138.1267574542342,1220.7971499999999,1.3128752631125136
2025-07-15,3,61,1210.7122847265332,1184.1724666666667,1.4319500463280468
2025-07-15,3,62,1205.8829072076578,1184.6305666666667,1.3453965209772534
2025-07-15,3,63,1147.857377822474,1242.5850500000001,1.285416308475566
2025-07-15,3,64,1190.4236322483107,1231.3778,1.3687274244725063
2025-07-15,3,65,1206.404924708946,1170.6043666666665,1.0320095201912591
2025-07-15,3,66,1182.9595487763493,1153.6542000000002,0.448632629256972
2025-07-15,3,67,1223.8721159303454,1235.9715444444446,0.35849977846921643
2025-07-15,3,68,1216.2126946723934,1195.550088888889,0.48811385457606926
2025-07-15,3,69,1201.032516062307,1048.6726833333335,0.5150466719681355
2025-07-15,3,70,1241.554154439615,1035.1687944444443,0.4887192569546683
2025-07-15,3,71,1202.6189416022066,1058.8312555555556,0.4377808673112392
2025-07-15,3,72,1147.0296455707207,1017.2974166666665,0.4133447732427093
2025-07-15,3,73,1237.863555003144,959.8483027777777,0.4869063523373485
2025-07-15,3,74,1239.7592716121735,963.801822222222,0.5033889002105593
2025-07-15,3,75,1136.7374980300415,1041.3206750000002,0.40678244086402876
2025-07-15,3,76,1145.3912248537054,1097.433477777778,0.3850362268952904
2025-07-15,3,77,1226.6551846159846,1139.1144305555556,0.5861788096490039
2025-07-15,3,78,1281.9010655858424,1147.6314333333335,0.8572529730791552
2025-07-15,3,79,1244.107212688834,1088.814025,0.8728148036678682
2025-07-15,3,80,1217.321596887971,1035.3616166666664,0.8504823094274294
2025-07-15,3,81,1261.7605062099456,1034.6012583333336,0.871722952408925
2025-07-15,3,82,1291.8671099068852,1064.6187166666668,0.876364825183154
2025-07-15,3,83,1285.2075743326277,1078.2485416666668,1.0657536525589442
2025-07-15,3,84,1251.5044925590237,1063.2960833333334,1.367324568814177
2025-07-15,3,85,1265.062366546314,1035.373038888889,1.4277243585105446
2025-07-15,3,86,1280.4919097957918,992.1777444444447,1.3842836702400176
2025-07-15,3,87,1271.1059860210053,942.8080999999997,1.4799047460245403
2025-07-15,3,88,1236.7303790305061,911.9120888888888,1.5700562514027925
2025-07-15,3,89,1249.7998784761298,888.9703777777777,1.2754711496918976
2025-07-15,3,90,1302.8336251067144,856.8201166666665,0.7834666027476744
2025-07-15,3,91,1316.892849412241,795.9530611111109,0.7892881943518136
2025-07-15,3,92,1312.2245095371427,749.9017222222221,0.9004455149681552
2025-07-15,3,93,1277.263833293645,727.9993999999999,0.8918035315501661
2025-07-15,3,94,1242.7617428510662,711.583761111111,0.8314181571693218
2025-07-15,3,95,1270.5210053974183,687.0011888888888,0.8319662624777432
2025-07-15,3,96,1304.249711062812,656.3974333333333,0.89313147915383
2025-07-15,3,97,1272.8968590340442,628.5260694444445,0.898394436106193
2025-07-15,3,98,1261.4097840395775,568.0140722222222,0.9300262869422742
2025-07-15,3,99,1311.4734365497238,502.6683416666666,1.0352028654856407
2025-07-15,3,100,1341.3623784211645,496.2341444444444,1.095181096821883
2025-07-15,3,101,1332.0956885922478,478.746163888889,1.0568997634392112
2025-07-15,3,102,1294.5274871722809,420.53299999999996,1.0359308095136277
2025-07-15,3,103,1347.0631970394074,362.1460361111111,1.0686512167230453
2025-07-15,3,104,1356.2371366547563,323.9544888888888,1.150831516528065
2025-07-15,3,105,1307.2855502571215,303.4178583333333,1.1900600502637646
2025-07-15,3,106,1293.4377769198754,283.04012777777774,1.1483778928208226
2025-07-15,3,107,1261.9819887838116,256.1502805555555,1.23594832030471
2025-07-15,3,108,1080.0702612723862,222.10896666666665,1.379146532767142
2025-07-15,3,109,1040.8619305691577,176.8652722222222,1.3844865741584618
2025-07-15,3,110,1034.8799482534562,135.6846611111111,1.4167296077784626
2025-07-15,3,111,1046.9456344957885,98.87323333333333,1.4331071943158686
2025-07-15,3,112,1061.8944515903672,60.66518888888888,1.4649800254381204
2025-07-15,3,113,1018.3884395573407,24.362227777777772,1.6215209735619804
2025-07-15,3,114,990.264123829846,0.0,1.9547948153118613
2025-07-15,3,115,969.2617989408667,0.0,1.9504914482875597
2025-07-15,3,116,1003.2614539190071,0.7718833333333334,1.8779809749181826
2025-07-15,3,117,1004.1867558822994,0.0,1.9007160218289119
2025-07-15,3,118,1070.0437234081833,0.0,1.9486499960680206
2025-07-15,3,119,1077.001827103809,0.05541666666666667,1.9816001409153057
2025-07-15,3,120,1066.6616236127666,0.0,2.021227081236348
2025-07-15,3,121,1033.7103992228815,0.0,1.935828656101349
2025-07-15,3,122,1053.2401261534205,0.0039833333333333335,1.8714485762499735
2025-07-15,3,123,1081.3890723730121,0.0,1.8853993564756957
2025-07-15,3,124,1083.7375751776171,0.0,2.039193499207694
2025-07-15,3,125,1038.0447059687513,0.0002833333333333333,1.693854404757792
2025-07-15,3,126,1004.4377378217698,0.0,1.1614276038754978
2025-07-15,3,127,1030.6007018754008,0.0,1.0823664886859876
2025-07-15,3,128,1043.6629716112152,0.0,1.1308817064276644
2025-07-15,3,129,1060.7383549704027,0.0,1.1363239816700121
2025-07-15,3,130,1141.1403617657888,0.0,1.2161475765178167
2025-07-15,3,131,991.2312716472538,0.0,0.971924141986268
2025-07-15,3,132,762.5067539338285,0.0,0.5299392534776755
2025-07-15,3,133,768.292039540774,0.0,0.5120120887751056
2025-07-15,3,134,834.0964387067955,0.0,0.5676334424727911
2025-07-15,3,135,823.9938172312447,0.0,0.5548685659056638
2025-07-15,3,136,813.483283562318,0.0,0.6273358794374599
2025-07-15,3,137,807.8020153359598,0.0,0.6613303608914147
2025-07-15,3,138,785.4488295202094,0.0,0.6302338425928882
2025-07-15,3,139,861.3094306347961,0.0,0.6350282846556861
2025-07-15,3,140,856.9437627813892,0.0,0.6216928099363672
2025-07-15,3,141,821.0157207045789,0.0,0.5767703310505832
2025-07-15,3,142,818.4113218044649,0.0,0.5895524891946362
2025-07-15,3,143,845.6106349311432,0.0,0.6080553405490767
2025-07-15,3,144,817.8543430718247,0.0,0.5898681421756953
2025-07-15,4,1,810.2624165128027,0.0,0.5277350059331201
2025-07-15,4,2,797.4345937635184,0.0,0.5161349660908602
2025-07-15,4,3,800.2616485455018,0.0,0.5320887181959356
2025-07-15,4,4,777.2589150078039,0.0,0.6131008890777456
2025-07-15,4,5,810.9555020764473,0.0,0.6192930630866882
2025-07-15,4,6,783.2273411875284,0.0,0.5436920336530611
2025-07-15,4,7,782.9926013330647,0.0,0.5111054846400735
2025-07-15,4,8,738.8216990504679,0.0,0.5141860721468238
2025-07-15,4,9,751.3325300763905,0.0,0.5386373554197328
2025-07-15,4,10,826.7711376875745,0.0,0.5653179883366
2025-07-15,4,11,802.5624314308402,0.0,0.5669814047896851
2025-07-15,4,12,738.9258476355669,0.0,0.530805448327851
2025-07-15,4,13,752.4279939567754,0.0,0.5047352951108319
2025-07-15,4,14,752.4802861195224,0.0,0.4903233343982324
2025-07-15,4,15,733.905723377696,0.0,0.4859609902361939
2025-07-15,4,16,762.576199864832,0.0,0.4747519393110611
2025-07-15,4,17,803.2436976678888,0.0,0.5025846398773461
2025-07-15,4,18,815.690005576682,0.0,0.5261322137516975
2025-07-15,4,19,781.747375562875,0.0003,0.46297722941349556
2025-07-15,4,20,783.7186162939463,0.0,0.47085608191068085
2025-07-15,4,21,752.3763286433209,0.0,0.5681945255841439
2025-07-15,4,22,731.5861152609452,0.004116666666666666,0.5550630438113645
2025-07-15,4,23,726.24885610703,0.0,0.4920675012125607
2025-07-15,4,24,740.8516424771111,0.0,0.49399350062479797
2025-07-15,4,25,746.0797081110794,0.0,0.49413267655475485
2025-07-15,4,26,760.6859161445549,0.0,0.5179450380626265
2025-07-15,4,27,755.9151443917206,0.0,0.5192681266595081
2025-07-15,4,28,704.3338366720913,0.0067722222222220685,0.42490239976207206
2025-07-15,4,29,684.3221821530403,0.0,0.42061205082134534
2025-07-15,4,30,731.1194078995536,0.02578333333333327,0.46619251411653656
2025-07-15,4,31,719.4878649791796,25.23523611111111,0.4631053568009074
2025-07-15,4,32,705.3810242432892,54.86697222222223,0.44659454806089394
2025-07-15,4,33,699.3756016581709,86.14349166666668,0.42303986661005843
2025-07-15,4,34,704.5254251714151,131.00784444444446,0.37390842601529817
2025-07-15,4,35,769.9151850814812,169.11023055555555,0.5830329102221622
2025-07-15,4,36,885.465391070339,196.95495,0.9192600012844847
2025-07-15,4,37,888.2415488223977,240.86339166666664,0.9414837119348749
2025-07-15,4,38,843.6162331672372,277.5322666666667,0.8294855183040921
2025-07-15,4,39,852.9832807312515,296.29367499999995,0.8115896274439218
2025-07-15,4,40,886.9810382228457,307.3755833333333,0.8986911340692333
2025-07-15,4,41,884.5747935683629,368.22100833333326,0.8410317074379419
2025-07-15,4,42,880.1275513484374,465.5136499999999,0.6733297634161113
2025-07-15,4,43,852.0570157174652,533.0535861111111,0.7009219806123992
2025-07-15,4,44,851.5980913837212,579.0487555555554,0.7501747594111692
2025-07-15,4,45,868.9131894401362,626.0386583333334,0.680217315382273
2025-07-15,4,46,853.0331765089979,683.3315277777778,0.6766071263708482
2025-07-15,4,47,941.9515061789298,769.1685305555557,0.9254974979196323
2025-07-15,4,48,1143.2392654054047,856.5136666666666,1.2431036611808768
2025-07-15,4,49,1169.0683859441403,891.7767527777779,1.2549505721413732
2025-07-15,4,50,1147.5473930306166,927.8584722222223,1.1680707230093967
2025-07-15,4,51,1136.931981810779,981.615275,1.1093556114414436
2025-07-15,4,52,1141.6357906059027,1024.3343611111113,1.0865283400090595
2025-07-15,4,53,1170.4236825528476,1072.565513888889,1.1208125734619054
2025-07-15,4,54,1190.3964164160802,1137.6793833333334,1.1594271632648887
2025-07-15,4,55,1188.9339951584502,1211.387636111111,1.0676044718001174
2025-07-15,4,56,1186.5003905144713,1250.8399388888888,1.0192476823236116
2025-07-15,4,57,1180.0500699253748,1264.9965916666667,1.0685042495783224
2025-07-15,4,58,1165.717228235752,1296.624261111111,1.0276848261175169
2025-07-15,4,59,1165.5646850039839,1311.7105972222223,1.0692275991881237
2025-07-15,4,60,1156.518929344094,1308.3013,1.200093516832401
2025-07-15,4,61,1186.1793464043121,1294.0270583333333,1.2893138758024019
2025-07-15,4,62,1170.9405919935396,1320.0441666666666,1.2031700252069362
2025-07-15,4,63,1148.9039053402496,1337.3208249999998,1.1301091821935456
2025-07-15,4,64,1167.4661033770171,1277.900916666667,1.2226116869550756
2025-07-15,4,65,1166.474759830853,1221.6776583333333,1.0412738007235993
2025-07-15,4,66,1145.2906195287478,1208.6216,0.6572339775859215
2025-07-15,4,67,1171.0530768166552,1186.7412138888888,0.5110980498594342
2025-07-15,4,68,1178.9033857037798,1156.1278944444443,0.5900008905665906
2025-07-15,4,69,1187.7382929810535,1144.0732916666666,0.6733064890680186
2025-07-15,4,70,1160.1187077738894,1185.9732388888888,0.5722158329097076
2025-07-15,4,71,1110.3192263355475,1193.028536111111,0.48218999808722274
2025-07-15,4,72,1115.156058418865,1154.6687333333334,0.4783750505498484
2025-07-15,4,73,1119.2976680910454,1159.1620027777776,0.4448857994244554
2025-07-15,4,74,1078.2550042454177,1161.2831222222221,0.4034728002040478
2025-07-15,4,75,1054.6386389481395,1139.8760416666667,0.38080003912386656
2025-07-15,4,76,1090.7176553870102,1110.2988444444445,0.44805287200980237
2025-07-15,4,77,1199.4626590184291,1090.020147222222,0.6249745918625526
2025-07-15,4,78,1275.1825710849098,1076.4145999999998,0.8256375143801578
2025-07-15,4,79,1233.033177888543,1086.1691749999998,0.8865099688120137
2025-07-15,4,80,1197.376840903821,1082.9537999999998,0.8658320095535746
2025-07-15,4,81,1228.6661158777588,1090.580425,0.8248597959896071
2025-07-15,4,82,1209.5341626581253,1129.2772000000002,0.8406861848382843
2025-07-15,4,83,1227.3751456882585,1128.052075,1.0132828937771936
2025-07-15,4,84,1268.949503125566,1078.0587500000001,1.237249894325773
2025-07-15,4,85,1218.4058978668409,1010.4501388888891,1.2578043786148054
2025-07-15,4,86,1179.771338205807,933.8607444444444,1.2093983230738554
2025-07-15,4,87,1221.8587729758706,858.2246166666664,1.3128447472199205
2025-07-15,4,88,1309.2986975844094,827.0278555555556,1.4634777681383642
2025-07-15,4,89,1306.3830117480313,830.588161111111,1.1743976772836184
2025-07-15,4,90,1231.733499245993,849.8842333333333,0.6572944926460523
2025-07-15,4,91,1199.1665428478934,860.9662305555555,0.670856564528062
2025-07-15,4,92,1213.9044758555235,828.2397611111111,0.8293984268579669
2025-07-15,4,93,1216.1251692125875,754.5891249999999,0.8438083837374306
2025-07-15,4,94,1205.276052595025,684.9983055555555,0.7928601428416716
2025-07-15,4,95,1229.9793957695165,641.3715027777778,0.7903270155432239
2025-07-15,4,96,1266.9072673171388,596.9440166666666,0.8448905934868803
2025-07-15,4,97,1234.505861791054,533.7018138888888,0.8550944545035712
2025-07-15,4,98,1220.1133143553484,508.633211111111,0.8813553145013652
2025-07-15,4,99,1265.8387340183397,522.6201583333333,0.95863939971076
2025-07-15,4,100,1293.897237833576,493.7915388888889,0.9407753177909428
2025-07-15,4,101,1299.2454488624235,435.20601944444456,0.9055983510176292
2025-07-15,4,102,1240.8486380790407,380.75879999999995,0.9513139856533502
2025-07-15,4,103,1232.985935338537,349.5578944444444,1.0090200318761835
2025-07-15,4,104,1254.698097870669,312.8446388888888,1.062711524792725
2025-07-15,4,105,1281.1192420973512,268.86473333333333,1.0665601788262014
2025-07-15,4,106,1259.6889713455284,243.11764444444444,1.0627152338505232
2025-07-15,4,107,1169.5671017617078,221.62870555555554,1.16482224298314
2025-07-15,4,108,959.283824583998,193.67066666666662,1.3142442209797272
2025-07-15,4,109,946.0202289355096,153.91155555555554,1.3905539152525137
2025-07-15,4,110,998.2193273383251,115.80289444444443,1.4224220106653236
2025-07-15,4,111,1018.4233286376729,81.66218333333332,1.3813441167674125
2025-07-15,4,112,1048.6125681039068,50.68715555555556,1.3799625767625379
2025-07-15,4,113,1027.1474324126557,21.26831111111111,1.4953662857682917
2025-07-15,4,114,1018.7607488098212,0.17245,1.7312073505995553
2025-07-15,4,115,971.1682687644267,0.0,1.6866579580589305
2025-07-15,4,116,982.5197539113464,0.012966666666666682,1.6441979315678192
2025-07-15,4,117,954.6471446986052,0.0,1.678395277027785
2025-07-15,4,118,975.1054497146849,0.0,1.6551197756793845
2025-07-15,4,119,997.8405288107156,0.0,1.6181124151754323
2025-07-15,4,120,1043.2214670327444,0.0,1.6740451263570792
2025-07-15,4,121,1029.758059967597,0.0,1.7228089558869746
2025-07-15,4,122,1031.0544844113074,0.00315,1.6899237572119248
2025-07-15,4,123,1025.0510506371202,0.0,1.6339562861435808
2025-07-15,4,124,1009.3725290737392,0.0,1.7787158334582687
2025-07-15,4,125,1006.3640972787815,0.00023333333333333333,1.5619067525660728
2025-07-15,4,126,1007.5607061681228,0.0,1.1474411127059678
2025-07-15,4,127,1024.886333604781,0.0,1.1534075144687579
2025-07-15,4,128,1005.5381202988588,0.0,1.143726801830099
2025-07-15,4,129,974.4217321117129,0.0,1.0212654858915442
2025-07-15,4,130,1071.8541510565299,0.0,1.1045330536307334
2025-07-15,4,131,1014.5747060834894,0.0,0.9460875426754467
2025-07-15,4,132,859.8474924020554,0.0,0.5668871917555982
2025-07-15,4,133,820.8242607071033,0.0,0.5289348303062096
2025-07-15,4,134,806.0609158978054,0.0,0.5589386196148817
2025-07-15,4,135,785.5201307302417,0.0,0.5611305125763226
2025-07-15,4,136,804.2190102690595,0.0,0.6511206961644831
2025-07-15,4,137,833.1081393268275,0.0,0.6336803810512603
2025-07-15,4,138,806.6730618295231,0.0,0.5084554890767219
2025-07-15,4,139,811.7008850830733,0.0,0.4755129193961393
2025-07-15,4,140,774.3799397868497,0.0,0.4958070562374852
2025-07-15,4,141,760.1893343625305,0.0,0.5110947377600159
2025-07-15,4,142,790.6277996573682,0.0,0.5505381264615877
2025-07-15,4,143,821.7537297493957,0.0,0.53901601785453
2025-07-15,4,144,789.8177161239731,0.0,0.5099411533515168
2025-07-15,5,1,857.3272513378124,0.0,0.5473215825870223
2025-07-15,5,2,831.0510233261078,0.0,0.5811896693121612
2025-07-15,5,3,849.0072660839298,0.0,0.5254248788857603
2025-07-15,5,4,829.419191221288,0.0,0.5457705810378666
2025-07-15,5,5,819.5200929879754,0.0,0.5173163915481602
2025-07-15,5,6,771.5477355223297,0.0,0.47431955102351264
2025-07-15,5,7,788.8724933766908,0.0,0.5205526628974481
2025-07-15,5,8,806.1673539371768,0.0,0.5725570917284457
2025-07-15,5,9,828.3954291399793,0.0,0.49901095558296943
2025-07-15,5,10,795.571240770457,0.0,0.48542247841404185
2025-07-15,5,11,829.7118739288939,0.0,0.5409162160998654
2025-07-15,5,12,891.4877167764367,0.0,0.5935832503455668
2025-07-15,5,13,811.009106568177,0.0,0.5722212299085743
2025-07-15,5,14,745.5105847385668,0.0,0.5081156412813298
2025-07-15,5,15,795.1290774567486,0.0,0.48107598591559275
2025-07-15,5,16,808.1681935594125,0.0,0.5549768404827367
2025-07-15,5,17,788.2124036903879,0.0,0.5468122786706551
2025-07-15,5,18,787.7954695232634,0.0,0.45873949926051066
2025-07-15,5,19,749.5819066498746,0.0002666666666666667,0.5428922022150868
2025-07-15,5,20,758.6340911295214,0.0,0.5417584913327915
2025-07-15,5,21,734.3521338139833,0.0,0.4792087121945278
2025-07-15,5,22,721.5637179143008,0.0037333333333333333,0.4340371065085262
2025-07-15,5,23,725.2470362060932,0.0,0.48185142734014136
2025-07-15,5,24,745.4838872991681,0.0,0.5594115313624566
2025-07-15,5,25,762.5716724677243,0.0,0.5340310616134452
2025-07-15,5,26,771.2017042491963,0.0,0.48807093209689206
2025-07-15,5,27,775.8005123482877,0.0,0.47192828358342737
2025-07-15,5,28,773.0088597862945,0.43609444444444445,0.4575386816512275
2025-07-15,5,29,755.3365077034151,0.0,0.5124719048031383
2025-07-15,5,30,738.0566283424524,0.03531666666666666,0.5565499929436981
2025-07-15,5,31,711.8719918121831,25.524811111111102,0.5128305531009096
2025-07-15,5,32,715.3421081122559,60.34975555555555,0.48298351747311685
2025-07-15,5,33,716.6477093798956,94.85884999999999,0.43686077400243767
2025-07-15,5,34,715.0925023484009,128.0364444444444,0.37540817225880907
2025-07-15,5,35,780.7776501757617,164.98623888888886,0.5696921168197784
2025-07-15,5,36,890.644552536688,201.2511333333333,0.8880968896129011
2025-07-15,5,37,892.85840036582,236.3832972222222,0.9116591475634961
2025-07-15,5,38,844.8922226000008,285.1074777777777,0.84326675742343
2025-07-15,5,39,839.7331637709804,345.43617499999993,0.8524061078749339
2025-07-15,5,40,861.6452026980273,393.7276055555555,0.8453276989344939
2025-07-15,5,41,895.5114312748873,444.42791944444434,0.8241940948691835
2025-07-15,5,42,919.9960240671321,491.4524666666667,0.7904722976999615
2025-07-15,5,43,894.92528669381,533.053986111111,0.7995218416769255
2025-07-15,5,44,890.4142177771477,595.6850388888888,0.796751614110584
2025-07-15,5,45,930.7768954138106,678.581375,0.748306872075036
2025-07-15,5,46,986.3849231455358,736.7044944444444,0.7078290549414372
2025-07-15,5,47,993.8865269049977,793.1897472222222,0.8929609121122253
2025-07-15,5,48,1134.974748652111,862.2665333333333,1.1540133516585191
2025-07-15,5,49,1143.11639124131,902.865938888889,1.2165309359355325
2025-07-15,5,50,1140.1241775849346,924.1856944444445,1.2290355903540613
2025-07-15,5,51,1152.3693404883902,942.75725,1.2148574339267313
2025-07-15,5,52,1116.3667738656802,992.042388888889,1.1692134295117638
2025-07-15,5,53,1151.104754519713,1034.9142944444445,1.15531473596694
2025-07-15,5,54,1206.5884844563857,1084.2229666666667,1.1547898573839348
2025-07-15,5,55,1169.2582517186145,1167.7297583333332,1.0272512020841578
2025-07-15,5,56,1164.7433075758197,1166.7620833333335,0.9977836380565255
2025-07-15,5,57,1188.99358126162,1101.972091666667,1.0791271297407246
2025-07-15,5,58,1184.3036606018575,1132.01265,1.0509934789251516
2025-07-15,5,59,1184.4451259117861,1205.2090916666666,1.1273397411965798
2025-07-15,5,60,1169.9385910152682,1259.8524666666665,1.2643574938707287
2025-07-15,5,61,1206.7341602299807,1261.3533,1.2317149183438718
2025-07-15,5,62,1184.5632876196612,1297.1734166666668,1.0567463715819612
2025-07-15,5,63,1131.4896324807319,1345.0132666666666,0.996537084719108
2025-07-15,5,64,1147.5362172358023,1323.92705,1.11104636985019
2025-07-15,5,65,1153.4457207833877,1278.7278333333334,0.8936667197865229
2025-07-15,5,66,1167.2806640665237,1226.6365666666666,0.5136109020078037
2025-07-15,5,67,1212.0239342510315,1179.2089694444444,0.5085514537460485
2025-07-15,5,68,1190.3794953625434,1122.381922222222,0.553179008010399
2025-07-15,5,69,1183.0482514978148,1070.920975,0.5245456587417194
2025-07-15,5,70,1225.9192932428589,1025.0815944444444,0.552149092150387
2025-07-15,5,71,1199.8587625265766,1027.2080805555554,0.568317961208946
2025-07-15,5,72,1127.8282982047551,1050.5803833333332,0.5343782251818044
2025-07-15,5,73,1126.1995630423212,1026.9467777777777,0.5399988150514079
2025-07-15,5,74,1156.0492651487314,1016.8400555555554,0.5751904604491576
2025-07-15,5,75,1146.4851098068195,1021.7084666666665,0.5428653892749367
2025-07-15,5,76,1116.28721325022,978.1822111111112,0.5430648723388406
2025-07-15,5,77,1124.7287694525069,950.4682555555555,0.7270861267875867
2025-07-15,5,78,1178.6537202116624,988.3177999999998,0.978929002308958
2025-07-15,5,79,1198.1392955637964,1042.3846555555554,0.9176096820615693
2025-07-15,5,80,1175.7024643507023,1036.7984777777776,0.8481584452248
2025-07-15,5,81,1170.0898490522843,972.0725666666667,0.8886289496058221
2025-07-15,5,82,1195.8634174950034,945.6387055555556,0.909129607644642
2025-07-15,5,83,1226.0556219057662,938.5850111111113,1.0228992522694687
2025-07-15,5,84,1221.8943395011574,915.2460833333334,1.1786691944072476
2025-07-15,5,85,1210.3953044220093,897.2489833333334,1.1935026773907065
2025-07-15,5,86,1201.3311307998954,862.5296333333333,1.1426754549471594
2025-07-15,5,87,1198.2258129062468,841.7589333333332,1.1950687787392322
2025-07-15,5,88,1194.8324480488434,852.0320333333334,1.2803079460922377
2025-07-15,5,89,1219.2065167268056,823.6985666666667,1.0925543872719965
2025-07-15,5,90,1279.2983708453762,765.4217833333333,0.7633222197183784
2025-07-15,5,91,1299.69828833581,745.2955972222221,0.7894315776725882
2025-07-15,5,92,1257.457091230583,719.4236111111111,0.8059083906960244
2025-07-15,5,93,1207.7204364362033,662.3985249999998,0.7710795340775625
2025-07-15,5,94,1240.1551999612066,609.2547222222221,0.845273535870874
2025-07-15,5,95,1277.6909328469487,595.8612861111111,0.8751287762392993
2025-07-15,5,96,1260.3020631068773,600.4752666666666,0.8408763276051242
2025-07-15,5,97,1294.3412647061095,566.5761138888888,0.8766935545078803
2025-07-15,5,98,1320.466640159025,485.53206111111115,0.9060925468612288
2025-07-15,5,99,1306.2375743359828,417.08845833333334,0.974778496214619
2025-07-15,5,100,1266.3759384501711,425.8100888888888,1.01092801651427
2025-07-15,5,101,1251.5831170424321,420.5856694444445,0.9746663532336024
2025-07-15,5,102,1242.6635280417538,373.67665000000005,0.9426075007422577
2025-07-15,5,103,1258.8101685395309,337.3882472222222,0.9958049251798976
2025-07-15,5,104,1251.0413418373394,321.9220111111112,1.0795879429597337
2025-07-15,5,105,1242.8232056519053,299.3369916666666,1.0931580329771593
2025-07-15,5,106,1280.6289186856739,243.6247222222222,1.1181478893054602
2025-07-15,5,107,1188.1011829275549,191.38811944444444,1.2171162445248838
2025-07-15,5,108,978.1107239453036,158.95358333333328,1.2980881811875198
2025-07-15,5,109,971.6037648604265,131.7363333333333,1.3155835744407944
2025-07-15,5,110,1074.7125940883334,105.61959999999998,1.3785062484137738
2025-07-15,5,111,1117.9116504622732,78.86358333333331,1.417781207172832
2025-07-15,5,112,1051.2384483722162,48.40023333333331,1.4513792406758501
2025-07-15,5,113,1006.4848481360083,18.657783333333317,1.4858042901846071
2025-07-15,5,114,1018.1161797948386,0.0,1.6491169871710143
2025-07-15,5,115,1024.698764374346,0.0,1.7330679086477996
2025-07-15,5,116,1018.1805109017719,0.3912388888888889,1.6753535855086932
2025-07-15,5,117,931.4284321521922,0.0,1.591641874195362
2025-07-15,5,118,984.2158221600797,0.0,1.673982454205483
2025-07-15,5,119,1022.2635729696772,0.0,1.6781279240429114
2025-07-15,5,120,1060.3134205100614,0.0,1.6704309919922897
2025-07-15,5,121,1020.1666232984459,0.0,1.7176190804366356
2025-07-15,5,122,1029.2975984391755,0.0036499999999999996,1.7092519752385416
2025-07-15,5,123,1044.352565043663,0.0,1.6474578475840924
2025-07-15,5,124,1011.3502075739169,0.0,1.7306082956779494
2025-07-15,5,125,984.2243264636005,0.0002666666666666667,1.5303672043677756
2025-07-15,5,126,1023.8117256176246,0.0,1.168921176384032
2025-07-15,5,127,1030.3445695241026,0.0,1.117167424320804
2025-07-15,5,128,1043.7260169260462,0.0,1.1204569322573346
2025-07-15,5,129,1042.0717065655294,0.0,1.1229263432399066
2025-07-15,5,130,1087.4118032524248,0.0,1.1326849597650201
2025-07-15,5,131,981.3590629274423,0.0,0.9202077198803903
2025-07-15,5,132,849.822578408178,0.0,0.5699267484470829
2025-07-15,5,133,780.1482383755498,0.0,0.5164564263310685
2025-07-15,5,134,793.9297920348178,0.0,0.5277785978094172
2025-07-15,5,135,813.8805224849278,0.0,0.5270165509766247
2025-07-15,5,136,826.2962589676172,0.0,0.5620840520137401
2025-07-15,5,137,777.6156682147268,0.0,0.5325522343722822
2025-07-15,5,138,704.5286344706066,0.0,0.47585363104485706
2025-07-15,5,139,807.7061202673137,0.0,0.5232029449436979
2025-07-15,5,140,827.3988499435935,0.0,0.5754258897177958
2025-07-15,5,141,781.0692028005221,0.0,0.536128997087375
2025-07-15,5,142,752.0515376840737,0.0,0.4579362118080584
2025-07-15,5,143,780.5507075383179,0.0,0.46358073048653353
2025-07-15,5,144,810.9720051812482,0.0,0.5227131128547295
2025-07-15,6,1,835.1129334133677,0.0,0.54453500593312
2025-07-15,6,2,850.5874317351926,0.0,0.5319349660908601
2025-07-15,6,3,859.6067912151887,0.0,0.5549887181959356
2025-07-15,6,4,804.9322972773009,0.0,0.5541008890777456
2025-07-15,6,5,776.7396390721835,0.0,0.5231930630866882
2025-07-15,6,6,738.3061229232184,0.0,0.511992033653061
2025-07-15,6,7,773.9367127172021,0.0,0.5571054846400736
2025-07-15,6,8,773.573093739013,0.0,0.5380860721468237
2025-07-15,6,9,807.5504988031719,0.0,0.49233735541973284
2025-07-15,6,10,855.9314069527045,0.0,0.5512179883365999
2025-07-15,6,11,817.2456710653588,0.0,0.5652814047896851
2025-07-15,6,12,748.06707491686,0.0,0.4999054483278511
2025-07-15,6,13,772.9578207484429,0.0,0.514635295110832
2025-07-15,6,14,796.663453039366,0.0,0.5684233343982324
2025-07-15,6,15,821.0276209461518,0.0,0.5884609902361939
2025-07-15,6,16,813.0082577269109,0.0,0.5234519393110612
2025-07-15,6,17,786.9785703174447,0.0,0.49058463987734624
2025-07-15,6,18,774.0475132247557,0.0,0.5181322137516976
2025-07-15,6,19,749.0162042418204,0.0003,0.5284772294134955
2025-07-15,6,20,748.94900695367,0.0,0.5323560819106808
2025-07-15,6,21,723.6310795919279,0.0,0.5322945255841439
2025-07-15,6,22,765.745617073533,0.004183333333333333,0.4656630438113645
2025-07-15,6,23,770.6391366179288,0.0,0.4574675012125607
2025-07-15,6,24,737.3628459103611,0.0,0.5393935006247981
2025-07-15,6,25,743.8182267721259,0.05828333333333333,0.4952326765547548
2025-07-15,6,26,721.9593484055038,0.0,0.44634503806262654
2025-07-15,6,27,676.9763436707631,0.0,0.455068126659508
2025-07-15,6,28,677.8671920866593,0.8118833333333333,0.46560239976207207
2025-07-15,6,29,718.7429496619255,0.0,0.5176120508213453
2025-07-15,6,30,774.1582077557832,0.0,0.5225925141165365
2025-07-15,6,31,705.7705617253579,20.700269444444444,0.46770535680090736
2025-07-15,6,32,657.6701827312795,48.558622222222226,0.45389454806089397
2025-07-15,6,33,694.2623014544229,78.60200833333333,0.4463398666100584
2025-07-15,6,34,730.3943732564983,118.1748111111111,0.34070842601529816
2025-07-15,6,35,794.6725901805248,162.16131388888888,0.5521329102221623
2025-07-15,6,36,929.8851910776317,205.34151666666665,0.9412600012844846
2025-07-15,6,37,885.275866136914,251.96755555555558,0.9352837119348749
2025-07-15,6,38,835.4844390795538,302.1490944444445,0.8530855183040922
2025-07-15,6,39,858.9829982068535,355.84583333333336,0.8606896274439217
2025-07-15,6,40,846.7047234762323,404.7691222222222,0.7862911340692332
2025-07-15,6,41,827.969232533288,434.2430777777777,0.7768317074379418
2025-07-15,6,42,817.2619876681083,456.71265,0.8311297634161113
2025-07-15,6,43,854.7779190339432,531.45015,0.818121980612399
2025-07-15,6,44,887.2531666590014,589.5193333333333,0.8329747594111692
2025-07-15,6,45,885.5543358465072,634.4735,0.825317315382273
2025-07-15,6,46,911.6560471292462,703.5932166666666,0.7804071263708482
2025-07-15,6,47,985.5582306608818,756.7527666666667,0.9626974979196324
2025-07-15,6,48,1206.643824193643,820.5530999999999,1.2661036611808767
2025-07-15,6,49,1201.2040938844636,921.4250416666669,1.3086505721413733
2025-07-15,6,50,1166.7958164662502,990.4966,1.251970723009397
2025-07-15,6,51,1137.6039189890757,1007.227875,1.1735556114414436
2025-07-15,6,52,1080.0322864637383,1051.7116666666666,1.0640283400090595
2025-07-15,6,53,1041.9252765374622,1071.984025,1.0261125734619054
2025-07-15,6,54,1096.2682449009194,1072.5964,1.0964271632648888
2025-07-15,6,55,1169.197618272255,1114.773475,1.1504044718001174
2025-07-15,6,56,1210.6029174522328,1153.8869833333333,1.1341476823236116
2025-07-15,6,57,1164.391513776292,1164.402675,1.0684042495783221
2025-07-15,6,58,1140.537628541711,1172.4380666666666,0.9589848261175169
2025-07-15,6,59,1119.234229009955,1194.4121083333334,1.0561275991881238
2025-07-15,6,60,1122.8185585791098,1222.07145,1.279293516832401
2025-07-15,6,61,1155.3072465037783,1213.2641166666667,1.3463138758024018
2025-07-15,6,62,1157.4149624143074,1208.0713333333333,1.248070025206936
2025-07-15,6,63,1146.394476463407,1208.3750999999997,1.1892091821935455
2025-07-15,6,64,1120.1471324949234,1196.2328,1.2153116869550755
2025-07-15,6,65,1127.239015758756,1177.7319333333332,0.9921738007235993
2025-07-15,6,66,1165.948047379063,1158.185,0.6807339775859216
2025-07-15,6,67,1195.2280234960851,1176.3876722222221,0.6765980498594342
2025-07-15,6,68,1161.9964472283993,1190.8557277777777,0.6901008905665905
2025-07-15,6,69,1149.8587984940111,1189.6319666666666,0.6029064890680185
2025-07-15,6,70,1193.5588814747214,1163.5192555555554,0.5995158329097076
2025-07-15,6,71,1173.2295831409315,1157.0759777777778,0.6052899980872228
2025-07-15,6,72,1128.8391111474023,1200.9664333333333,0.5655750505498484
2025-07-15,6,73,1151.6664539336982,1228.7582916666665,0.5142857994244554
2025-07-15,6,74,1168.3123624643301,1240.9306499999998,0.5100728002040478
2025-07-15,6,75,1145.9481300456473,1203.5303083333333,0.5065000391238665
2025-07-15,6,76,1125.2566517722244,1126.9558833333333,0.4842528720098024
2025-07-15,6,77,1103.1997239940058,1058.695625,0.6158745918625526
2025-07-15,6,78,1130.6961721736413,1005.1129333333333,0.8399375143801576
2025-07-15,6,79,1150.7675942521903,1037.162747222222,0.8838099688120138
2025-07-15,6,80,1160.7995595342932,1060.1802111111108,0.9167320095535747
2025-07-15,6,81,1183.7619485996174,1092.406325,0.9725597959896071
2025-07-15,6,82,1206.7351452983519,1137.2368055555557,0.9725861848382843
2025-07-15,6,83,1226.1934848836681,1150.9472194444443,1.1230828937771935
2025-07-15,6,84,1229.3518167438228,1154.1809666666666,1.394449894325773
2025-07-15,6,85,1266.6268577509916,1158.5926111111112,1.4857043786148054
2025-07-15,6,86,1267.9597952883494,1143.920772222222,1.4046983230738554
2025-07-15,6,87,1233.8990405441377,1093.4598499999997,1.3872447472199203
2025-07-15,6,88,1212.038062910489,1062.1133277777776,1.481277768138364
2025-07-15,6,89,1205.2652145792217,1037.8697888888887,1.2491976772836184
2025-07-15,6,90,1217.8569185916094,1008.6574833333333,0.8339944926460523
2025-07-15,6,91,1235.429222340666,957.6140249999997,0.8627565645280619
2025-07-15,6,92,1239.4140097765805,896.79765,0.934098426857967
2025-07-15,6,93,1247.7987000145229,851.5427583333333,0.8736083837374308
2025-07-15,6,94,1246.2977380078776,852.1093333333332,0.8887601428416717
2025-07-15,6,95,1253.2764441748745,811.3260583333332,0.8843270155432239
2025-07-15,6,96,1202.594185759912,724.0405333333333,0.8408905934868803
2025-07-15,6,97,1216.8219111944843,675.4657277777778,0.8350944545035711
2025-07-15,6,98,1231.8034511159678,618.6931722222222,0.8722553145013651
2025-07-15,6,99,1232.8996492103315,549.8993666666665,0.9605393997107599
2025-07-15,6,100,1248.1257406107172,511.0677777777778,0.9881753177909429
2025-07-15,6,101,1271.7357855562657,469.6819722222223,0.9633983510176292
2025-07-15,6,102,1277.6431856292631,425.6207,0.9854139856533501
2025-07-15,6,103,1306.4720038891587,421.5204583333332,1.0520200318761834
2025-07-15,6,104,1284.5339586470293,394.23274999999995,1.0892115247927252
2025-07-15,6,105,1270.3036000103314,340.017375,1.0733601788262013
2025-07-15,6,106,1328.9866406288072,305.7269166666667,1.134615233850523
2025-07-15,6,107,1241.010679010021,269.3152416666667,1.2913222429831401
2025-07-15,6,108,1057.3264393657391,225.9578,1.4043442209797272
2025-07-15,6,109,1002.0979973236211,186.57332499999998,1.3671539152525136
2025-07-15,6,110,977.5141266724879,147.04301666666663,1.3534220106653236
2025-07-15,6,111,1011.543844296524,103.013275,1.3966441167674126
2025-07-15,6,112,1115.1218046717108,65.33033333333333,1.525162576762538
2025-07-15,6,113,1094.5651068540164,28.78067499999997,1.6196662857682917
2025-07-15,6,114,1014.4046341584337,0.0,1.6972073505995553
2025-07-15,6,115,983.9972219134426,0.0,1.5695579580589303
2025-07-15,6,116,994.0716245531065,0.8963833333333333,1.5721979315678192
2025-07-15,6,117,941.9424955500865,0.0,1.717595277027785
2025-07-15,6,118,986.4935537713188,0.0,1.7582197756793845
2025-07-15,6,119,997.9207578620782,0.06434999999999999,1.7080124151754321
2025-07-15,6,120,1009.2039197131003,0.0,1.677945126357079
2025-07-15,6,121,980.6386142670551,0.0,1.6130089558869745
2025-07-15,6,122,1006.9410269284747,0.0046166666666666665,1.5948237572119246
2025-07-15,6,123,1066.9367557491312,0.0,1.660756286143581
2025-07-15,6,124,1072.4410878469648,0.0,1.845015833458269
2025-07-15,6,125,1003.6093118241081,0.0003333333333333333,1.5418067525660728
2025-07-15,6,126,965.210967184831,0.0,1.0199411127059677
2025-07-15,6,127,1065.5991918545124,0.0,1.0656075144687578
2025-07-15,6,128,1102.5219034652332,0.0,1.214626801830099
2025-07-15,6,129,1071.8429808064323,0.0,1.2038654858915443
2025-07-15,6,130,1084.8178790125066,0.0,1.1925330536307335
2025-07-15,6,131,931.3623234481919,0.0,0.9363875426754467
2025-07-15,6,132,785.4958443045081,0.0,0.5431871917555983
2025-07-15,6,133,819.0003245607273,0.0,0.49293483030620955
2025-07-15,6,134,858.9804785278998,0.0,0.5756386196148816
2025-07-15,6,135,787.1268702813476,0.0,0.6113305125763226
2025-07-15,6,136,774.2603532457906,0.0,0.562220696164483
2025-07-15,6,137,787.4413594489996,0.0,0.5327803810512605
2025-07-15,6,138,772.9034645497003,0.0,0.5617554890767218
2025-07-15,6,139,822.6670962470126,0.0,0.5800129193961394
2025-07-15,6,140,801.714191238579,0.0,0.5514070562374853
2025-07-15,6,141,803.6960384265839,0.0,0.5083947377600159
2025-07-15,6,142,759.3020999862118,0.0,0.5490381264615878
2025-07-15,6,143,739.6774473003184,0.0,0.52261601785453
2025-07-15,6,144,750.0644027659291,0.0,0.44544115335151685
2025-07-15,7,1,835.1129334133677,0.0,0.54453500593312
2025-07-15,7,2,850.5874317351926,0.0,0.5319349660908601
2025-07-15,7,3,859.6067912151887,0.0,0.5549887181959356
2025-07-15,7,4,804.9322972773009,0.0,0.5541008890777456
2025-07-15,7,5,776.7396390721835,0.0,0.5231930630866882
2025-07-15,7,6,738.3061229232184,0.0,0.511992033653061
2025-07-15,7,7,773.9367127172021,0.0,0.5571054846400736
2025-07-15,7,8,773.573093739013,0.0,0.5380860721468237
2025-07-15,7,9,807.5504988031719,0.0,0.49233735541973284
2025-07-15,7,10,855.9314069527045,0.0,0.5512179883365999
2025-07-15,7,11,817.2456710653588,0.0,0.5652814047896851
2025-07-15,7,12,748.06707491686,0.0,0.4999054483278511
2025-07-15,7,13,772.9578207484429,0.0,0.514635295110832
2025-07-15,7,14,796.663453039366,0.0,0.5684233343982324
2025-07-15,7,15,821.0276209461518,0.0,0.5884609902361939
2025-07-15,7,16,813.0082577269109,0.0,0.5234519393110612
2025-07-15,7,17,786.9785703174447,0.0,0.49058463987734624
2025-07-15,7,18,774.0475132247557,0.0,0.5181322137516976
2025-07-15,7,19,749.0162042418204,0.0003,0.5284772294134955
2025-07-15,7,20,748.94900695367,0.0,0.5323560819106808
2025-07-15,7,21,723.6310795919279,0.0,0.5322945255841439
2025-07-15,7,22,765.745617073533,0.004183333333333333,0.4656630438113645
2025-07-15,7,23,770.6391366179288,0.0,0.4574675012125607
2025-07-15,7,24,737.3628459103611,0.0,0.5393935006247981
2025-07-15,7,25,743.8182267721259,0.05828333333333333,0.4952326765547548
2025-07-15,7,26,721.9593484055038,0.0,0.44634503806262654
2025-07-15,7,27,676.9763436707631,0.0,0.455068126659508
2025-07-15,7,28,677.8671920866593,0.8118833333333333,0.46560239976207207
2025-07-15,7,29,718.7429496619255,0.0,0.5176120508213453
2025-07-15,7,30,774.1582077557832,0.0,0.5225925141165365
2025-07-15,7,31,705.7705617253579,20.700269444444444,0.46770535680090736
2025-07-15,7,32,657.6701827312795,48.558622222222226,0.45389454806089397
2025-07-15,7,33,694.2623014544229,78.60200833333333,0.4463398666100584
2025-07-15,7,34,730.3943732564983,118.1748111111111,0.34070842601529816
2025-07-15,7,35,794.6725901805248,162.16131388888888,0.5521329102221623
2025-07-15,7,36,929.8851910776317,205.34151666666665,0.9412600012844846
2025-07-15,7,37,885.275866136914,251.96755555555558,0.9352837119348749
2025-07-15,7,38,835.4844390795538,302.1490944444445,0.8530855183040922
2025-07-15,7,39,858.9829982068535,355.84583333333336,0.8606896274439217
2025-07-15,7,40,846.7047234762323,404.7691222222222,0.7862911340692332
2025-07-15,7,41,827.969232533288,434.2430777777777,0.7768317074379418
2025-07-15,7,42,817.2619876681083,456.71265,0.8311297634161113
2025-07-15,7,43,854.7779190339432,531.45015,0.818121980612399
2025-07-15,7,44,887.2531666590014,589.5193333333333,0.8329747594111692
2025-07-15,7,45,885.5543358465072,634.4735,0.825317315382273
2025-07-15,7,46,911.6560471292462,703.5932166666666,0.7804071263708482
2025-07-15,7,47,985.5582306608818,756.7527666666667,0.9626974979196324
2025-07-15,7,48,1206.643824193643,820.5530999999999,1.2661036611808767
2025-07-15,7,49,1201.2040938844636,921.4250416666669,1.3086505721413733
2025-07-15,7,50,1166.7958164662502,990.4966,1.251970723009397
2025-07-15,7,51,1137.6039189890757,1007.227875,1.1735556114414436
2025-07-15,7,52,1080.0322864637383,1051.7116666666666,1.0640283400090595
2025-07-15,7,53,1041.9252765374622,1071.984025,1.0261125734619054
2025-07-15,7,54,1096.2682449009194,1072.5964,1.0964271632648888
2025-07-15,7,55,1169.197618272255,1114.773475,1.1504044718001174
2025-07-15,7,56,1210.6029174522328,1153.8869833333333,1.1341476823236116
2025-07-15,7,57,1164.391513776292,1164.402675,1.0684042495783221
2025-07-15,7,58,1140.537628541711,1172.4380666666666,0.9589848261175169
2025-07-15,7,59,1119.234229009955,1194.4121083333334,1.0561275991881238
2025-07-15,7,60,1122.8185585791098,1222.07145,1.279293516832401
2025-07-15,7,61,1155.3072465037783,1213.2641166666667,1.3463138758024018
2025-07-15,7,62,1157.4149624143074,1208.0713333333333,1.248070025206936
2025-07-15,7,63,1146.394476463407,1208.3750999999997,1.1892091821935455
2025-07-15,7,64,1120.1471324949234,1196.2328,1.2153116869550755
2025-07-15,7,65,1127.239015758756,1177.7319333333332,0.9921738007235993
2025-07-15,7,66,1165.948047379063,1158.185,0.6807339775859216
2025-07-15,7,67,1195.2280234960851,1176.3876722222221,0.6765980498594342
2025-07-15,7,68,1161.9964472283993,1190.8557277777777,0.6901008905665905
2025-07-15,7,69,1149.8587984940111,1189.6319666666666,0.6029064890680185
2025-07-15,7,70,1193.5588814747214,1163.5192555555554,0.5995158329097076
2025-07-15,7,71,1173.2295831409315,1157.0759777777778,0.6052899980872228
2025-07-15,7,72,1128.8391111474023,1200.9664333333333,0.5655750505498484
2025-07-15,7,73,1151.6664539336982,1228.7582916666665,0.5142857994244554
2025-07-15,7,74,1168.3123624643301,1240.9306499999998,0.5100728002040478
2025-07-15,7,75,1145.9481300456473,1203.5303083333333,0.5065000391238665
2025-07-15,7,76,1125.2566517722244,1126.9558833333333,0.4842528720098024
2025-07-15,7,77,1103.1997239940058,1058.695625,0.6158745918625526
2025-07-15,7,78,1130.6961721736413,1005.1129333333333,0.8399375143801576
2025-07-15,7,79,1150.7675942521903,1037.162747222222,0.8838099688120138
2025-07-15,7,80,1160.7995595342932,1060.1802111111108,0.9167320095535747
2025-07-15,7,81,1183.7619485996174,1092.406325,0.9725597959896071
2025-07-15,7,82,1206.7351452983519,1137.2368055555557,0.9725861848382843
2025-07-15,7,83,1226.1934848836681,1150.9472194444443,1.1230828937771935
2025-07-15,7,84,1229.3518167438228,1154.1809666666666,1.394449894325773
2025-07-15,7,85,1266.6268577509916,1158.5926111111112,1.4857043786148054
2025-07-15,7,86,1267.9597952883494,1143.920772222222,1.4046983230738554
2025-07-15,7,87,1233.8990405441377,1093.4598499999997,1.3872447472199203
2025-07-15,7,88,1212.038062910489,1062.1133277777776,1.481277768138364
2025-07-15,7,89,1205.2652145792217,1037.8697888888887,1.2491976772836184
2025-07-15,7,90,1217.8569185916094,1008.6574833333333,0.8339944926460523
2025-07-15,7,91,1235.429222340666,957.6140249999997,0.8627565645280619
2025-07-15,7,92,1239.4140097765805,896.79765,0.934098426857967
2025-07-15,7,93,1247.7987000145229,851.5427583333333,0.8736083837374308
2025-07-15,7,94,1246.2977380078776,852.1093333333332,0.8887601428416717
2025-07-15,7,95,1253.2764441748745,811.3260583333332,0.8843270155432239
2025-07-15,7,96,1202.594185759912,724.0405333333333,0.8408905934868803
2025-07-15,7,97,1216.8219111944843,675.4657277777778,0.8350944545035711
2025-07-15,7,98,1231.8034511159678,618.6931722222222,0.8722553145013651
2025-07-15,7,99,1232.8996492103315,549.8993666666665,0.9605393997107599
2025-07-15,7,100,1248.1257406107172,511.0677777777778,0.9881753177909429
2025-07-15,7,101,1271.7357855562657,469.6819722222223,0.9633983510176292
2025-07-15,7,102,1277.6431856292631,425.6207,0.9854139856533501
2025-07-15,7,103,1306.4720038891587,421.5204583333332,1.0520200318761834
2025-07-15,7,104,1284.5339586470293,394.23274999999995,1.0892115247927252
2025-07-15,7,105,1270.3036000103314,340.017375,1.0733601788262013
2025-07-15,7,106,1328.9866406288072,305.7269166666667,1.134615233850523
2025-07-15,7,107,1241.010679010021,269.3152416666667,1.2913222429831401
2025-07-15,7,108,1057.3264393657391,225.9578,1.4043442209797272
2025-07-15,7,109,1002.0979973236211,186.57332499999998,1.3671539152525136
2025-07-15,7,110,977.5141266724879,147.04301666666663,1.3534220106653236
2025-07-15,7,111,1011.543844296524,103.013275,1.3966441167674126
2025-07-15,7,112,1115.1218046717108,65.33033333333333,1.525162576762538
2025-07-15,7,113,1094.5651068540164,28.78067499999997,1.6196662857682917
2025-07-15,7,114,1014.4046341584337,0.0,1.6972073505995553
2025-07-15,7,115,983.9972219134426,0.0,1.5695579580589303
2025-07-15,7,116,994.0716245531065,0.8963833333333333,1.5721979315678192
2025-07-15,7,117,941.9424955500865,0.0,1.717595277027785
2025-07-15,7,118,986.4935537713188,0.0,1.7582197756793845
2025-07-15,7,119,997.9207578620782,0.06434999999999999,1.7080124151754321
2025-07-15,7,120,1009.2039197131003,0.0,1.677945126357079
2025-07-15,7,121,980.6386142670551,0.0,1.6130089558869745
2025-07-15,7,122,1006.9410269284747,0.0046166666666666665,1.5948237572119246
2025-07-15,7,123,1066.9367557491312,0.0,1.660756286143581
2025-07-15,7,124,1072.4410878469648,0.0,1.845015833458269
2025-07-15,7,125,1003.6093118241081,0.0003333333333333333,1.5418067525660728
2025-07-15,7,126,965.210967184831,0.0,1.0199411127059677
2025-07-15,7,127,1065.5991918545124,0.0,1.0656075144687578
2025-07-15,7,128,1102.5219034652332,0.0,1.214626801830099
2025-07-15,7,129,1071.8429808064323,0.0,1.2038654858915443
2025-07-15,7,130,1084.8178790125066,0.0,1.1925330536307335
2025-07-15,7,131,931.3623234481919,0.0,0.9363875426754467
2025-07-15,7,132,785.4958443045081,0.0,0.5431871917555983
2025-07-15,7,133,819.0003245607273,0.0,0.49293483030620955
2025-07-15,7,134,858.9804785278998,0.0,0.5756386196148816
2025-07-15,7,135,787.1268702813476,0.0,0.6113305125763226
2025-07-15,7,136,774.2603532457906,0.0,0.562220696164483
2025-07-15,7,137,787.4413594489996,0.0,0.5327803810512605
2025-07-15,7,138,772.9034645497003,0.0,0.5617554890767218
2025-07-15,7,139,822.6670962470126,0.0,0.5800129193961394
2025-07-15,7,140,801.714191238579,0.0,0.5514070562374853
2025-07-15,7,141,803.6960384265839,0.0,0.5083947377600159
2025-07-15,7,142,759.3020999862118,0.0,0.5490381264615878
2025-07-15,7,143,739.6774473003184,0.0,0.52261601785453
2025-07-15,7,144,750.0644027659291,0.0,0.44544115335151685
2025-07-15,8,1,819.3728322916382,0.0,0.5635052481199954
2025-07-15,8,2,831.7348454640246,0.0,0.5516453917704798
2025-07-15,8,3,814.8450861967311,0.0,0.49695522497440314
2025-07-15,8,4,805.5182627177584,0.0,0.4728954215674166
2025-07-15,8,5,803.308526282617,0.0,0.539889786151881
2025-07-15,8,6,758.765724508599,0.0,0.6098035027744685
2025-07-15,8,7,801.655280836243,0.0,0.6428803409843122
2025-07-15,8,8,819.3422342020505,0.0,0.5898860721468238
2025-07-15,8,9,782.3535323430739,0.0,0.520305912436093
2025-07-15,8,10,806.2861655767989,0.0,0.5712901965557431
2025-07-15,8,11,812.9280865743318,0.0,0.6060544823428243
2025-07-15,8,12,778.6021305650518,0.0,0.5234267949229546
2025-07-15,8,13,726.7510698549344,0.0,0.4892492323864568
2025-07-15,8,14,716.295115370503,0.0,0.4826271204841768
2025-07-15,8,15,755.8667271809784,0.0,0.4899294937550773
2025-07-15,8,16,745.0569048821732,0.0,0.48722020302600993
2025-07-15,8,17,773.0463469836243,0.0,0.5106682031781479
2025-07-15,8,18,785.4122187581908,0.0,0.5421650598080242
2025-07-15,8,19,800.1565509004098,0.00019999999999999998,0.5621689368730413
2025-07-15,8,20,806.2184144041039,0.0,0.5490594509070988
2025-07-15,8,21,776.7279916034272,0.0,0.5593654097407393
2025-07-15,8,22,800.5986345003354,0.0027333333333333333,0.5559932036687714
2025-07-15,8,23,774.4610015530021,0.0,0.4838675012125608
2025-07-15,8,24,744.3468643667953,0.0,0.43669350062479795
2025-07-15,8,25,735.8168948900003,0.03808333333333333,0.43718767535018793
2025-07-15,8,26,739.1176045829801,0.0,0.45524212302784317
2025-07-15,8,27,729.8690538051987,0.0,0.4624681266595081
2025-07-15,8,28,722.3067671529775,0.53055,0.4654095172275592
2025-07-15,8,29,720.5447554638739,0.0,0.47891736941855223
2025-07-15,8,30,725.2826972428682,0.0,0.482195550597555
2025-07-15,8,31,742.3193782881194,11.969269444444443,0.4595053568009074
2025-07-15,8,32,752.8028380988022,35.42090555555555,0.4522808424252747
2025-07-15,8,33,711.4839513244704,65.81360833333333,0.4238517398897737
2025-07-15,8,34,690.9303002278024,101.04509444444443,0.34081649290234156
2025-07-15,8,35,787.6735157027913,140.3278972222222,0.5783274427118332
2025-07-15,8,36,914.4587251922072,182.15846666666667,0.9178827145770786
2025-07-15,8,37,885.5777976950384,223.68661666666668,0.950083711934875
2025-07-15,8,38,808.3193565379172,260.24311666666665,0.820744394088149
2025-07-15,8,39,839.1529763951564,293.2139666666666,0.8101534369753525
2025-07-15,8,40,900.7187579042564,330.37081666666666,0.8356911340692332
2025-07-15,8,41,882.3316562473323,379.3738,0.8575171447352885
2025-07-15,8,42,875.3239554342385,437.41321666666664,0.8523823600669784
2025-07-15,8,43,879.9880738902784,510.7147222222223,0.7348299251459618
2025-07-15,8,44,903.3568299353227,580.9769777777777,0.6904910924665479
2025-07-15,8,45,920.3998372190546,643.0281833333332,0.6842141993125329
2025-07-15,8,46,972.199772212125,690.3801888888889,0.6632993827693757
2025-07-15,8,47,988.2703504479508,735.5961777777779,0.8477327303640249
2025-07-15,8,48,1132.8267376848294,773.8806500000001,1.163676669064315
2025-07-15,8,49,1141.4623071957285,783.7393833333335,1.236741295104241
2025-07-15,8,50,1074.5403806151476,835.8526333333334,1.1442616007636104
2025-07-15,8,51,1040.4966932888558,930.1552499999999,1.0321556114414436
2025-07-15,8,52,1054.5833659026437,1004.3887833333334,1.0261623511326898
2025-07-15,8,53,1119.4471158887895,1049.88,1.091419640631649
2025-07-15,8,54,1182.4454776907528,1066.6736,1.1108951826363234
2025-07-15,8,55,1209.2050020634026,1073.6910249999999,1.118793739304847
2025-07-15,8,56,1219.1930088224562,1129.5890666666667,1.0357058779413868
2025-07-15,8,57,1204.5127094124052,1214.253225,0.9538377926544742
2025-07-15,8,58,1194.2587984842994,1239.8044166666666,0.985784826117517
2025-07-15,8,59,1188.9980248476359,1253.5774583333332,1.094340462116819
2025-07-15,8,60,1184.8129979911648,1289.75785,1.2121339520879022
2025-07-15,8,61,1211.9240941378603,1310.5588694444443,1.2466767488701413
2025-07-15,8,62,1244.4484489670026,1320.4719722222221,1.196007909611784
2025-07-15,8,63,1225.2717157261288,1324.6699083333333,1.1556422885671165
2025-07-15,8,64,1150.7309805881866,1337.707577777778,1.2155116869550755
2025-07-15,8,65,1154.2122617541852,1320.2670472222221,0.9759372138962523
2025-07-15,8,66,1226.6138845624296,1304.7257166666668,0.5768316237460188
2025-07-15,8,67,1198.8122299120805,1345.3678083333334,0.4906113655199752
2025-07-15,8,68,1139.8706049379691,1373.3983833333332,0.5272705710299608
2025-07-15,8,69,1170.9514648275451,1349.6616416666666,0.5542726788210357
2025-07-15,8,70,1197.538680002172,1318.93625,0.5068865565738729
2025-07-15,8,71,1149.9479809833635,1289.4762750000002,0.5299377750584107
2025-07-15,8,72,1094.1015005981435,1260.0788166666669,0.5085353288316928
2025-07-15,8,73,1159.4484754828425,1283.593836111111,0.5054857994244553
2025-07-15,8,74,1163.660047517299,1309.3176388888885,0.47886442193797213
2025-07-15,8,75,1084.8039008190556,1302.898975,0.4418235441376303
2025-07-15,8,76,1073.5573454085559,1237.169011111111,0.4825926563053284
2025-07-15,8,77,1113.4684353841938,1251.0083638888889,0.7099682706824731
2025-07-15,8,78,1193.1836098191889,1319.219133333333,0.9668348207774645
2025-07-15,8,79,1198.9346252567311,1258.4832416666663,0.9296315017046521
2025-07-15,8,80,1199.4813917737567,1193.583133333333,0.9349655000246249
2025-07-15,8,81,1252.1542859086812,1185.6103083333333,0.9994290687513174
2025-07-15,8,82,1258.5014835532882,1184.44755,0.9835992043629738
2025-07-15,8,83,1256.6611810511415,1148.582875,1.069924945382481
2025-07-15,8,84,1238.5767238752255,1109.9452333333331,1.2254127807678816
2025-07-15,8,85,1254.9910752905218,1124.74235,1.2023110745230539
2025-07-15,8,86,1254.7513559909924,1130.6912333333335,1.153803380033413
2025-07-15,8,87,1226.7191184200879,1095.383383333333,1.2019447472199203
2025-07-15,8,88,1222.926273623482,1053.9800999999998,1.2640570649314433
2025-07-15,8,89,1240.889148412449,1010.1581666666666,1.0688934055301924
2025-07-15,8,90,1280.8070459488122,972.2027833333333,0.7342291287285635
2025-07-15,8,91,1280.4430417788255,959.2157138888886,0.6833565645280619
2025-07-15,8,92,1260.2955012743078,886.9925944444443,0.7599102633329577
2025-07-15,8,93,1239.956248468227,782.3015249999997,0.789068619753592
2025-07-15,8,94,1277.1200274913006,742.4776055555554,0.816867732878125
2025-07-15,8,95,1308.973179248,701.197936111111,0.8649677330702678
2025-07-15,8,96,1297.57359344453,631.5252666666665,0.9001905934868804
2025-07-15,8,97,1282.5317661650452,586.6418472222222,0.9635275496478352
2025-07-15,8,98,1251.2810738877386,558.4531611111111,0.9223553145013652
2025-07-15,8,99,1259.6252080141956,533.1639083333332,0.938040546540396
2025-07-15,8,100,1316.0516605515206,498.3610722222222,0.9785268818786252
2025-07-15,8,101,1296.0182993487563,460.34220277777774,1.0047983510176293
2025-07-15,8,102,1236.8537985842647,424.9213,0.9865302727802125
2025-07-15,8,103,1291.7567744688427,385.26701388888875,1.0198200318761834
2025-07-15,8,104,1294.8214832115445,342.73834444444446,1.072311524792725
2025-07-15,8,105,1257.9452471191219,297.9265916666666,1.1013601788262013
2025-07-15,8,106,1287.698845818458,256.08433888888885,1.11610927034408
2025-07-15,8,107,1222.0796973979122,215.1186361111111,1.1898907491224833
2025-07-15,8,108,1077.5724256775713,175.8381333333333,1.320881608530428
2025-07-15,8,109,1012.1335694503631,135.50023611111112,1.3059077416217924
2025-07-15,8,110,989.6926257941398,102.23542222222221,1.2682592491372804
2025-07-15,8,111,975.8026375905183,72.03469166666665,1.2591441167674127
2025-07-15,8,112,1013.1357602044172,40.2124111111111,1.415662576762538
2025-07-15,8,113,1051.5535086492428,13.96229722222219,1.5836991786645058
2025-07-15,8,114,1064.0399308115952,0.0,1.7248296439373128
2025-07-15,8,115,980.6094079799575,0.0,1.6967838110310864
2025-07-15,8,116,989.5223875204035,0.45249999999999996,1.6498227413391802
2025-07-15,8,117,997.0512373064602,0.0,1.645223898494359
2025-07-15,8,118,1034.1164236757074,0.0,1.671001289026278
2025-07-15,8,119,1044.1984008406548,0.03248333333333333,1.6811124151754322
2025-07-15,8,120,1055.2768353426736,0.0,1.7279744566652193
2025-07-15,8,121,1015.9674812243595,0.0,1.6736654309115153
2025-07-15,8,122,1036.9369052880074,0.002333333333333333,1.616146921935878
2025-07-15,8,123,1050.934524271809,0.0,1.6196296864918256
2025-07-15,8,124,1015.4013923282057,0.0,1.7200509414938898
2025-07-15,8,125,999.6246307791573,0.00016666666666666666,1.496327916376826
2025-07-15,8,126,1030.3613315536027,0.0,1.0824411127059677
2025-07-15,8,127,1056.6140964324043,0.0,1.0834524123843345
2025-07-15,8,128,1040.5088951526018,0.0,1.1211676494010858
2025-07-15,8,129,1004.414339641697,0.0,1.059541109987583
2025-07-15,8,130,1015.7192436275765,0.0,1.1316692306960807
2025-07-15,8,131,917.8379471598223,0.0,0.9304621928178229
2025-07-15,8,132,791.2765316253746,0.0,0.503217789307865
2025-07-15,8,133,764.8718518541862,0.0,0.4575397870033926
2025-07-15,8,134,791.9281101464302,0.0,0.5475737999630733
2025-07-15,8,135,806.7895292883669,0.0,0.6131204239163295
2025-07-15,8,136,808.6588968551017,0.0,0.5983155296627293
2025-07-15,8,137,804.3731667035539,0.0,0.6028193634693731
2025-07-15,8,138,822.9569396737459,0.0,0.6197399492924383
2025-07-15,8,139,823.4266455242284,0.0,0.5877267383618803
2025-07-15,8,140,806.1502511933859,0.0,0.5633921537503035
2025-07-15,8,141,793.5823074566321,0.0,0.5515127397584126
2025-07-15,8,142,735.4240123567213,0.0,0.5291205043131267
2025-07-15,8,143,777.1337657499139,0.0,0.48106105701159274
2025-07-15,8,144,793.9503814329677,0.0,0.47701700138226855
2025-07-15,9,1,846.2283498866993,0.0,0.6538673844416645
2025-07-15,9,2,869.3992794294692,0.0,0.6327016523721349
2025-07-15,9,3,871.6060250362412,0.0,0.6201376412678171
2025-07-15,9,4,811.2784594102151,0.0,0.6207676906768889
2025-07-15,9,5,798.1843487535016,0.0,0.6102148427210031
2025-07-15,9,6,769.1115490664696,0.0,0.6291058039803167
2025-07-15,9,7,791.1615024169521,0.0,0.6665012603179334
2025-07-15,9,8,797.2321367392167,0.0,0.6459181616271878
2025-07-15,9,9,825.8781177945951,0.0,0.604453378396242
2025-07-15,9,10,788.2993671788969,0.0,0.5588097111265934
2025-07-15,9,11,742.1375660272022,0.0,0.543283309140872
2025-07-15,9,12,759.8407893102622,0.0,0.5593384830051733
2025-07-15,9,13,788.3978304346748,0.0,0.5808846227791706
2025-07-15,9,14,780.1980600530949,0.0,0.6073089372048346
2025-07-15,9,15,765.7751605847941,0.0,0.5802463633604306
2025-07-15,9,16,726.092406743059,0.0,0.531425047240285
2025-07-15,9,17,769.5313222649679,0.0,0.5302624327407071
2025-07-15,9,18,852.0594291038509,0.0,0.5911390280283648
2025-07-15,9,19,809.2161608123705,0.0002833333333333333,0.6061196941517326
2025-07-15,9,20,755.4140292423479,0.0,0.5860606788159295
2025-07-15,9,21,694.5911863727658,0.0,0.6002113443564219
2025-07-15,9,22,691.0551653170174,0.003933333333333333,0.5443573987034029
2025-07-15,9,23,706.3625150111271,0.0,0.49237304625102774
2025-07-15,9,24,724.0057838613178,0.0,0.5402077868993675
2025-07-15,9,25,744.9140199051925,0.054900000000000004,0.5873020812168624
2025-07-15,9,26,775.7883681718264,0.0,0.5852288695810741
2025-07-15,9,27,779.6354133854757,0.0,0.5599336554273195
2025-07-15,9,28,729.4378923452285,0.7646166666666666,0.5913970220239285
2025-07-15,9,29,692.7349232014253,0.0,0.619368025018388
2025-07-15,9,30,729.5019906018435,0.0,0.5643877018462895
2025-07-15,9,31,759.7134768527765,23.893508333333326,0.54061268233792
2025-07-15,9,32,760.0084984763234,56.69734999999999,0.503635491232268
2025-07-15,9,33,718.838261449303,90.459775,0.4058172330651057
2025-07-15,9,34,698.6226048968751,125.01733333333331,0.37291687438253257
2025-07-15,9,35,717.8538960142495,155.18922499999996,0.5878900756099292
2025-07-15,9,36,838.7051932927873,187.73205000000002,0.8800312393364417
2025-07-15,9,37,871.452689994293,233.75213333333332,0.8971173443081111
2025-07-15,9,38,875.9331132138946,276.11855,0.9188533905665909
2025-07-15,9,39,880.8128691486689,315.41979999999995,0.9765144380876594
2025-07-15,9,40,874.0340793219293,368.90014999999994,0.8778818034396593
2025-07-15,9,41,827.1912101360207,415.62861666666663,0.8082635511662428
2025-07-15,9,42,811.2767717131136,453.7263,0.8202936282611997
2025-07-15,9,43,840.0353780474052,507.6164999999999,0.7776125145130395
2025-07-15,9,44,887.7057701875643,551.319,0.8110755279669055
2025-07-15,9,45,898.8798678972696,593.3076,0.7982060213499458
2025-07-15,9,46,832.3277744246502,664.10165,0.6512512056228547
2025-07-15,9,47,886.7113318476158,736.1950333333333,0.8082433772512991
2025-07-15,9,48,1126.6427844550924,803.43265,1.1131486916328202
2025-07-15,9,49,1143.6892708819573,879.6501805555555,1.1464173321141264
2025-07-15,9,50,1104.5471735083943,911.7141777777778,1.0986726011761405
2025-07-15,9,51,1086.339886750518,923.3296416666666,1.089937952381384
2025-07-15,9,52,1111.1378809820844,995.1875055555556,1.0488066038187889
2025-07-15,9,53,1174.5965771230472,1068.8268194444445,1.0298341781393807
2025-07-15,9,54,1213.8646685711924,1115.4391333333333,1.0362643686030086
2025-07-15,9,55,1182.0745205667135,1120.8248944444445,0.9952253320493651
2025-07-15,9,56,1159.5304648084712,1119.3162555555555,0.9432129364446472
2025-07-15,9,57,1167.2719167788625,1107.3400166666668,0.9178269272735302
2025-07-15,9,58,1178.2985772907796,1104.0727277777778,0.9029784167493334
2025-07-15,9,59,1159.0677374340867,1160.5822222222223,1.045144877738183
2025-07-15,9,60,1138.1267574542342,1220.7971499999999,1.3128752631125136
2025-07-15,9,61,1210.7122847265332,1184.1724666666667,1.4319500463280468
2025-07-15,9,62,1205.8829072076578,1184.6305666666667,1.3453965209772534
2025-07-15,9,63,1147.857377822474,1242.5850500000001,1.285416308475566
2025-07-15,9,64,1190.4236322483107,1231.3778,1.3687274244725063
2025-07-15,9,65,1206.404924708946,1170.6043666666665,1.0320095201912591
2025-07-15,9,66,1182.9595487763493,1153.6542000000002,0.448632629256972
2025-07-15,9,67,1223.8721159303454,1235.9715444444446,0.35849977846921643
2025-07-15,9,68,1216.2126946723934,1195.550088888889,0.48811385457606926
2025-07-15,9,69,1201.032516062307,1048.6726833333335,0.5150466719681355
2025-07-15,9,70,1241.554154439615,1035.1687944444443,0.4887192569546683
2025-07-15,9,71,1202.6189416022066,1058.8312555555556,0.4377808673112392
2025-07-15,9,72,1147.0296455707207,1017.2974166666665,0.4133447732427093
2025-07-15,9,73,1237.863555003144,959.8483027777777,0.4869063523373485
2025-07-15,9,74,1239.7592716121735,963.801822222222,0.5033889002105593
2025-07-15,9,75,1136.7374980300415,1041.3206750000002,0.40678244086402876
2025-07-15,9,76,1145.3912248537054,1097.433477777778,0.3850362268952904
2025-07-15,9,77,1226.6551846159846,1139.1144305555556,0.5861788096490039
2025-07-15,9,78,1281.9010655858424,1147.6314333333335,0.8572529730791552
2025-07-15,9,79,1244.107212688834,1088.814025,0.8728148036678682
2025-07-15,9,80,1217.321596887971,1035.3616166666664,0.8504823094274294
2025-07-15,9,81,1261.7605062099456,1034.6012583333336,0.871722952408925
2025-07-15,9,82,1291.8671099068852,1064.6187166666668,0.876364825183154
2025-07-15,9,83,1285.2075743326277,1078.2485416666668,1.0657536525589442
2025-07-15,9,84,1251.5044925590237,1063.2960833333334,1.367324568814177
2025-07-15,9,85,1265.062366546314,1035.373038888889,1.4277243585105446
2025-07-15,9,86,1280.4919097957918,992.1777444444447,1.3842836702400176
2025-07-15,9,87,1271.1059860210053,942.8080999999997,1.4799047460245403
2025-07-15,9,88,1236.7303790305061,911.9120888888888,1.5700562514027925
2025-07-15,9,89,1249.7998784761298,888.9703777777777,1.2754711496918976
2025-07-15,9,90,1302.8336251067144,856.8201166666665,0.7834666027476744
2025-07-15,9,91,1316.892849412241,795.9530611111109,0.7892881943518136
2025-07-15,9,92,1312.2245095371427,749.9017222222221,0.9004455149681552
2025-07-15,9,93,1277.263833293645,727.9993999999999,0.8918035315501661
2025-07-15,9,94,1242.7617428510662,711.583761111111,0.8314181571693218
2025-07-15,9,95,1270.5210053974183,687.0011888888888,0.8319662624777432
2025-07-15,9,96,1304.249711062812,656.3974333333333,0.89313147915383
2025-07-15,9,97,1272.8968590340442,628.5260694444445,0.898394436106193
2025-07-15,9,98,1261.4097840395775,568.0140722222222,0.9300262869422742
2025-07-15,9,99,1311.4734365497238,502.6683416666666,1.0352028654856407
2025-07-15,9,100,1341.3623784211645,496.2341444444444,1.095181096821883
2025-07-15,9,101,1332.0956885922478,478.746163888889,1.0568997634392112
2025-07-15,9,102,1294.5274871722809,420.53299999999996,1.0359308095136277
2025-07-15,9,103,1347.0631970394074,362.1460361111111,1.0686512167230453
2025-07-15,9,104,1356.2371366547563,323.9544888888888,1.150831516528065
2025-07-15,9,105,1307.2855502571215,303.4178583333333,1.1900600502637646
2025-07-15,9,106,1293.4377769198754,283.04012777777774,1.1483778928208226
2025-07-15,9,107,1261.9819887838116,256.1502805555555,1.23594832030471
2025-07-15,9,108,1080.0702612723862,222.10896666666665,1.379146532767142
2025-07-15,9,109,1040.8619305691577,176.8652722222222,1.3844865741584618
2025-07-15,9,110,1034.8799482534562,135.6846611111111,1.4167296077784626
2025-07-15,9,111,1046.9456344957885,98.87323333333333,1.4331071943158686
2025-07-15,9,112,1061.8944515903672,60.66518888888888,1.4649800254381204
2025-07-15,9,113,1018.3884395573407,24.362227777777772,1.6215209735619804
2025-07-15,9,114,990.264123829846,0.0,1.9547948153118613
2025-07-15,9,115,969.2617989408667,0.0,1.9504914482875597
2025-07-15,9,116,1003.2614539190071,0.7718833333333334,1.8779809749181826
2025-07-15,9,117,1004.1867558822994,0.0,1.9007160218289119
2025-07-15,9,118,1070.0437234081833,0.0,1.9486499960680206
2025-07-15,9,119,1077.001827103809,0.05541666666666667,1.9816001409153057
2025-07-15,9,120,1066.6616236127666,0.0,2.021227081236348
2025-07-15,9,121,1033.7103992228815,0.0,1.935828656101349
2025-07-15,9,122,1053.2401261534205,0.0039833333333333335,1.8714485762499735
2025-07-15,9,123,1081.3890723730121,0.0,1.8853993564756957
2025-07-15,9,124,1083.7375751776171,0.0,2.039193499207694
2025-07-15,9,125,1038.0447059687513,0.0002833333333333333,1.693854404757792
2025-07-15,9,126,1004.4377378217698,0.0,1.1614276038754978
2025-07-15,9,127,1030.6007018754008,0.0,1.0823664886859876
2025-07-15,9,128,1043.6629716112152,0.0,1.1308817064276644
2025-07-15,9,129,1060.7383549704027,0.0,1.1363239816700121
2025-07-15,9,130,1141.1403617657888,0.0,1.2161475765178167
2025-07-15,9,131,991.2312716472538,0.0,0.971924141986268
2025-07-15,9,132,762.5067539338285,0.0,0.5299392534776755
2025-07-15,9,133,768.292039540774,0.0,0.5120120887751056
2025-07-15,9,134,834.0964387067955,0.0,0.5676334424727911
2025-07-15,9,135,823.9938172312447,0.0,0.5548685659056638
2025-07-15,9,136,813.483283562318,0.0,0.6273358794374599
2025-07-15,9,137,807.8020153359598,0.0,0.6613303608914147
2025-07-15,9,138,785.4488295202094,0.0,0.6302338425928882
2025-07-15,9,139,861.3094306347961,0.0,0.6350282846556861
2025-07-15,9,140,856.9437627813892,0.0,0.6216928099363672
2025-07-15,9,141,821.0157207045789,0.0,0.5767703310505832
2025-07-15,9,142,818.4113218044649,0.0,0.5895524891946362
2025-07-15,9,143,845.6106349311432,0.0,0.6080553405490767
2025-07-15,9,144,817.8543430718247,0.0,0.5898681421756953
2025-07-15,10,1,691.9242880900492,0.0,0.45113500593312
2025-07-15,10,2,727.7313831130291,0.0,0.43580633785440653
2025-07-15,10,3,774.5254365228265,0.0,0.4565074628395619
2025-07-15,10,4,720.1875077207661,0.0,0.40724177318347954
2025-07-15,10,5,722.6119195049286,0.0,0.39440401186100205
2025-07-15,10,6,718.2949177685794,0.0,0.4538684220845865
2025-07-15,10,7,739.2511527790849,0.0,0.48000548464007353
2025-07-15,10,8,728.935656633731,0.0,0.4703137071312553
2025-07-15,10,9,742.2614611512474,0.0,0.3834003997614539
2025-07-15,10,10,750.79453813119,0.0,0.3977179883365999
2025-07-15,10,11,738.3399848898786,0.0,0.415581404789685
2025-07-15,10,12,753.1930274338534,0.0,0.4215054483278511
2025-07-15,10,13,734.840182961554,0.0,0.4513760666656717
2025-07-15,10,14,710.3049149894251,0.0,0.44832333439823235
2025-07-15,10,15,703.7634006068548,0.0,0.4457609902361939
2025-07-15,10,16,688.7775108795524,0.0,0.38858228965559616
2025-07-15,10,17,700.5073224098194,0.0,0.3909401520948164
2025-07-15,10,18,733.7854595397059,0.0,0.4065381119533763
2025-07-15,10,19,712.9626148535599,0.00018333333333333334,0.41067722941349555
2025-07-15,10,20,785.4641842861528,0.0,0.4007869793329075
2025-07-15,10,21,797.9738032331579,0.0,0.4410751029074777
2025-07-15,10,22,728.1365211556741,0.0024666666666666665,0.4711630438113645
2025-07-15,10,23,665.2851301911551,0.0,0.4467990821636454
2025-07-15,10,24,699.4693722555279,0.0,0.40686201046680437
2025-07-15,10,25,749.614265159982,0.03423333333333333,0.42401838083156085
2025-07-15,10,26,760.7773826684324,0.0,0.4364755729282866
2025-07-15,10,27,731.2713288586943,0.0,0.3949250948121417
2025-07-15,10,28,711.0402946616225,0.47691666666666666,0.34951274115541103
2025-07-15,10,29,699.6111900692716,0.0,0.38271052010439544
2025-07-15,10,30,739.3469161854646,0.0,0.41572225395309337
2025-07-15,10,31,772.6720116472075,17.150011111111105,0.43552972752321356
2025-07-15,10,32,747.9395849880483,46.055605555555545,0.41362936257730987
2025-07-15,10,33,651.993777776274,80.69483333333334,0.36468552132956805
2025-07-15,10,34,674.6817360419327,115.65869444444442,0.3219634173858588
2025-07-15,10,35,747.7780662997777,153.58683888888888,0.4947501010340918
2025-07-15,10,36,856.9817190974688,194.55841666666666,0.7546336428353559
2025-07-15,10,37,837.98092582821,237.86006388888887,0.7377618818864836
2025-07-15,10,38,813.9185476141346,275.24177777777777,0.6674261701016169
2025-07-15,10,39,850.9498794962566,310.5557583333333,0.6899691216351868
2025-07-15,10,40,868.7844216308195,353.10353888888886,0.6579777042481575
2025-07-15,10,41,873.6187660881538,401.3790027777777,0.6608297212484621
2025-07-15,10,42,863.1929596158519,452.43435,0.7255297634161113
2025-07-15,10,43,843.5262665719779,510.11170833333335,0.6845179542304999
2025-07-15,10,44,837.888420688889,567.05705,0.6595708534146931
2025-07-15,10,45,900.1755016802488,626.554375,0.651417315382273
2025-07-15,10,46,887.0493972595879,694.4791333333333,0.569066837827664
2025-07-15,10,47,904.3090305343802,766.2800416666666,0.6795848293643747
2025-07-15,10,48,1055.5996328121196,830.9368999999999,0.8261816579291618
2025-07-15,10,49,1050.4873377299068,883.9664333333335,0.8191809137271624
2025-07-15,10,50,1069.7582260954096,960.7955333333334,0.8000111311404229
2025-07-15,10,51,1099.058518505554,1025.4401999999998,0.8098082730594685
2025-07-15,10,52,1085.6848354096091,1003.94505,0.8092613232883787
2025-07-15,10,53,1093.963511305346,990.3942999999999,0.8644122623935141
2025-07-15,10,54,1185.8109183823515,1037.58725,0.8941560183023445
2025-07-15,10,55,1192.8018709222977,1093.5135277777777,0.8003503459264141
2025-07-15,10,56,1173.150162080873,1135.2446222222222,0.77898493208318
2025-07-15,10,57,1138.1292243012858,1169.0994833333334,0.8538406204012919
2025-07-15,10,58,1169.8447888396895,1225.7457444444444,0.7918381303464794
2025-07-15,10,59,1213.4747119879776,1243.5679722222221,0.876441282043383
2025-07-15,10,60,1222.23185565365,1228.0429666666666,1.0174357182947558
2025-07-15,10,61,1180.9641329956885,1228.5502222222221,1.0116138758024018
2025-07-15,10,62,1167.1725238620645,1194.932277777778,0.9718365978133807
2025-07-15,10,63,1192.4035649513664,1132.6175333333333,1.0455250948802048
2025-07-15,10,64,1149.9337534152703,1126.7919222222224,1.0975116869550756
2025-07-15,10,65,1129.7942547875612,1171.7461444444443,0.8136917747995113
2025-07-15,10,66,1158.016258363402,1216.9670999999998,0.36780282416953386
2025-07-15,10,67,1171.6005938528656,1221.5610694444445,0.2902487802571351
2025-07-15,10,68,1164.8947848341522,1215.4015388888888,0.33191393859524776
2025-07-15,10,69,1181.2576258229085,1214.993108333333,0.3413458137342313
2025-07-15,10,70,1191.8436291446828,1198.6375277777777,0.36049498087467774
2025-07-15,10,71,1178.7426581852835,1167.760113888889,0.37138999808722284
2025-07-15,10,72,1159.2144766604215,1156.3441166666667,0.4071750505498483
2025-07-15,10,73,1158.0096397113484,1213.1078944444444,0.3872261150068091
2025-07-15,10,74,1163.8971307728918,1240.467722222222,0.3654015383311636
2025-07-15,10,75,1141.5515010722625,1214.2450499999998,0.38506288640450725
2025-07-15,10,76,1117.9662894422618,1184.433611111111,0.2819502190949269
2025-07-15,10,77,1153.9137670614518,1160.5246555555555,0.45937459186255253
2025-07-15,10,78,1179.1594718466074,1143.802233333333,0.7814375143801575
2025-07-15,10,79,1190.0485611252236,1122.5473833333333,0.7513571133046121
2025-07-15,10,80,1162.4505911683216,1119.0844666666665,0.7141418128419608
2025-07-15,10,81,1235.061886246216,1135.5858833333332,0.7019883708816648
2025-07-15,10,82,1253.3481935241734,1164.5994333333333,0.6554861848382844
2025-07-15,10,83,1240.116992921799,1177.7634166666667,0.722274607222474
2025-07-15,10,84,1220.1716743723687,1157.1070333333334,0.941384029964766
2025-07-15,10,85,1253.7435805199916,1120.3205694444446,1.0287390580249551
2025-07-15,10,86,1224.0854321117974,1077.7774555555554,0.9753841648958066
2025-07-15,10,87,1121.5114596457738,1036.2089416666663,0.9276188525497344
2025-07-15,10,88,1090.7763932872826,990.1353111111109,1.0113664238875106
2025-07-15,10,89,1110.4817927090778,975.6879138888889,0.8279017232782664
2025-07-15,10,90,1161.0010802353481,976.8421,0.47772833063375447
2025-07-15,10,91,1172.5453169531652,958.128511111111,0.43474976915279384
2025-07-15,10,92,1252.1052740909815,938.1364555555556,0.5477984268579669
2025-07-15,10,93,1264.7127851306336,927.7613833333332,0.603299006892273
2025-07-15,10,94,1129.1110227058737,897.590861111111,0.5181289805949063
2025-07-15,10,95,1116.9978838651255,861.1653222222221,0.47371301345990097
2025-07-15,10,96,1218.85036991576,830.0681666666665,0.5241758420818818
2025-07-15,10,97,1164.2304428042266,772.9894694444445,0.5981944545035712
2025-07-15,10,98,1215.0570749508543,724.4534222222221,0.6510352099773746
2025-07-15,10,99,1274.0199931031134,668.8762749999999,0.656112914631824
2025-07-15,10,100,1230.7824632745205,587.0180944444444,0.7175173500635091
2025-07-15,10,101,1208.1906858883376,524.1316305555556,0.7226082672055802
2025-07-15,10,102,1169.7236245317154,485.8718833333333,0.6550360170330275
2025-07-15,10,103,1165.821934179069,442.9450472222221,0.6460954280602734
2025-07-15,10,104,1196.0072198848632,392.61009444444437,0.6882671826701745
2025-07-15,10,105,1213.6373532117577,348.86517499999997,0.7402140041699847
2025-07-15,10,106,1229.2988314235363,315.59978888888884,0.8079639375881386
2025-07-15,10,107,1167.5040087658986,276.4770194444444,0.9891840955957185
2025-07-15,10,108,997.3687116523369,231.37721666666664,1.1803065618990536
2025-07-15,10,109,941.955663011267,186.45223888888887,1.1973935561956537
2025-07-15,10,110,934.6529605476404,143.98962777777774,1.2014220106653237
2025-07-15,10,111,945.2555877047599,100.31048333333332,1.2388441167674127
2025-07-15,10,112,1018.989926107416,60.053055555555545,1.2855751032097766
2025-07-15,10,113,1008.9203740417012,24.85754444444443,1.3528999719410473
2025-07-15,10,114,1002.6623833169286,0.0,1.5188048605816657
2025-07-15,10,115,1002.3148923800527,0.0,1.575435552677441
2025-07-15,10,116,1000.8706161678732,0.5891,1.523469806782569
2025-07-15,10,117,954.3069772562419,0.0,1.473895277027785
2025-07-15,10,118,1002.6406362610206,0.0,1.5189298227640424
2025-07-15,10,119,1032.2349349684478,0.042300000000000004,1.5349124151754323
2025-07-15,10,120,994.906199252079,0.0,1.5605536497947963
2025-07-15,10,121,955.2977964131,0.0,1.5217091242894036
2025-07-15,10,122,942.6123475387312,0.003033333333333333,1.4705237572119245
2025-07-15,10,123,984.7550786323188,0.0,1.4709492069386454
2025-07-15,10,124,990.5073569738255,0.0,1.5303936214617813
2025-07-15,10,125,1008.8868312417871,0.00021666666666666666,1.3388641746345327
2025-07-15,10,126,1057.5013816992582,0.0,1.0053589242642833
2025-07-15,10,127,1086.546595121129,0.0,0.9318789512699254
2025-07-15,10,128,1029.2684043143781,0.0,0.962826801830099
2025-07-15,10,129,1001.778304040578,0.0,0.9676164621136425
2025-07-15,10,130,1029.1304029425914,0.0,0.9330136574397894
2025-07-15,10,131,898.2746062802879,0.0,0.7093028011380715
2025-07-15,10,132,751.5294495359556,0.0,0.449780536919394
2025-07-15,10,133,770.0795389891816,0.0,0.4619691358527053
2025-07-15,10,134,782.134580717596,0.0,0.48087443727756213
2025-07-15,10,135,768.541802008043,0.0,0.43059653912419177
2025-07-15,10,136,771.193881496552,0.0,0.4806346271551595
2025-07-15,10,137,777.6226919107011,0.0,0.5218626054165658
2025-07-15,10,138,758.4589850736895,0.0,0.4781499137377338
2025-07-15,10,139,747.3529290721999,0.0,0.46285281018425556
2025-07-15,10,140,745.5525093821733,0.0,0.46155295474579716
2025-07-15,10,141,743.4771206008647,0.0,0.46331369416333273
2025-07-15,10,142,731.4172218431553,0.0,0.46658089842573897
2025-07-15,10,143,785.5058254734712,0.0,0.5003433975649979
2025-07-15,10,144,808.8179998560051,0.0,0.5228437904381315
