day_index,date,s0,E_C,CVaR,cost_plan,cost_emergency,cost_total,emergency_rate,unextracted_ratio,curtailment_rate,soc_violate_count,residual_blocks,emergency_kwh,load_kwh,curtail_kwh,unextracted_kwh,final_soc,settlement_method
31,2025-02-01,1200.0,26193.073618347556,261930.7361834755,25192.965593044813,1e-06,25192.965594044814,6.186106049303455e-12,0.13644883988877532,0.06711855282641722,0,30,4.720320981826764e-07,76305.20628333333,2814.081601401273,6517.173833320607,1200.0,lexicographic_flexible_discharge_reserve
32,2025-02-02,1200.0,67405.82838725236,674058.2838725239,57962.161111949434,1e-06,57962.161112949434,3.771642702975353e-12,0.09786324054110183,0.004467967644840954,0,31,4.590314436538903e-07,121705.97265,193.68503333333334,9032.893545684236,1200.0,lexicographic_flexible_discharge_reserve
33,2025-02-03,1200.0,55591.29051507338,555912.9051507341,54625.23629169828,965.3234670466825,55590.55975874497,0.0035438830566875434,0.03243973765663542,0.0027696780112024914,0,32,434.4934196451335,122603.769,117.39793333333333,2830.542578664485,1200.0,lexicographic_flexible_discharge_reserve
34,2025-02-04,1200.0,63264.02466477514,632640.2466477515,61879.89692145878,1e-06,61879.89692245878,3.918611543506908e-12,0.10763608550084311,0.006761262456465566,0,33,4.7641734159123383e-07,121578.09884999998,273.04165,10406.97070487998,1200.0,lexicographic_flexible_discharge_reserve
35,2025-02-05,1200.0,70707.18224861371,707071.8224861374,61429.72966654794,1e-06,61429.72966754794,3.754211293179268e-12,0.10982394959793965,0.004861810054547459,0,34,4.5798030684680555e-07,121991.08443333334,200.51396666666665,10576.31664914378,1200.0,lexicographic_flexible_discharge_reserve
36,2025-02-06,1200.0,70136.32520646471,701363.2520646479,60734.98852176401,1e-06,60734.98852276401,1.7457719331478204e-12,0.10788477423466808,0.0033265373805391797,0,35,2.1342439440828086e-07,122252.1627,139.65171666666666,10299.666340761327,1200.0,lexicographic_flexible_discharge_reserve
37,2025-02-07,1200.0,62083.756524245044,620837.5652424506,60658.69779926903,1e-06,60658.69780026903,1.9529594833106116e-12,0.47272235626085124,0.3074134253382497,0,36,1.4875418371141687e-07,76168.59693333332,13637.756354943382,45006.792280133566,1200.0,lexicographic_flexible_discharge_reserve
38,2025-02-08,1200.0,21277.321547353193,212773.21547353198,20885.50407593481,1e-06,20885.50407693481,6.8421249084314725e-12,0.050515694092756705,0.04311910572346876,0,37,5.182689816014511e-07,75746.78751666666,1904.5547215171475,1980.0836797332292,1200.0,lexicographic_flexible_discharge_reserve
39,2025-02-09,1200.0,49811.46841145889,498114.6841145889,48976.49712498527,18937.487732543188,67913.98485752846,0.042827983203675285,0.007570914903263988,0.0012649004548772355,0,38,5205.651572395143,121547.90356666666,53.11631666666666,601.1739591247691,1200.0,lexicographic_flexible_discharge_reserve
40,2025-02-10,1200.0,70048.3480810811,700483.4808108114,60541.39799388143,1e-06,60541.39799488143,1.6973139676505512e-12,0.1644391911981317,0.010146766587992026,0,39,2.0618556701030927e-07,121477.56451666665,478.42945,15658.493863868624,1200.0,lexicographic_flexible_discharge_reserve
41,2025-02-11,1200.0,55370.973857549405,553709.738575494,53980.34775091272,1e-06,53980.34775191272,3.902574503331466e-12,0.0714383388062332,0.0038266572346076786,0,40,4.7393364928909956e-07,121441.28161666667,176.87071666666637,6158.77864700031,1200.0,lexicographic_flexible_discharge_reserve
42,2025-02-12,1200.0,53237.21214755073,532372.1214755075,52223.91704921823,81.85782718100054,52305.774876399235,0.0002570895223241491,0.047505879686971716,0.0010141609208674579,0,41,31.201374965194475,121363.85288333334,46.74989437251471,3979.7049875580387,1200.0,lexicographic_flexible_discharge_reserve
43,2025-02-13,1200.0,55849.65475191425,558496.5475191427,54794.65328298298,1e-06,54794.65328398298,4.44025005163037e-12,0.12641520807067494,0.005723316548896356,0,42,5.38647993536224e-07,121310.28371666666,286.05596666666673,11044.730502798611,1200.0,lexicographic_flexible_discharge_reserve
44,2025-02-14,1200.0,20750.491366064267,207504.91366064272,19955.10162937308,1e-06,19955.10163037308,6.8307758317694185e-12,0.037470905566094066,0.06131836156977889,0,43,5.182689816014511e-07,75872.63794999999,2824.9881878457672,1414.1478892331538,1200.0,lexicographic_flexible_discharge_reserve
45,2025-02-15,1200.0,21705.148142621467,217051.4814262147,20887.726549583786,1e-06,20887.726550583786,6.264152867867733e-12,0.07125485831767954,0.0832104296013383,0,44,4.7641734159123383e-07,76054.55225,3892.1230066626085,2832.329090918361,1200.0,lexicographic_flexible_discharge_reserve
46,2025-02-16,1200.0,52139.01535648602,521390.15356486035,51019.06953538286,3920.3933787676224,54939.462914150485,0.006644935397241522,0.040205129515562495,0.0011972051065424528,0,45,805.8776792204775,121276.97728333331,54.951233333333356,3315.5750963146284,1200.0,lexicographic_flexible_discharge_reserve
47,2025-02-17,1200.0,50015.85313179976,500158.5313179978,49079.541458189466,7.9376976675915145,49087.47915585706,3.095391429298709e-05,0.042409528904076836,0.007775510901488801,0,46,3.744197013014865,120960.37281666666,387.03779342163745,3365.5260811335875,1200.0,lexicographic_flexible_discharge_reserve
48,2025-02-18,1200.0,53852.85474989725,538528.5474989727,52743.740199681866,1e-06,52743.74020068187,3.765143131812345e-12,0.08866022411755428,0.005415529336175412,0,47,4.5682960255824573e-07,121331.27123333333,266.6600333333331,7473.241107128073,1200.0,lexicographic_flexible_discharge_reserve
49,2025-02-19,1200.0,52393.95156112114,523939.5156112115,51166.756159452634,31.86409720133499,51198.62025665397,5.970238981155168e-05,0.05187098921336916,0.007593782491578566,0,48,7.275738847437346,121866.79411666666,372.00016718637414,4252.197364039603,1200.0,lexicographic_flexible_discharge_reserve
50,2025-02-20,1200.0,51443.958325592845,514439.5832559285,50088.719889996806,60.54787387114694,50149.26776386795,0.00010673799132134139,0.058861000555495036,0.008724294399767858,0,49,12.92653187419275,121105.25703333333,437.1929166666663,4742.000612947561,1200.0,lexicographic_flexible_discharge_reserve
51,2025-02-21,1200.0,65713.45997518748,657134.5997518749,56324.65663155779,1e-06,56324.65663255779,1.958326089584281e-12,0.4692206174773138,0.34271721339917993,0,50,1.4844503822459736e-07,75802.00203333332,17218.709129126113,41979.501630741506,1200.0,lexicographic_flexible_discharge_reserve
52,2025-02-22,1200.0,21180.058237884445,211800.58237884444,20492.44732821911,1e-06,20492.44732921911,6.847960182988876e-12,0.09344994614656166,0.07569016596515851,0,51,5.182689816014511e-07,75682.24226666667,3620.826753879349,3613.4541038572097,1200.0,lexicographic_flexible_discharge_reserve
53,2025-02-23,1200.0,50312.763107927414,503127.63107927423,49072.27872985735,1196.409736643374,50268.688466500724,0.0022847078670395976,0.0435540277409874,0.009325409620562115,0,52,276.7744024204063,121142.14093333333,462.63625,3466.275963324769,1200.0,lexicographic_flexible_discharge_reserve
54,2025-02-24,1200.0,48822.737401097824,488227.3740109783,47865.91069356103,197.5522049132027,48063.46289847424,0.0003637730542490744,0.061384974201989476,0.01599634841903744,0,53,43.88157559581011,120628.98854999998,838.6238413143549,4797.7805188360335,1200.0,lexicographic_flexible_discharge_reserve
55,2025-02-25,1200.0,61792.28293671723,617922.8293671723,53006.25492917474,1e-06,53006.25493017474,3.9455771436983735e-12,0.1531798536182011,0.028435419542110554,0,54,4.777830864787386e-07,121093.33288333332,1571.6827833333332,12994.497802439562,1200.0,lexicographic_flexible_discharge_reserve
56,2025-02-26,1200.0,59535.377643670676,595353.7764367065,50937.09315301264,1e-06,50937.09315401264,4.016686928821592e-12,0.09364281082818596,0.014939323214918702,0,55,4.862630683199612e-07,121060.73411666666,780.5181788487396,7645.3458293205285,1200.0,lexicographic_flexible_discharge_reserve
57,2025-02-27,1200.0,49272.555517868015,492725.55517868017,48080.725112902175,1e-06,48080.725113902176,3.807120799881618e-12,0.06955271288403178,0.020909470561141476,0,56,4.591368227731864e-07,120599.48893333334,1121.64473733575,5413.976520827183,1200.0,lexicographic_flexible_discharge_reserve
58,2025-02-28,1200.0,29999.26707426145,299992.6707426145,21957.55623660703,1e-06,21957.55623760703,5.544501336300536e-12,0.15197389925380922,0.15863304888333957,0,57,4.179728317659352e-07,75385.10795,8263.59438327127,6311.987939234457,1200.0,lexicographic_flexible_discharge_reserve
59,2025-03-01,1200.0,19369.60045112069,193696.00451120688,18614.76797895683,1e-06,18614.76797995683,6.613449246094375e-12,0.09920464892712144,0.1071680117408565,0,58,4.777830864787386e-07,72244.16014999998,5206.800097845875,3549.3376307963727,1200.0,lexicographic_flexible_discharge_reserve
60,2025-03-02,1200.0,48238.82966253914,482388.2966253916,47431.64320021601,8204.62197949951,55636.26517971552,0.016219431959830333,0.030596685932880032,0.0005491946781701637,0,59,1911.6290156403497,117860.41708333333,24.98951666666663,2361.5608114753472,1200.0,lexicographic_flexible_discharge_reserve
61,2025-03-03,1200.0,56057.50450302337,560575.0450302338,54352.72399767632,1e-06,54352.72399867632,4.050425291049709e-12,0.11135680100664955,0.012239013500770122,0,60,4.777830864787386e-07,117958.7456,562.2798499999999,9675.603018386699,1200.0,lexicographic_flexible_discharge_reserve
62,2025-03-04,1200.0,55239.5928146389,552395.9281463892,53477.378327067876,1e-06,53477.378328067876,3.9927374825896244e-12,0.12555493351736696,0.019701353624187148,0,61,4.716981132075471e-07,118139.02498333334,964.1757166666673,10728.999698952433,1200.0,lexicographic_flexible_discharge_reserve
63,2025-03-05,1200.0,53635.33293274633,536353.3293274634,52149.771195136884,1e-06,52149.771196136884,4.046490649947958e-12,0.14364928603982186,0.017775506503404856,0,62,4.777830864787386e-07,118073.44383333332,923.3126333333335,11995.932051721655,1200.0,lexicographic_flexible_discharge_reserve
64,2025-03-06,1200.0,58554.225773109916,585542.2577310994,49588.45393848609,1e-06,49588.45393948609,3.920684169424791e-12,0.10248233486442274,0.015871052750122735,0,63,4.6136101499423295e-07,117673.59855,821.056289756084,8144.413023777386,1200.0,lexicographic_flexible_discharge_reserve
65,2025-03-07,1200.0,29564.990673600685,295649.90673600684,21587.415189099396,1e-06,21587.415190099397,6.665467037467606e-12,0.15782831080453744,0.20799495696042747,0,64,4.777830864787386e-07,71680.36145,10557.423815681193,6537.262040601487,1200.0,lexicographic_flexible_discharge_reserve
66,2025-03-08,1200.0,18607.269898613114,186072.69898613126,17924.60320478581,1e-06,17924.60320578581,6.518609025640302e-12,0.049719350928344584,0.1810337778276171,0,65,4.715868898844612e-07,72344.71158333334,9645.7642798231,1663.7606297866323,1200.0,lexicographic_flexible_discharge_reserve
67,2025-03-09,1200.0,50033.51925430654,500335.1925430656,48988.941555324855,1e-06,48988.941556324855,4.037387987776175e-12,0.1306877482349175,0.0226927864459187,0,66,4.751722499406035e-07,117692.9865,1233.56765,10399.965104835845,1200.0,lexicographic_flexible_discharge_reserve
68,2025-03-10,1200.0,48139.24579892001,481392.4579892002,47071.16001315232,1e-06,47071.16001415232,4.0393841227503325e-12,0.04603331130701059,0.00671890059622822,0,67,4.7641734159123383e-07,117943.06436666666,335.2798110601718,3514.1116421549355,1200.0,lexicographic_flexible_discharge_reserve
69,2025-03-11,1200.0,49926.25975617937,499262.5975617937,48822.163233197294,1e-06,48822.163234197295,4.410816625166156e-12,0.12587211378060073,0.01999498594019346,0,68,5.182689816014511e-07,117499.55295,1070.9441267770958,9999.842806461875,1200.0,lexicographic_flexible_discharge_reserve
70,2025-03-12,1200.0,47422.52029392659,474225.2029392659,46141.71635811568,1e-06,46141.71635911568,3.996470736971605e-12,0.08963056600000878,0.03263746108776303,0,69,4.720320981826764e-07,118112.23683333333,1817.1461999155974,6753.997006018729,1200.0,lexicographic_flexible_discharge_reserve
71,2025-03-13,1200.0,55053.72995325172,550537.2995325173,46058.27690313219,918.067613006338,46976.344516138524,0.003544176012409096,0.051008861506278744,0.0029084650113683965,0,70,419.0537210931785,118237.27705,147.4349166666667,3838.7290040598523,1200.0,lexicographic_flexible_discharge_reserve
72,2025-03-14,1200.0,54519.81494582101,545198.1494582102,52730.668310847585,1e-06,52730.668311847585,2.059693990936026e-12,0.4947036010683158,0.39560290943049015,0,71,1.4852220406950838e-07,72108.86895,22185.19079685457,41880.6438278937,1200.0,lexicographic_flexible_discharge_reserve
73,2025-03-15,1200.0,18269.012282962947,182690.12282962952,17807.663909798917,1e-06,17807.663910798918,6.486053370392842e-12,0.08303416834572747,0.08423569293276793,0,72,4.716981132075471e-07,72724.98178333332,4363.481053019801,2804.578350151484,1200.0,lexicographic_flexible_discharge_reserve
74,2025-03-16,1200.0,44394.274370196814,443942.74370196817,43057.37508920941,7.461180999999939,43064.83627020941,1.3900286274742202e-05,0.04335608671222965,0.006208740950582186,0,73,1.640000477783073,117983.21598333333,339.19698519986366,3079.64474771011,1200.0,lexicographic_flexible_discharge_reserve
75,2025-03-17,1200.0,53629.13996349925,536291.3996349927,51802.179966421994,1e-06,51802.179967421995,1.8124226015175462e-12,0.21576046359910986,0.049696895300394554,0,74,2.1331058020477816e-07,117693.6218,2973.6381,17947.0630889414,1200.0,lexicographic_flexible_discharge_reserve
76,2025-03-18,1200.0,41483.928810248835,414839.28810248827,40455.89356686575,6353.228268721168,46809.12183558692,0.014486618766686703,0.04005185465126004,0.011078481479507121,0,75,1698.6056465405818,117253.42358333332,621.8070838945217,2671.4460627679723,1200.0,lexicographic_flexible_discharge_reserve
77,2025-03-19,1200.0,45596.77403765546,455967.7403765548,44085.41626000875,1e-06,44085.41626100875,3.9556899706143636e-12,0.09746160517203159,0.029329209715225072,0,76,4.6392948271862675e-07,117281.55799999999,1695.7001566677632,7059.635431871988,1200.0,lexicographic_flexible_discharge_reserve
78,2025-03-20,1200.0,49383.30694762686,493833.06947626866,48018.034302100255,1e-06,48018.034303100256,3.889226456573521e-12,0.12950976942725698,0.025167143140457246,0,77,4.575611988103409e-07,117648.38173333331,1395.2518166666662,10117.776820420479,1200.0,lexicographic_flexible_discharge_reserve
79,2025-03-21,1200.0,19233.78838627669,192337.8838627669,18577.345649417934,1e-06,18577.345650417934,6.307386400607392e-12,0.12000994829097826,0.22480083442092635,0,78,4.5787545787545784e-07,72593.53221666666,13613.953751547788,4150.387698713802,1200.0,lexicographic_flexible_discharge_reserve
80,2025-03-22,1200.0,18288.885348678315,182888.8534867832,17835.964633371914,1e-06,17835.964634371914,6.588182903601599e-12,0.10703400020998738,0.15860066373666076,0,79,4.7393364928909956e-07,71936.92953333333,8890.475952522915,3606.4806321354404,1200.0,lexicographic_flexible_discharge_reserve
81,2025-03-23,1200.0,42115.94729480143,421159.4729480144,40953.796760419806,1785.6743811385693,42739.47114155837,0.003567469192729524,0.05099283986922864,0.038289716392436626,0,80,420.0337416515078,117739.97726666665,2257.9544218625583,3478.2949844246823,1200.0,lexicographic_flexible_discharge_reserve
82,2025-03-24,1200.0,51764.16471347473,517641.64713474736,49727.28912774443,1e-06,49727.28912874443,4.0198544801235214e-12,0.18465678236285518,0.05495081146518557,0,81,4.720320981826764e-07,117425.17061666667,3265.543933333333,14871.796355204728,1200.0,lexicographic_flexible_discharge_reserve
83,2025-03-25,1200.0,51677.20533364609,516772.05333646096,50004.394537546366,1e-06,50004.39453854637,4.01457799103795e-12,0.16180093788592806,0.03970554737972158,0,82,4.7393364928909956e-07,118053.16781666665,2267.3075833333332,13052.786773748998,1200.0,lexicographic_flexible_discharge_reserve
84,2025-03-26,1200.0,50381.247939902925,503812.47939902934,48612.804251406546,1e-06,48612.804252406546,4.4031317314224676e-12,0.19157808409675642,0.06293958187800257,0,83,5.182689816014511e-07,117704.62779999999,3909.3079000000002,15143.720741515179,1200.0,lexicographic_flexible_discharge_reserve
85,2025-03-27,1200.0,44273.66866795751,442736.6866795751,43537.67800349531,1e-06,43537.67800449531,4.050636383553886e-12,0.10483875904637176,0.019952279034125834,0,84,4.777830864787386e-07,117952.59836666666,1181.8853988592996,7498.943319045128,1200.0,lexicographic_flexible_discharge_reserve
86,2025-03-28,1200.0,18843.92401176907,188439.24011769076,18387.52646898484,1e-06,18387.52646998484,3.8547314809056464e-12,0.13094738887406335,0.20098657304866485,0,85,2.7712345850076205e-07,71891.76726666666,12274.227204105922,4488.848911790434,1200.0,lexicographic_flexible_discharge_reserve
87,2025-03-29,1200.0,17543.922060396486,175439.2206039649,17011.65603887052,1e-06,17011.65603987052,2.2106194402036954e-12,0.09666010428011484,0.2355647543921214,0,86,1.5942606616181745e-07,72118.27746666667,15172.977480297575,3135.492527823192,1200.0,lexicographic_flexible_discharge_reserve
88,2025-03-30,1200.0,39683.12507417947,396831.2507417949,38205.14893878858,1363.5447508109057,39568.69368959949,0.003297963124360803,0.04794217482453438,0.02687239418942658,0,87,389.1421887630999,117994.70585,1683.530938630145,3051.467103123112,1200.0,lexicographic_flexible_discharge_reserve
89,2025-03-31,1200.0,48255.0784282157,482550.78428215696,47274.29144118459,1e-06,47274.29144218459,1.8229611874006564e-12,0.1794128055704314,0.03656170670770499,0,88,2.1342439440828086e-07,117075.66561666667,2198.2461500000004,13890.003459926531,1200.0,lexicographic_flexible_discharge_reserve
90,2025-04-01,1200.0,49787.04094655272,497870.40946552745,48646.65798444022,1e-06,48646.65798544022,4.122021118348959e-12,0.15802826731461123,0.02618269731078111,0,89,4.862630683199612e-07,117967.1463,1512.2679494988843,12417.70857655286,1200.0,lexicographic_flexible_discharge_reserve
91,2025-04-02,1200.0,47273.95625165574,472739.5625165576,46145.57679202,1e-06,46145.57679302,3.990365645992196e-12,0.12249708310998736,0.026213665167041537,0,90,4.708097928436911e-07,117986.62945,1508.6303521566497,9259.942775218278,1200.0,lexicographic_flexible_discharge_reserve
92,2025-04-03,1200.0,48875.98011642535,488759.8011642533,47484.825094913744,1e-06,47484.825095913744,3.993824193787761e-12,0.17626865890498009,0.055516305552626204,0,91,4.708097928436911e-07,117884.45609999998,3443.172669220101,13634.541782759363,1200.0,lexicographic_flexible_discharge_reserve
93,2025-04-04,1200.0,17886.83452035022,178868.34520350225,17353.818257859704,1e-06,17353.818258859705,3.7005708676563406e-12,0.14033843124128925,0.21726234495043192,0,92,2.654632333421821e-07,71735.75181666667,14188.306479723691,4654.752398961078,1200.0,lexicographic_flexible_discharge_reserve
94,2025-04-05,1200.0,16291.859823206285,162918.59823206288,15788.564465560088,1e-06,15788.564466560088,6.484738402428466e-12,0.07762800055348985,0.13546553991513557,0,93,4.708097928436911e-07,72602.74256666665,8203.60718209587,2371.6137665711326,1200.0,lexicographic_flexible_discharge_reserve
95,2025-04-06,1200.0,38452.87004660155,384528.7004660155,37392.89726567235,1565.1476269711234,38958.04489264347,0.0032875103394192683,0.03979420128588266,0.038299023885908855,0,94,385.31406487879565,117205.43058333333,2405.000774898126,2510.0112887129003,1200.0,lexicographic_flexible_discharge_reserve
96,2025-04-07,1200.0,40228.46996380576,402284.69963805773,39106.10025973085,1e-06,39106.10026073085,4.050190779190723e-12,0.07807522698788875,0.0524293685392142,0,95,4.7393364928909956e-07,117015.14203333334,3343.547854998318,5122.550096182604,1200.0,lexicographic_flexible_discharge_reserve
97,2025-04-08,1200.0,42744.46547741815,427444.6547741816,41298.69174679393,1e-06,41298.69174779393,4.047268923602102e-12,0.11061497720082418,0.0511816506046749,0,96,4.7641734159123383e-07,117713.29026666666,3242.874329018732,7669.491095951973,1200.0,lexicographic_flexible_discharge_reserve
98,2025-04-09,1200.0,41877.78539279547,418777.8539279548,40681.97491087895,1640.6749742774555,42322.6498851564,0.003993918951364171,0.06737028471248936,0.014975026759824706,0,97,469.99448739546426,117677.52253333332,876.6861590681611,4594.122694052227,1200.0,lexicographic_flexible_discharge_reserve
99,2025-04-10,1200.0,48229.908122698616,482299.0812269863,46863.25827885866,1e-06,46863.25827985866,2.1891902790350464e-12,0.19041472515501848,0.04707460584032182,0,98,2.5759917568263783e-07,117668.70068333333,2975.494641455731,14551.815711495208,1200.0,lexicographic_flexible_discharge_reserve
100,2025-04-11,1200.0,15378.048115335336,153780.4811533534,14965.803579104371,1e-06,14965.803580104372,3.682284377040536e-12,0.06311142790549065,0.21288347202510136,0,99,2.654632333421821e-07,72091.99675,14215.367626339488,1855.6828330158623,1200.0,lexicographic_flexible_discharge_reserve
101,2025-04-12,1200.0,16688.23737661256,166882.37376612565,16157.432611633987,1e-06,16157.432612633987,4.211258985662947e-12,0.12197912307846895,0.17230179847748997,0,100,3.03030303030303e-07,71957.17576666665,10843.299403644432,3795.787988577942,1200.0,lexicographic_flexible_discharge_reserve
102,2025-04-13,1200.0,39221.28006034209,392212.8006034211,38288.94321687371,1e-06,38288.94321787371,4.146063883382824e-12,0.06589257102610604,0.022967047868205817,0,101,4.862630683199612e-07,117283.06219999999,1447.0779802785444,4229.733506333221,1200.0,lexicographic_flexible_discharge_reserve
103,2025-04-14,1200.0,46507.106691858266,465071.06691858254,44885.59959283951,1e-06,44885.59959383951,1.2659202174359608e-12,0.1805620427149884,0.055056954170175296,0,102,1.4925373134328358e-07,117901.37268333332,3599.2570329649297,13310.13566571784,1200.0,lexicographic_flexible_discharge_reserve
104,2025-04-15,1200.0,40751.87589013752,407518.75890137535,39586.610197392234,1e-06,39586.610198392234,2.2006320371776945e-12,0.1286932503667444,0.03837014493965153,0,103,2.5759917568263783e-07,117056.90516666666,2567.6332659057007,8389.19324727434,1200.0,lexicographic_flexible_discharge_reserve
105,2025-04-16,1200.0,40827.23758009235,408272.37580092344,39967.877794415675,1e-06,39967.877795415676,3.999044727648946e-12,0.08411282488895035,0.03066666221046378,0,104,4.715868898844612e-07,117924.88506666665,1905.7887119790764,5674.549776839361,1200.0,lexicographic_flexible_discharge_reserve
106,2025-04-17,1200.0,40137.165836791624,401371.6583679162,38958.6653605481,1e-06,38958.6653615481,4.013948085800765e-12,0.09041052229222431,0.03192159166833106,0,105,4.715868898844612e-07,117487.04263333333,2062.7317645828352,5877.432091949829,1200.0,lexicographic_flexible_discharge_reserve
107,2025-04-18,1200.0,16704.807645267916,167048.0764526792,16272.380281447626,1e-06,16272.380282447626,3.5761056397798977e-12,0.14695928075499906,0.19789904292362323,0,106,2.5565639780135496e-07,71490.16935,12890.362383606527,4619.183722861222,1200.0,lexicographic_flexible_discharge_reserve
108,2025-04-19,1200.0,14831.758511031989,148317.5851103199,14273.339611366642,536.7643950039333,14810.104006370575,0.002817578273294224,0.0736883211223287,0.17633689946283462,0,107,202.59913602235696,71905.41535,11483.188694611485,2071.911989030616,1200.0,lexicographic_flexible_discharge_reserve
109,2025-04-20,1200.0,46893.8813180264,468938.8131802639,38880.36645058714,1e-06,38880.36645158714,4.024802917819442e-12,0.0859177341931667,0.057876047874800045,0,108,4.716981132075471e-07,117197.81635000001,3775.8374995601766,5624.049588926236,1200.0,lexicographic_flexible_discharge_reserve
110,2025-04-21,1200.0,38284.278173324026,382842.78173324047,37123.16178322985,1e-06,37123.16178422985,4.032549642411281e-12,0.10645715700488728,0.05649939258869624,0,109,4.777830864787386e-07,118481.63788333331,3952.9646063836517,6735.232357771435,1200.0,lexicographic_flexible_discharge_reserve
111,2025-04-22,1200.0,39869.38425018529,398693.8425018531,38888.032370949186,1e-06,38888.032371949186,4.003854556339915e-12,0.08572387151509771,0.04257339629954799,0,110,4.716981132075471e-07,117811.00101666666,2795.2871067482365,5533.779535106929,1200.0,lexicographic_flexible_discharge_reserve
112,2025-04-23,1200.0,46333.36940597683,463333.69405976834,44934.71668990376,1e-06,44934.71669090376,1.258337340670931e-12,0.1855567415036566,0.06758701410062581,0,111,1.4852220406950838e-07,118030.51476666666,4503.3631699384805,13696.113927970993,1200.0,lexicographic_flexible_discharge_reserve
113,2025-04-24,1200.0,39330.32273918552,393303.22739185527,38562.4979365699,1e-06,38562.4979375699,4.054692292422869e-12,0.11497974687948849,0.08917103943279239,0,112,4.7641734159123383e-07,117497.77966666667,6278.325382481784,7458.029657963463,1200.0,lexicographic_flexible_discharge_reserve
114,2025-04-25,1200.0,13920.36750708726,139203.67507087265,13519.364978773043,1e-06,13519.364979773043,6.52526110794826e-12,0.06679038481724708,0.21332498355731858,0,113,4.682744088035589e-07,71763.3212,14882.183052213562,1821.2237055351984,1200.0,lexicographic_flexible_discharge_reserve
115,2025-04-26,1200.0,14835.978022319567,148359.78022319567,14385.110029149932,1e-06,14385.110030149932,6.626587532345492e-12,0.09706215617554333,0.2552244281121827,0,114,4.777830864787386e-07,72100.92436666667,18384.002057917623,2795.857593908555,1200.0,lexicographic_flexible_discharge_reserve
116,2025-04-27,1200.0,35044.221361970194,350442.21361970203,33876.36352976925,3424.9805387333954,37301.34406850265,0.006934902856640537,0.06416916749360956,0.03176381933688716,0,115,811.6091748362613,117032.52253333334,2174.520939056081,3693.9179502624866,1200.0,lexicographic_flexible_discharge_reserve
117,2025-04-28,1200.0,36802.90310370606,368029.0310370609,35611.7943197432,9180.610533752068,44792.404853495274,0.03061192522037979,0.04469618161473093,0.003651759838982667,0,116,3598.0430626948855,117537.3008,222.44816839267276,2658.7732827264117,1200.0,lexicographic_flexible_discharge_reserve
118,2025-04-29,1200.0,45140.076597177314,451400.7659717733,44028.50732508283,1e-06,44028.50732608283,2.0205126707880478e-12,0.19609165644749785,0.09533673996379124,0,117,2.369106846718787e-07,117252.75871666666,6656.367806055221,14232.085646020372,1200.0,lexicographic_flexible_discharge_reserve
119,2025-04-30,1200.0,37743.57180883066,377435.7180883066,36310.50377659954,1e-06,36310.50377759954,3.9744680336908735e-12,0.09165943744116123,0.054719313818449085,0,118,4.6772684752104773e-07,117682.88071666665,3798.9445193656115,5642.914695992231,1200.0,lexicographic_flexible_discharge_reserve
120,2025-05-01,1200.0,34280.19999866066,342801.99998660665,33351.13610803536,17992.350631096262,51343.48673913162,0.03631139428584211,0.022966345403018062,0.06445598015798143,0,119,4370.605864649413,120364.58391666666,4470.228812892283,1281.8617927994262,1200.0,lexicographic_flexible_discharge_reserve
121,2025-05-02,1200.0,46411.22102654292,464112.2102654291,44620.638099678166,1e-06,44620.63810067817,1.996410935816329e-12,0.4611935515693078,0.3459259865888418,0,120,1.4925373134328358e-07,74761.02673333333,20918.388857625687,33910.61878567293,1200.0,lexicographic_flexible_discharge_reserve
122,2025-05-03,1200.0,15241.924210058962,152419.24210058962,14869.704675196997,3282.678354564101,18152.3830297611,0.008917746055687908,0.06135759745479541,0.16246454960988804,0,121,667.8932467877862,74894.84928333333,10727.156908486377,1776.4152787356124,1200.0,lexicographic_flexible_discharge_reserve
123,2025-05-04,1200.0,41166.2221812179,411662.2218121791,39847.9878401241,216.14241632695177,40064.130256451055,0.0005561642815012821,0.10186195675306088,0.050081428039900996,0,122,67.11239069633102,120670.08423333333,3452.384120877925,6706.07177154015,1200.0,lexicographic_flexible_discharge_reserve
124,2025-05-05,1200.0,44375.183074875604,443751.83074875624,42656.71445443167,1e-06,42656.71445543167,4.4659508317227776e-12,0.12632380932953258,0.04285766010863999,0,123,5.38647993536224e-07,120612.16386666667,2808.726344389645,8958.935600353487,1200.0,lexicographic_flexible_discharge_reserve
125,2025-05-06,1200.0,40327.78657380484,403277.86573804833,38621.67850515918,3547.887118780618,42169.565623939794,0.009210054735414513,0.06680369214764294,0.05411094397376299,0,124,1114.5749447470632,121017.19009999999,3687.504328532391,4223.052816173557,1200.0,lexicographic_flexible_discharge_reserve
126,2025-05-07,1200.0,40078.82112085451,400788.2112085453,38867.33910490163,3393.9108433752917,42261.24994827692,0.00678523728105233,0.06768573284144547,0.03642918216967672,0,125,822.1008079114031,121160.21501666667,2407.6909527551065,4383.38570914308,1200.0,lexicographic_flexible_discharge_reserve
127,2025-05-08,1200.0,44468.159788464094,444681.59788464085,43012.227423745964,7325.3231567793755,50337.55058052534,0.011626307975878377,0.13523834726180495,0.04307987171620221,0,126,1400.3362143603267,120445.47738333332,2783.776721915762,9604.89608903907,1200.0,lexicographic_flexible_discharge_reserve
128,2025-05-09,1200.0,46021.31245034423,460213.1245034424,44294.96320204467,1e-06,44294.963203044674,2.00332013616703e-12,0.48772998675247276,0.3761175456358585,0,127,1.4875418371141687e-07,74253.82544999999,24731.3984370133,35664.756094192315,1200.0,lexicographic_flexible_discharge_reserve
129,2025-05-10,1200.0,18619.0843653569,186190.84365356906,17942.185524728775,1e-06,17942.185525728775,6.323440414629056e-12,0.1266352293859881,0.14582098981150146,0,128,4.720320981826764e-07,74647.98705,9117.740538301443,4141.62305867595,1200.0,lexicographic_flexible_discharge_reserve
130,2025-05-11,1200.0,38470.790309333475,384707.90309333475,36455.398922840475,5453.293589885101,41908.692512725574,0.014753227413730932,0.03077033992103756,0.01478011429730763,0,129,1781.3502715537593,120743.09041666667,964.5356464359606,1845.221758820991,1200.0,lexicographic_flexible_discharge_reserve
131,2025-05-12,1200.0,44486.109371438986,444861.09371438995,42757.96979684088,4476.491912669229,47234.46170951011,0.007164825702713051,0.1566575211430972,0.07053897282033231,0,130,862.9932510485894,120448.60361666666,4833.147607671559,11172.49615020673,1200.0,lexicographic_flexible_discharge_reserve
132,2025-05-13,1200.0,51696.07230011296,516960.7230011297,43899.22805922769,1e-06,43899.22806022769,1.952025095621149e-12,0.16273671031477838,0.039773023061406794,0,131,2.3476933912431036e-07,120269.6316,2670.3774266106775,11668.33599175375,1200.0,lexicographic_flexible_discharge_reserve
133,2025-05-14,1200.0,41170.56534978839,411705.653497884,39415.261212177305,1e-06,39415.261213177306,3.961979779855313e-12,0.08541132976174642,0.039450870181874306,0,132,4.777830864787386e-07,120592.00526666666,2666.005243293316,5574.02658246658,1200.0,lexicographic_flexible_discharge_reserve
134,2025-05-15,1200.0,41116.810715247564,411168.10715247574,40432.19533698357,1e-06,40432.19533798357,3.82844421946547e-12,0.11027842563857373,0.04438654294078275,0,133,4.5787545787545784e-07,119598.30981666666,2966.4969890564344,7421.30497202991,1200.0,lexicographic_flexible_discharge_reserve
135,2025-05-16,1200.0,18949.2911193658,189492.91119365793,18317.63543146849,1e-06,18317.63543246849,6.316143807889147e-12,0.16650241652830916,0.24932184247590292,0,134,4.716981132075471e-07,74681.34474999999,17942.655379502077,5554.583779401182,1200.0,lexicographic_flexible_discharge_reserve
136,2025-05-17,1200.0,15932.79699591656,159327.96995916567,15140.848940033798,599.0585756476958,15739.907515681494,0.002522055503886588,0.05494841494056257,0.14060799310410851,0,135,189.84654378186679,75274.53043333333,9115.015986629589,1569.4966350447403,1200.0,lexicographic_flexible_discharge_reserve
137,2025-05-18,1200.0,41015.626283592646,410156.26283592655,39683.067163329964,1e-06,39683.067164329965,4.294321863262341e-12,0.0780693729914461,0.04651901034981601,0,136,5.182689816014511e-07,120687.037,3117.279303909264,5148.223528385381,1200.0,lexicographic_flexible_discharge_reserve
138,2025-05-19,1200.0,40329.812083464974,403298.1208346501,38905.38513826387,451.90398266666665,39357.28912093053,0.0005580244961094686,0.1252152082555389,0.07163675709359968,0,137,67.00333380106018,120072.38798333332,5197.76046536837,8035.267892548733,1200.0,lexicographic_flexible_discharge_reserve
139,2025-05-20,1200.0,42481.31348335921,424813.13483359205,41122.56238291839,1e-06,41122.56238391839,4.037469679636956e-12,0.10320623078932643,0.035381863422508576,0,138,4.862630683199612e-07,120437.57771666667,2332.02508952036,7015.9732997850315,1200.0,lexicographic_flexible_discharge_reserve
140,2025-05-21,1200.0,39624.36501027753,396243.65010277537,38488.11854506721,2712.4408336146275,41200.55937868184,0.006450864012238803,0.09129470524840824,0.05894017398986945,0,139,775.9296068059292,120283.05128333332,4062.182489297661,5847.446092901942,1200.0,lexicographic_flexible_discharge_reserve
141,2025-05-22,1200.0,41497.616402673266,414976.1640267329,40148.810314054266,17.33336599999957,40166.143680054265,2.1465023535375433e-05,0.1182839939128774,0.05881177605304419,0,140,2.5700003994407195,119729.68001666665,4052.898816682816,7895.020324890667,1200.0,lexicographic_flexible_discharge_reserve
142,2025-05-23,1200.0,15385.54832138988,153855.48321389884,15000.451479999669,12.989343764982332,15013.440823764651,8.036634833342021e-05,0.07300426825292522,0.171623049537727,0,141,6.026140788569707,74983.38438333332,11766.89426424371,2083.7455416722014,1200.0,lexicographic_flexible_discharge_reserve
143,2025-05-24,1200.0,18443.98313568133,184439.83135681326,17707.337507876302,1e-06,17707.337508876302,1.9884136118741568e-12,0.14487798142593603,0.24140490935551884,0,142,1.4852220406950838e-07,74693.81781666665,17125.0992533313,4638.006354119062,1200.0,lexicographic_flexible_discharge_reserve
144,2025-05-25,1200.0,38158.30055855739,381583.0055855739,36741.14950717046,1740.9817970253434,38482.131304195806,0.0035330895923939604,0.10679278778985161,0.0454940048546773,0,143,425.10090730667525,120319.8776,3265.3261666976523,6590.314469823662,1200.0,lexicographic_flexible_discharge_reserve
145,2025-05-26,1200.0,38108.030977079805,381080.30977079814,36931.08431017844,3242.1070810803285,40173.19139125877,0.011362005834229125,0.05254162084371763,0.00903553920797672,0,144,1356.7140445975192,119407.96936666666,585.7571683728551,3173.9547556228263,1200.0,lexicographic_flexible_discharge_reserve
146,2025-05-27,1200.0,43670.874306561935,436708.7430656194,42182.98614743713,5716.770016252696,47899.756163689824,0.009032082294700264,0.1950214241282324,0.056888273517122605,0,145,1084.2728238428745,120046.82734999999,4019.5240250760457,13700.6262997017,1200.0,lexicographic_flexible_discharge_reserve
147,2025-05-28,1200.0,40895.69748627972,408956.9748627973,39446.74664754144,1e-06,39446.74664854144,4.321722802227002e-12,0.08669333888163938,0.04654120861210842,0,146,5.182689816014511e-07,119921.84721666666,3148.420756069516,5596.017650232756,1200.0,lexicographic_flexible_discharge_reserve
148,2025-05-29,1200.0,40071.34899394669,400713.4899394668,38664.98909836162,119.77769658333366,38784.76679494495,0.00014793702430822495,0.06791778779756916,0.026020907202732448,0,147,17.81743376233381,120439.31426666665,1725.9457177717713,4346.471942385513,1200.0,lexicographic_flexible_discharge_reserve
149,2025-05-30,1200.0,42723.04772444903,427230.4772444904,41447.88777818442,1e-06,41447.88777918442,1.99058807183379e-12,0.49648000400334774,0.35658929531881983,0,148,1.4852220406950838e-07,74612.22448333332,24253.774378362203,34535.81515021692,1200.0,lexicographic_flexible_discharge_reserve
150,2025-05-31,1200.0,17152.706498721083,171527.06498721082,16446.89641852326,1e-06,16446.896419523262,6.254844570114086e-12,0.1103681280312525,0.1699356993946723,0,149,4.6772684752104773e-07,74778.33258333334,11281.88681306803,3379.3927737246936,1200.0,lexicographic_flexible_discharge_reserve
151,2025-06-01,1200.0,40021.94469209235,400219.4469209236,38599.79737350431,40916.64178293608,79516.43915644039,0.0840091188934007,0.0057472238581874144,0.0010218967235497498,0,150,10774.048527747735,128248.56003333331,58.27236666666667,369.8914472005049,1200.0,lexicographic_flexible_discharge_reserve
152,2025-06-02,1200.0,43638.49792555333,436384.9792555334,42020.858541020716,27636.927217315315,69657.78575833603,0.048808885924529324,0.033697596354781506,0.019382738183334993,0,151,6251.468318771977,128080.53698333334,1152.1047152328447,2351.08777518734,1200.0,lexicographic_flexible_discharge_reserve
153,2025-06-03,1200.0,50495.78928311208,504957.8928311208,49279.34784292692,563.309290925494,49842.657133852415,0.0012691014431996282,0.0827892092901256,0.014466710027785434,0,152,162.54250320360535,128076.84056666667,866.3313166666667,6601.710884651073,1200.0,lexicographic_flexible_discharge_reserve
154,2025-06-04,1200.0,56445.911180481744,564459.1118048175,54008.9443460568,1e-06,54008.9443470568,3.662753740154208e-12,0.14016765853621937,0.007917860377427819,0,153,4.708097928436911e-07,128539.84358333334,466.3190833333332,12146.957956169897,1200.0,lexicographic_flexible_discharge_reserve
155,2025-06-05,1200.0,55539.3859241597,555393.8592415972,53730.16061249036,117.73579803799292,53847.89641052835,0.00013612747828978565,0.10844435908982601,0.014058267798338367,0,154,17.48638055174609,128455.92066666666,805.631566666667,9304.508698211037,1200.0,lexicographic_flexible_discharge_reserve
156,2025-06-06,1200.0,28308.16488746374,283081.6488746374,26331.215345935183,1e-06,26331.215346935183,5.876474429079883e-12,0.13376283147210472,0.11939063957756194,0,155,4.862630683199612e-07,82747.41500000001,6195.46916527121,6190.653702554267,1200.0,lexicographic_flexible_discharge_reserve
157,2025-06-07,1200.0,28867.51647595772,288675.1647595772,27232.600479554454,1e-06,27232.600480554454,5.2847640458718135e-12,0.15766003689534436,0.12196160647443326,0,156,4.394638540980004e-07,83156.75975,6345.692458564225,7560.5755790966405,1200.0,lexicographic_flexible_discharge_reserve
158,2025-06-08,1200.0,62232.97305192448,622329.7305192451,60617.37815964019,1e-06,60617.37816064019,1.1636180266343277e-12,0.24723459798457903,0.033652382292282956,0,157,1.4925373134328358e-07,128266.94665,2122.860366666666,23649.49884409183,1200.0,lexicographic_flexible_discharge_reserve
159,2025-06-09,1200.0,55729.45989766694,557294.5989766696,53920.50349218445,1e-06,53920.50349318445,3.5789849615800405e-12,0.10539837658614266,0.01365057548320669,0,158,4.5871559633027517e-07,128169.18798333332,781.3108257928166,8967.177083692592,1200.0,lexicographic_flexible_discharge_reserve
160,2025-06-10,1200.0,57638.74040699203,576387.4040699204,55070.658796837524,1e-06,55070.658797837525,2.147892940868671e-12,0.11550850449857512,0.014953725503723422,0,159,2.7367268746579093e-07,127414.49178333333,834.3587792553997,10042.85959342979,1200.0,lexicographic_flexible_discharge_reserve
161,2025-06-11,1200.0,60533.006573707695,605330.0657370769,57646.82689213256,1e-06,57646.82689313256,1.8135072149491711e-12,0.11203828359800867,0.0031725283877756514,0,160,2.3255813953488372e-07,128236.67731666667,165.45443333333333,10207.714277806785,1200.0,lexicographic_flexible_discharge_reserve
162,2025-06-12,1200.0,65146.714269517266,651467.1426951729,62255.19576207515,1e-06,62255.19576307515,3.597296655127368e-12,0.19322640627089915,0.010224719820683558,0,161,4.5945325063174823e-07,127721.81298333334,565.1143499999998,18625.36624669005,1200.0,lexicographic_flexible_discharge_reserve
163,2025-06-13,1200.0,35068.21844933751,350682.1844933753,32751.638925150342,1e-06,32751.638926150343,1.997638527112412e-12,0.2555561085792026,0.18966167456213626,0,162,1.6358580075249468e-07,81889.59039999999,10155.297182140373,14349.416331750192,1200.0,lexicographic_flexible_discharge_reserve
164,2025-06-14,1200.0,29929.197491722774,299291.97491722775,28585.79263834863,1e-06,28585.79263934863,1.80259293491852e-12,0.17786016709152705,0.21072782692344574,0,163,1.4826895989324632e-07,82253.15711666667,11813.362859219429,8842.571860795792,1200.0,lexicographic_flexible_discharge_reserve
165,2025-06-15,1200.0,54225.85715875648,542258.5715875652,52662.19787289123,1e-06,52662.19787389123,3.702528224801659e-12,0.10677802536503202,0.0008906044903444827,0,164,4.715868898844612e-07,127368.88451666664,50.5346,8968.164491189169,1200.0,lexicographic_flexible_discharge_reserve
166,2025-06-16,1200.0,62747.71531936111,627477.1531936111,59752.94531769809,1e-06,59752.94531869809,3.810282719975061e-12,0.16068751999654657,0.014418319536862893,0,165,4.862630683199612e-07,127618.63201666667,791.9201333333332,14950.462468596641,1200.0,lexicographic_flexible_discharge_reserve
167,2025-06-17,1200.0,61037.92325263909,610379.232526391,58340.87028625236,29.812151416138953,58370.682437668496,3.4735078597070745e-05,0.13509514606051506,0.00311417685460561,0,166,4.422183802361983,127311.75459999999,164.03846666666666,12410.7334391811,1200.0,lexicographic_flexible_discharge_reserve
168,2025-06-18,1200.0,64776.18042669144,647761.8042669146,61755.886006147804,1e-06,61755.886007147805,3.719450981853163e-12,0.20882264185317526,0.004963450072590669,0,167,4.720320981826764e-07,126909.07891666667,277.85734999999977,20055.338125768896,1200.0,lexicographic_flexible_discharge_reserve
169,2025-06-19,1200.0,54987.54236682345,549875.4236682344,53110.47469884837,555.1893838110108,53665.66408265938,0.0006473161416274276,0.12638203540212875,0.021746786989393866,0,168,82.43510662556113,127349.06689999998,1285.008133333333,10704.059082435231,1200.0,lexicographic_flexible_discharge_reserve
170,2025-06-20,1200.0,31236.831940142925,312368.3194014292,29518.831183577942,1e-06,29518.831184577943,1.962394904475584e-12,0.24188399840450928,0.225855359811834,0,169,1.592229918000159e-07,81137.07971666666,13265.95308561838,12358.09823817953,1200.0,lexicographic_flexible_discharge_reserve
171,2025-06-21,1200.0,20670.262628426102,206702.62628426106,19738.916528182428,2117.0247349543815,21855.94126313681,0.011450118288931645,0.07875979006870355,0.1792931211142249,0,170,932.1319716330124,81408.0648,11129.320069611771,2720.2206277185383,1200.0,lexicographic_flexible_discharge_reserve
172,2025-06-22,1200.0,55519.17383770206,555191.7383770207,52414.51788931583,1e-06,52414.51789031583,3.674807294096467e-12,0.13278181402540623,0.016178432721342426,0,171,4.650081376424087e-07,126539.46191666665,955.8561166666664,11166.991227581992,1200.0,lexicographic_flexible_discharge_reserve
173,2025-06-23,1200.0,59774.35636586619,597743.563658662,57490.64766735503,1e-06,57490.64766835503,3.614115577009889e-12,0.19412517447344682,0.01902113037299597,0,172,4.5787545787545784e-07,126690.87308333332,1134.2221499999998,17550.477582438747,1200.0,lexicographic_flexible_discharge_reserve
174,2025-06-24,1200.0,57578.38989548526,575783.8989548526,53646.70866954281,4106.641588005237,57753.350257548045,0.008096311309848158,0.059898397263283006,0.0055758730452580224,0,173,1029.1451647354143,127112.84501666666,283.49998333333326,5102.412162726948,1200.0,lexicographic_flexible_discharge_reserve
175,2025-06-25,1200.0,60112.517699137155,601125.1769913713,57400.105973509606,1e-06,57400.105974509606,2.0394136863123102e-12,0.16940966446519112,0.003578900893462882,0,174,2.5759917568263783e-07,126310.40843333333,199.9638833333334,15336.225449718433,1200.0,lexicographic_flexible_discharge_reserve
176,2025-06-26,1200.0,52829.42732612245,528294.2732612246,50695.64275617077,152.38214509529908,50848.024901266064,0.00017827615132184847,0.1114762205274183,0.004487866844405638,0,175,22.587132942279492,126697.44536666665,265.45759999999996,9060.603534594691,1200.0,lexicographic_flexible_discharge_reserve
177,2025-06-27,1200.0,22577.297928669093,225772.97928669097,21300.296869709535,1e-06,21300.296870709535,5.917427496445326e-12,0.09484317275060122,0.20441043131845243,0,176,4.708097928436911e-07,79563.255,12222.028612168986,3614.587155922824,1200.0,lexicographic_flexible_discharge_reserve
178,2025-06-28,1200.0,21865.988937180653,218659.88937180658,20303.53232546848,232.57921881771236,20536.111544286192,0.001342732528726364,0.07873914991040809,0.13765323382990063,0,177,108.3069176167897,80661.5728,8105.6620388919655,2786.6683484044206,1200.0,lexicographic_flexible_discharge_reserve
179,2025-06-29,1200.0,53682.156695473044,536821.5669547308,50839.782612425086,198.62430361545324,51038.40691604054,0.0007231898199032741,0.09156151163504479,0.014162473601485997,0,178,91.40020705431591,126384.80871666667,808.9185737914731,7514.06943304866,1200.0,lexicographic_flexible_discharge_reserve
180,2025-06-30,1200.0,58526.425294909044,585264.2529490908,55994.14823251555,1e-06,55994.14823351555,3.713670488222695e-12,0.14782637117195208,0.005653952023810627,0,179,4.6772684752104773e-07,125947.32058333333,317.01503532889643,12974.121465180906,1200.0,lexicographic_flexible_discharge_reserve
181,2025-07-01,1200.0,63327.79159922706,633277.9159922708,60270.12968876268,5829.311698612641,66099.44138737532,0.009502579422715185,0.12596245453451807,0.004423356071297182,0,180,1345.0601942962373,141546.85106666666,277.2573166666665,11891.998573254958,1200.0,lexicographic_flexible_discharge_reserve
182,2025-07-02,1200.0,60222.11634291623,602221.1634291626,57239.099630198776,7335.072067462417,64574.17169766119,0.010952511101991476,0.1425460627867166,0.02256906327804581,0,181,1546.4798717043416,141198.65821666666,1541.3291666666667,12896.906627615706,1200.0,lexicographic_flexible_discharge_reserve
183,2025-07-03,1200.0,56512.28917763912,565122.8917763914,54175.60106270644,5911.105084272722,60086.70614697916,0.009336074163218458,0.034411673571798425,0.005900139046247976,0,182,1321.6663676367677,141565.53863333334,364.6588,2965.2657415163985,1200.0,lexicographic_flexible_discharge_reserve
184,2025-07-04,1200.0,26606.081901029225,266060.8190102923,25848.501223265324,1643.7802233437283,27492.281446609053,0.0054743328082485524,0.061734543901428775,0.14592195868784308,0,183,524.4140713035521,95795.06574999998,9764.250877530707,2696.256819473759,1200.0,lexicographic_flexible_discharge_reserve
185,2025-07-05,1200.0,30983.565325941243,309835.65325941256,29257.473553690153,1e-06,29257.473554690154,2.2047100539162178e-12,0.11950488436760796,0.1689909934953504,0,184,2.113718030014796e-07,95872.83489999999,11336.381402589115,5826.5636832465925,1200.0,lexicographic_flexible_discharge_reserve
186,2025-07-06,1200.0,60596.48903565218,605964.8903565224,58411.2403571802,3821.5337926471875,62232.77414982738,0.006279596948826796,0.09579304320143389,0.007593921280910571,0,185,886.9590000104786,141244.57465,466.65096666666625,8874.45738765253,1200.0,lexicographic_flexible_discharge_reserve
187,2025-07-07,1200.0,61724.86495440327,617248.6495440325,60156.09632841764,1e-06,60156.09632941764,3.3766688262109667e-12,0.15972442695380817,0.014263317431400182,0,186,4.777830864787386e-07,141495.39415,971.1309666666663,14997.430890630148,1200.0,lexicographic_flexible_discharge_reserve
188,2025-07-08,1200.0,66295.74939019387,662957.493901939,63361.64666012349,1e-06,63361.646661123494,1.8095055175255862e-12,0.17803815270497172,0.025397232664483172,0,187,2.5565639780135496e-07,141285.227,1668.9496833333337,17697.384170685138,1200.0,lexicographic_flexible_discharge_reserve
189,2025-07-09,1200.0,59524.12553482733,595241.2553482733,58254.661851165925,1e-06,58254.661852165926,3.265019858622406e-12,0.12583306211625656,0.024693862027975515,0,188,4.590314436538903e-07,140590.70496666664,1642.9315333333332,11529.439667087787,1200.0,lexicographic_flexible_discharge_reserve
190,2025-07-10,1200.0,68567.45878720237,685674.5878720236,65777.32894579899,1e-06,65777.32894679898,3.2627337651488996e-12,0.212633064259901,0.03667961212748406,0,189,4.5829514207149406e-07,140463.54225,2479.9056,21613.10912429216,1200.0,lexicographic_flexible_discharge_reserve
191,2025-07-11,1200.0,33418.837355809475,334188.37355809496,32723.91616149525,1e-06,32723.91616249525,5.1325467812544275e-12,0.17089807200873292,0.08929942213005655,0,190,4.862630683199612e-07,94741.0884,5556.416438221517,9034.715417190142,1200.0,lexicographic_flexible_discharge_reserve
192,2025-07-12,1200.0,32826.03090960942,328260.3090960942,30768.414705529787,1e-06,30768.414706529788,4.9851066951416206e-12,0.13300488858334494,0.15069186696046577,0,191,4.751722499406035e-07,95318.37109999999,9679.560635736092,6689.734947154242,1200.0,lexicographic_flexible_discharge_reserve
193,2025-07-13,1200.0,64992.871663807964,649928.7166380794,62822.27706653301,14.292975589970558,62836.57004212298,1.519829034031101e-05,0.2074079020927649,0.048907996401704616,0,192,2.1261400004972333,139893.36648333335,3454.15884451173,20243.459384732007,1200.0,lexicographic_flexible_discharge_reserve
194,2025-07-14,1200.0,60494.42400379574,604944.2400379576,58312.49369785418,1e-06,58312.49369885418,1.6486186315226442e-12,0.15779147234401392,0.017622178608972274,0,193,2.3255813953488372e-07,141062.42346666666,1220.4194726921953,14477.816686173792,1200.0,lexicographic_flexible_discharge_reserve
195,2025-07-15,1200.0,64681.79231239164,646817.9231239165,61804.807999038916,1e-06,61804.808000038916,3.484628625081788e-12,0.17396024786518813,0.026921521486508174,0,194,4.862630683199612e-07,139545.16266666667,1798.252966666667,16636.32119864349,1200.0,lexicographic_flexible_discharge_reserve
196,2025-07-16,1200.0,57770.39452093366,577703.9452093367,54861.82190854518,1801.0590985486529,56662.881007093834,0.0035824000453960276,0.10489199918447337,0.03281912273646743,0,195,502.8445330812787,140365.26538333332,2239.2717833333336,9153.71954933776,1200.0,lexicographic_flexible_discharge_reserve
197,2025-07-17,1200.0,58847.610008315496,588476.1000831551,57165.34927424956,1e-06,57165.34927524956,3.379672956616247e-12,0.11728188833260225,0.029714257646729306,0,196,4.716981132075471e-07,139569.15928333334,1986.3607793000815,10500.251786546562,1200.0,lexicographic_flexible_discharge_reserve
198,2025-07-18,1200.0,33712.45283748698,337124.52837486984,32285.281018047048,1e-06,32285.281019047048,1.582412047863182e-12,0.19171544541675792,0.1560732641483905,0,197,1.4826895989324632e-07,93698.0732,9742.69014398523,10450.551077682343,1200.0,lexicographic_flexible_discharge_reserve
199,2025-07-19,1200.0,34946.29609620978,349462.9609620979,33143.20721151743,1e-06,33143.20721251743,4.9519037046768695e-12,0.20384075113424327,0.202411247604722,0,198,4.682744088035589e-07,94564.52240000002,13638.814640804776,11257.462614381928,1200.0,lexicographic_flexible_discharge_reserve
200,2025-07-20,1200.0,52838.82096937169,528388.209693717,51273.3868030242,1446.9328296184963,52720.3196326427,0.002232355640987443,0.06089942232453335,0.01394614671366847,0,199,309.7405479058152,138750.53876666666,929.6579574456805,4992.907100442646,1200.0,lexicographic_flexible_discharge_reserve
201,2025-07-21,1200.0,58290.05345620478,582900.5345620478,56668.6875219721,1e-06,56668.6875229721,3.890761502217134e-12,0.10138655955192229,0.02856159969354912,0,200,5.38647993536224e-07,138442.8198,1840.8827972130196,9035.49455555632,1200.0,lexicographic_flexible_discharge_reserve
202,2025-07-22,1200.0,63923.01369554582,639230.1369554586,61245.18269654254,1e-06,61245.18269754254,3.2573030291401117e-12,0.17864416135045713,0.008637001700980213,0,201,4.544421722335833e-07,139514.85881666664,567.6212833333334,17130.02312144699,1200.0,lexicographic_flexible_discharge_reserve
203,2025-07-23,1200.0,58625.84544635138,586258.4544635142,57099.55204340023,1e-06,57099.55204440023,3.281183853700281e-12,0.10534342536906219,0.028097558216568997,0,202,4.575611988103409e-07,139450.03365,1832.9016855401028,9467.314642294317,1200.0,lexicographic_flexible_discharge_reserve
204,2025-07-24,1200.0,59991.25203701654,599912.5203701656,58762.6463305515,1e-06,58762.6463315515,3.4209119079296802e-12,0.13749164535996244,0.015269267541906214,0,203,4.751722499406035e-07,138902.21751666663,996.8655149667874,12606.055831547488,1200.0,lexicographic_flexible_discharge_reserve
205,2025-07-25,1200.0,30878.607077502187,308786.07077502186,28793.043317520744,1e-06,28793.043318520744,1.729404710060601e-12,0.13884747950541118,0.18848278844074384,0,204,1.5971889474524835e-07,92354.83968333332,12411.501169074189,6713.749127701773,1200.0,lexicographic_flexible_discharge_reserve
206,2025-07-26,1200.0,27430.320764044525,274303.20764044527,26433.38272667639,110.67957615372376,26544.062302830116,0.0005494449965231466,0.08656374738165627,0.08805783416907668,0,205,51.201509971420386,93187.68993333331,5698.9796026270105,3820.3388793020563,1200.0,lexicographic_flexible_discharge_reserve
207,2025-07-27,1200.0,55836.4522510176,558364.5225101766,53976.98195257906,45.46776356302575,54022.44971614209,4.889554113766934e-05,0.0800057792067747,0.020729145242882555,0,206,6.752972783903312,138110.19628333332,1335.475316666667,6892.475560031243,1200.0,lexicographic_flexible_discharge_reserve
208,2025-07-28,1200.0,59148.49211314586,591484.9211314588,57447.51217383096,1e-06,57447.51217483096,3.749350624510296e-12,0.08871222586089031,0.005918936540523117,0,207,5.182689816014511e-07,138228.99843333333,356.75869841859907,8044.793140486222,1200.0,lexicographic_flexible_discharge_reserve
209,2025-07-29,1200.0,59680.287470009214,596802.8747000922,58122.291474181795,186.01541654721106,58308.30689072901,0.00019966654958555877,0.11564603900848616,0.004628388459519002,0,208,27.616827914250845,138314.74511666666,288.09634999999963,10558.912586511247,1200.0,lexicographic_flexible_discharge_reserve
210,2025-07-30,1200.0,58559.64325805325,585596.4325805327,57304.85771241475,1e-06,57304.85771341475,3.3161174012466916e-12,0.1101417101154575,0.028775944978290245,0,209,4.590314436538903e-07,138424.36443333334,1850.9007333333334,9932.964062706546,1200.0,lexicographic_flexible_discharge_reserve
211,2025-07-31,1200.0,57969.55576306331,579695.5576306334,56265.97482684099,19.13439493993985,56285.10922178093,2.0712072374351735e-05,0.10266966379034116,0.014422757856600748,0,210,2.8463216196228434,137423.31371666666,904.7153333333333,9145.04832497795,1200.0,lexicographic_flexible_discharge_reserve
212,2025-08-01,1200.0,30093.166840164322,300931.6684016433,29091.287812322287,1e-06,29091.287813322288,5.090973145751844e-12,0.17353281730308653,0.22367447347491018,0,211,4.720320981826764e-07,92719.4241,15985.581682396789,8422.854300875917,1200.0,lexicographic_flexible_discharge_reserve
213,2025-08-02,1200.0,25218.052426105405,252180.52426105418,24495.36801681341,243.2327626131793,24738.60077942659,0.0012493918665295778,0.07245054392293573,0.16728881076418556,0,212,114.3971232054982,91562.24421666667,11816.4818319763,3011.852683184805,1200.0,lexicographic_flexible_discharge_reserve
214,2025-08-03,1200.0,56655.372947994896,566553.7294799493,54653.5361559222,346.22033470455926,54999.75649062676,0.00037218626468491433,0.1599435175631786,0.07266122178858066,0,213,51.38496101328121,138062.48614999998,5465.795534679936,13817.675703561872,1200.0,lexicographic_flexible_discharge_reserve
215,2025-08-04,1200.0,60080.338067567405,600803.3806756743,58691.30013144084,28.82842725381937,58720.12855869466,3.0956522605179475e-05,0.19901826634958678,0.05637407758679225,0,214,4.281661865367676,138312.10695,4109.470233333333,18380.069406135255,1200.0,lexicographic_flexible_discharge_reserve
216,2025-08-05,1200.0,52273.7451907358,522737.451907358,50904.32002966653,1e-06,50904.32003066653,1.6162848412408415e-12,0.0995070424878237,0.04671657578371452,0,215,2.205558006175562e-07,136458.49728333333,3331.180914527336,8000.080160164975,1200.0,lexicographic_flexible_discharge_reserve
217,2025-08-06,1200.0,51159.34227167312,511593.4227167314,49776.626006699276,1205.4595068438316,50982.085513543105,0.002743618641831058,0.06628993348872571,0.029020089724768723,0,216,375.09680712629165,136716.08779999998,1990.827156507971,5233.131445131284,1200.0,lexicographic_flexible_discharge_reserve
218,2025-08-07,1200.0,60986.41967936035,609864.1967936036,60277.48210898656,1e-06,60277.48210998656,3.4721931332599507e-12,0.2154866677532225,0.07682414407795374,0,217,4.751722499406035e-07,136850.75446666667,5643.714366666664,20208.27195882615,1200.0,lexicographic_flexible_discharge_reserve
219,2025-08-08,1200.0,26458.292663643177,264582.92663643183,25621.90409046227,825.8415216572218,26447.745612119492,0.003273552278669169,0.09794176762270575,0.20839344912934013,0,218,296.9217198013362,90703.21611666666,15614.513706282614,4190.454263778258,1200.0,lexicographic_flexible_discharge_reserve
220,2025-08-09,1200.0,27456.921190717385,274569.2119071739,26724.829263770665,1e-06,26724.829264770666,5.261927879827797e-12,0.10639825361011618,0.19979974322903443,0,219,4.751722499406035e-07,90303.83174999998,14262.085840649905,4730.121847538243,1200.0,lexicographic_flexible_discharge_reserve
221,2025-08-10,1200.0,49931.501973941005,499315.01973941043,47778.51055687089,1e-06,47778.51055787089,3.4572128809645005e-12,0.05549056988934835,0.03093947021389213,0,220,4.720320981826764e-07,136535.44471666665,2203.8440090247764,4190.3923560147505,1200.0,lexicographic_flexible_discharge_reserve
222,2025-08-11,1200.0,52357.38571479313,523573.85714793135,50959.491523325254,276.0175890128402,51235.50911233809,0.0003001200232288435,0.0952952031478253,0.06346758677648884,0,221,40.94305289555341,136422.26351666666,4560.844899656857,7720.0614776195835,1200.0,lexicographic_flexible_discharge_reserve
223,2025-08-12,1200.0,54959.846087549464,549598.4608754948,52853.65404208754,1e-06,52853.65404308754,1.9428271555817123e-12,0.12150181982435482,0.018107564071501304,0,222,2.654632333421821e-07,136637.5967,1247.1956511590695,10121.435183356523,1200.0,lexicographic_flexible_discharge_reserve
224,2025-08-13,1200.0,53606.208110468826,536062.0811046883,52124.76775730924,200.47902574939405,52325.24678305863,0.00021778455370343415,0.11751196005638367,0.03316152507846049,0,223,29.73804462567003,136547.99718333333,2335.4673147651156,9665.082123528784,1200.0,lexicographic_flexible_discharge_reserve
225,2025-08-14,1200.0,51485.76090023194,514857.60900231934,50086.81582160834,444.4420146841867,50531.25783629253,0.0004762992715764014,0.08590679409058691,0.04208386963124174,0,224,64.7462441521127,135936.05536666664,2946.281797222151,6853.496600004615,1200.0,lexicographic_flexible_discharge_reserve
226,2025-08-15,1200.0,28584.41808842112,285844.1808842114,27590.57968884266,1e-06,27590.57968984266,5.198810101404028e-12,0.11975491789052876,0.21775535147551378,0,225,4.6772684752104773e-07,89968.05776666666,15854.403681845757,5483.357317512466,1200.0,lexicographic_flexible_discharge_reserve
227,2025-08-16,1200.0,26932.475857132587,269324.75857132586,26322.426144041136,1e-06,26322.426145041136,3.3601512588191003e-12,0.11141257749071277,0.20724834992228805,0,226,3.03030303030303e-07,90183.53034999999,15181.822433840633,4942.20392862134,1200.0,lexicographic_flexible_discharge_reserve
228,2025-08-17,1200.0,50257.98202605196,502579.8202605199,48616.74234963089,678.7522214456126,49295.4945710765,0.000744774381223182,0.07976740390454339,0.053576143260764535,0,227,100.81944997801634,135369.1165,3868.3970011580095,6135.341995860668,1200.0,lexicographic_flexible_discharge_reserve
229,2025-08-18,1200.0,52772.35050768107,527723.5050768107,50755.06987433953,1e-06,50755.06987533953,3.4264795444648473e-12,0.10918638732659265,0.04028847860357817,0,228,4.650081376424087e-07,135710.17471666663,2873.2155211418662,8755.00674671565,1200.0,lexicographic_flexible_discharge_reserve
230,2025-08-19,1200.0,53338.43307943623,533384.3307943622,51920.17192768425,428.07293314747074,52348.24486083172,0.00046860569171791795,0.11617661488645695,0.06054331833046172,0,229,63.43256713558267,135364.48288333332,4301.410411166416,9549.41648837429,1200.0,lexicographic_flexible_discharge_reserve
231,2025-08-20,1200.0,50994.36515906911,509943.6515906913,49481.79792759906,3285.2246266622924,52767.02255426135,0.007265466210057766,0.04677607994567522,0.021186741132309554,0,230,981.1870706492346,135048.05366666667,1364.3702510096728,3685.1729851954055,1200.0,lexicographic_flexible_discharge_reserve
232,2025-08-21,1200.0,53380.35799404721,533803.5799404723,51466.916914829606,1e-06,51466.916915829606,2.0531952656723615e-12,0.1143796591824622,0.026730675633888906,0,231,2.7712345850076205e-07,134971.7989,1847.8215833383608,9275.336984562924,1200.0,lexicographic_flexible_discharge_reserve
233,2025-08-22,1200.0,28272.81691237975,282728.1691237975,27138.86991440767,1e-06,27138.86991540767,5.057624060121333e-12,0.11496020248044055,0.16899274716202864,0,232,4.5787545787545784e-07,90531.7304,11711.393578908039,5248.566962567589,1200.0,lexicographic_flexible_discharge_reserve
234,2025-08-23,1200.0,27824.91145326002,278249.1145326003,26849.330386027952,1e-06,26849.330387027952,5.220616579990349e-12,0.10789690577565562,0.1424656215040675,0,233,4.682744088035589e-07,89697.14623333333,9569.008356622848,4841.775578858521,1200.0,lexicographic_flexible_discharge_reserve
235,2025-08-24,1200.0,48192.90115595047,481929.01155950496,46147.44083421174,3200.567366959202,49348.00820117094,0.0065032570995980955,0.04152768867477813,0.04202081851934594,0,234,878.3823942610724,135068.0714,2997.5333187918145,3017.1726193391137,1200.0,lexicographic_flexible_discharge_reserve
236,2025-08-25,1200.0,53701.46474631961,537014.6474631965,51947.894350316405,148.33260378196735,52096.22695409837,0.00016353709139757248,0.07154288314941637,0.017059117544183114,0,235,21.997638071868717,134511.61375,1087.3230196369911,5866.620113630312,1200.0,lexicographic_flexible_discharge_reserve
237,2025-08-26,1200.0,52859.44572632272,528594.4572632273,51123.72842602651,5.033777073256391,51128.762203099766,5.370177321167872e-06,0.10323794002959195,0.04595660795263122,0,236,0.7215851627836105,134368.96393333335,3163.659580443421,8391.284743261793,1200.0,lexicographic_flexible_discharge_reserve
238,2025-08-27,1200.0,56820.94082775144,568209.4082775145,55171.64529954425,25.631673038692664,55197.27697258294,2.8454434103638682e-05,0.12401647202044887,0.05002221006679078,0,237,3.8068727022968827,133788.3821,3295.17473278657,10713.722759564756,1200.0,lexicographic_flexible_discharge_reserve
239,2025-08-28,1200.0,54543.09806369466,545430.9806369465,52911.3489505295,48.17271953593441,52959.521670065435,5.317761148438928e-05,0.08410698953456497,0.021111705848061105,0,238,7.1547188050091375,134543.81656666665,1346.4206078269297,7029.20592061554,1200.0,lexicographic_flexible_discharge_reserve
240,2025-08-29,1200.0,29545.4501065463,295454.5010654631,27778.87907661361,1e-06,27778.879077613612,1.6784871239576745e-12,0.12294790908790554,0.165866096417012,0,239,1.4825796886582654e-07,88328.33254999999,10909.52936981215,5672.447804808871,1200.0,lexicographic_flexible_discharge_reserve
241,2025-08-30,1200.0,28030.608041215437,280306.08041215444,27219.343767677678,1e-06,27219.343768677678,5.323596551876084e-12,0.10972303431752867,0.24622060270010734,0,240,4.7393364928909956e-07,89025.08758333331,17361.59768521661,4973.714135884599,1200.0,lexicographic_flexible_discharge_reserve
242,2025-08-31,1200.0,49318.53506901313,493185.3506901314,47980.53880768675,914.9793824084009,48895.51819009516,0.001983083870292626,0.04988707584773709,0.013866548271524014,0,241,264.47469394125534,133365.35983333332,925.1585837589782,3732.32643918335,1200.0,lexicographic_flexible_discharge_reserve
243,2025-09-01,1200.0,54917.58130884105,549175.8130884107,53237.84298499882,1e-06,53237.84298599882,2.0688651284990926e-12,0.24693656246594758,0.07982897158077998,0,242,2.508780732563974e-07,121263.61926666666,5403.581953094907,20762.206572938718,1200.0,lexicographic_flexible_discharge_reserve
244,2025-09-02,1200.0,43521.768513595904,435217.6851359591,42304.161664980464,7585.53861754976,49889.700282530226,0.011702104973028753,0.13296829077242026,0.06010557330851651,0,243,1422.1898658719438,121532.82414999999,4055.627664202809,9333.494923327085,1200.0,lexicographic_flexible_discharge_reserve
245,2025-09-03,1200.0,51519.8472288704,515198.472288704,50001.09873042666,1e-06,50001.09873142666,2.495437938743031e-12,0.1921011942312573,0.058323073210207015,0,244,3.03030303030303e-07,121433.71643333332,3842.6739538971897,15154.412285798211,1200.0,lexicographic_flexible_discharge_reserve
246,2025-09-04,1200.0,46724.81910159248,467248.1910159249,44203.50083512739,1e-06,44203.50083612739,4.4493868681407135e-12,0.11513732517802691,0.07150695729344674,0,245,5.38647993536224e-07,121061.17303333333,4800.663017180319,8179.959309548374,1200.0,lexicographic_flexible_discharge_reserve
247,2025-09-05,1200.0,23848.884509747433,238488.84509747438,22919.276874650845,1e-06,22919.276875650845,3.976616136065006e-12,0.20463249751303417,0.2568671669914164,0,246,2.9877502240812665e-07,75132.98045,17546.267074688178,8114.9074476113,1200.0,lexicographic_flexible_discharge_reserve
248,2025-09-06,1200.0,19752.39395436671,197523.93954366713,18827.28073063633,2333.313569056216,21160.594299692544,0.011031925091004265,0.10185382321925639,0.2336529988220757,0,247,836.5108797291275,75826.37416666666,15913.00535318519,3418.044176310857,1200.0,lexicographic_flexible_discharge_reserve
249,2025-09-07,1200.0,50327.398918039835,503273.98918039846,48415.57113962693,1e-06,48415.57114062693,3.850010373022096e-12,0.1833919439748483,0.05141206847420152,0,248,4.650081376424087e-07,120781.00903333332,3383.9436536953513,14032.726211909261,1200.0,lexicographic_flexible_discharge_reserve
250,2025-09-08,1200.0,44671.33099955261,446713.30999552616,43031.9953266534,3825.1506429197716,46857.14596957317,0.006934699111599299,0.09279046389556324,0.026104607495370975,0,249,841.8765804950652,121400.59243333332,1618.616785545989,6592.621755532425,1200.0,lexicographic_flexible_discharge_reserve
251,2025-09-09,1200.0,46049.730460539206,460497.3046053922,44280.943864028915,7437.722069594918,51718.66593362384,0.01128251556148362,0.15413944631781928,0.08658999197675799,0,250,1366.112207188184,121082.23558333333,5886.335814594978,11277.121317523295,1200.0,lexicographic_flexible_discharge_reserve
252,2025-09-10,1200.0,44312.297175582025,443122.97175582027,42998.429221111735,2925.6954075623344,45924.12462867407,0.00753877302663653,0.065585262679768,0.009667824331082686,0,251,914.2631042292038,121274.78848333332,579.6710472129731,4562.253650828707,1200.0,lexicographic_flexible_discharge_reserve
253,2025-09-11,1200.0,46479.36943328764,464793.69433287624,45022.03789173954,4173.901518153485,49195.93940989303,0.00643044598809863,0.1515210953215289,0.08438514423378898,0,252,776.4556364165919,120746.77835,5674.9593920603675,11186.972930729282,1200.0,lexicographic_flexible_discharge_reserve
254,2025-09-12,1200.0,19812.6529619176,198126.52961917603,19008.692431373212,1e-06,19008.692432373213,6.23220233026184e-12,0.04798129254056312,0.19871467491845465,0,253,4.716981132075471e-07,75687.22711666666,12744.67912541491,1617.4137461260198,1200.0,lexicographic_flexible_discharge_reserve
255,2025-09-13,1200.0,20829.205101726126,208292.05101726134,20126.459741835228,1e-06,20126.459742835228,6.330263360890631e-12,0.102593350334843,0.2532607252105218,0,254,4.751722499406035e-07,75063.58311666666,16982.773168524032,3680.0260951308983,1200.0,lexicographic_flexible_discharge_reserve
256,2025-09-14,1200.0,42699.04496470507,426990.44964705064,41346.35601331749,7256.479403589397,48602.83541690689,0.0153287379354598,0.0596377205251988,0.017036507761389395,0,255,1858.4208647733635,121237.69566666667,1041.5843306404952,4016.858301571876,1200.0,lexicographic_flexible_discharge_reserve
257,2025-09-15,1200.0,45703.08070951025,457030.80709510273,43806.22554422456,3229.864074940013,47036.08961916457,0.004439569666848088,0.12015363278327955,0.07449951421344124,0,256,536.1225656377153,120760.02988333334,4894.09653134896,8686.93934510971,1200.0,lexicographic_flexible_discharge_reserve
258,2025-09-16,1200.0,45094.79253918385,450947.9253918389,43499.83074221621,1e-06,43499.83074321621,3.8896962390317924e-12,0.059432059776103704,0.024380406709932904,0,257,4.7393364928909956e-07,121843.35746666667,1520.1570618536282,4121.170525397279,1200.0,lexicographic_flexible_discharge_reserve
259,2025-09-17,1200.0,48274.94702436595,482749.4702436597,46621.302529666005,1e-06,46621.302530666006,3.951076257592487e-12,0.1107520860305885,0.03593546766711583,0,258,4.777830864787386e-07,120924.79499999998,2190.7941647954726,8271.990260299022,1200.0,lexicographic_flexible_discharge_reserve
260,2025-09-18,1200.0,44654.63433537173,446546.3433537174,43006.711104804286,1e-06,43006.71110580429,3.904652650873595e-12,0.0702641549147093,0.013765885534491948,0,259,4.716981132075471e-07,120804.11636666665,851.3933867612891,4827.403505761315,1200.0,lexicographic_flexible_discharge_reserve
261,2025-09-19,1200.0,22539.35210071669,225393.52100716703,21840.98476927662,1e-06,21840.98477027662,6.346145867185897e-12,0.12972433681432835,0.16552302581923442,0,260,4.777830864787386e-07,75287.12646666667,9796.608422761825,4959.322326551147,1200.0,lexicographic_flexible_discharge_reserve
262,2025-09-20,1200.0,23219.514488137,232195.14488137004,22183.491450460126,1e-06,22183.491451460126,6.2162469886504945e-12,0.13854991262963198,0.17914236838309472,0,261,4.682744088035589e-07,75330.72763333333,10692.164906887076,5348.625914491021,1200.0,lexicographic_flexible_discharge_reserve
263,2025-09-21,1200.0,49150.90935759415,491509.0935759415,47454.340263325605,1e-06,47454.340264325605,1.765847782618103e-12,0.14356528882946054,0.04803849804800915,0,262,2.1342439440828086e-07,120862.28298333334,3005.9991914813218,10992.086630431677,1200.0,lexicographic_flexible_discharge_reserve
264,2025-09-22,1200.0,47874.887014385546,478748.8701438555,46156.58424667374,17.076503032039774,46173.66074970578,2.0898128918803193e-05,0.0815233651853849,0.04398484169466796,0,263,2.5332302634280652,121218.04173333332,2665.6583071324476,5989.345376926255,1200.0,lexicographic_flexible_discharge_reserve
265,2025-09-23,1200.0,48252.4342198239,482524.34219823906,46757.69596046545,1e-06,46757.69596146545,2.500615599047558e-12,0.09255916232226817,0.026084575585362153,0,264,3.03030303030303e-07,121182.28133333333,1540.7028227556116,6921.656847949791,1200.0,lexicographic_flexible_discharge_reserve
266,2025-09-24,1200.0,51824.81488304358,518248.14883043594,50332.71421520826,1e-06,50332.71421620826,3.869582530631204e-12,0.13904609955491767,0.050389641734690564,0,265,4.682744088035589e-07,121014.19341666665,3020.9078151246185,11047.999402525467,1200.0,lexicographic_flexible_discharge_reserve
267,2025-09-25,1200.0,49847.40326697752,498474.03266977536,48174.61090677439,127.65209055900482,48302.2629973334,0.00027095085507818545,0.11594045507161452,0.054195288821292105,0,266,32.66213583684428,120546.34714999999,3263.1470208481815,8905.508307895663,1200.0,lexicographic_flexible_discharge_reserve
268,2025-09-26,1200.0,22979.90146436841,229799.01464368418,22104.28529361579,1e-06,22104.28529461579,6.311456133061079e-12,0.14779413202319505,0.17706115557137514,0,267,4.682744088035589e-07,74194.35371666666,10003.974804873058,5716.486841318167,1200.0,lexicographic_flexible_discharge_reserve
269,2025-09-27,1200.0,23784.403372239463,237844.03372239464,22811.56140952069,1e-06,22811.56141052069,6.240421795293687e-12,0.12636845598862498,0.17747222595616827,0,268,4.7393364928909956e-07,75945.77175,10319.028429205533,5039.811058943699,1200.0,lexicographic_flexible_discharge_reserve
270,2025-09-28,1200.0,46609.96646753127,466099.664675313,44865.51849809284,1459.5614184134602,46325.0799165063,0.0038795246055580925,0.05381411861554603,0.020366339852268666,0,269,467.05449142732004,120389.61958333333,1158.8852750963679,3880.7328348536566,1200.0,lexicographic_flexible_discharge_reserve
271,2025-09-29,1200.0,50750.4249410065,507504.24941006507,49108.33247613407,1e-06,49108.33247713407,3.8664762489716935e-12,0.1171475344675866,0.031160277440536177,0,270,4.682744088035589e-07,121111.4148,1818.2496519898832,9127.355494208885,1200.0,lexicographic_flexible_discharge_reserve
272,2025-09-30,1200.0,51093.26656136749,510932.6656136751,49562.46162649655,196.07294034490167,49758.53456684145,0.00023999957889461835,0.09321567904610713,0.019404977590379242,0,271,29.019898297430036,120916.45506666665,1076.8652656157242,7286.317828456059,1200.0,lexicographic_flexible_discharge_reserve
273,2025-10-01,1200.0,51557.91602728027,515579.1602728026,49962.71364256404,1e-06,49962.71364356404,3.909752463289653e-12,0.2233689748565069,0.10774452133462299,0,272,4.5829514207149406e-07,117218.45471666666,7278.889428673359,17643.459083393573,1200.0,lexicographic_flexible_discharge_reserve
274,2025-10-02,1200.0,46377.662899293005,463776.62899293,45214.4560378587,1e-06,45214.4560388587,3.905730443765595e-12,0.1576929539833,0.07714580862705794,0,273,4.5787545787545784e-07,117231.70978333332,5053.121953521621,11410.373861146505,1200.0,lexicographic_flexible_discharge_reserve
275,2025-10-03,1200.0,23694.464923659147,236944.64923659153,22521.984842095953,1e-06,22521.984843095954,4.898837979351413e-12,0.21369561273161874,0.30023141860809077,0,274,3.5038542396636297e-07,71524.19113333334,19126.854223928407,8502.8191843702,1200.0,lexicographic_flexible_discharge_reserve
276,2025-10-04,1200.0,19716.789795001114,197167.89795001122,19036.524134187093,1e-06,19036.524135187094,7.1586669606167885e-12,0.08605445283884594,0.19251195184753006,0,275,5.182689816014511e-07,72397.41483333333,11416.234498678357,2987.4970399248655,1200.0,lexicographic_flexible_discharge_reserve
277,2025-10-05,1200.0,46993.48206006198,469934.8206006199,45571.98508938393,1e-06,45571.98509038393,4.0626286224818155e-12,0.14142887807334475,0.06470695676422056,0,276,4.777830864787386e-07,117604.4209,4068.0267122686364,10391.40318656907,1200.0,lexicographic_flexible_discharge_reserve
278,2025-10-06,1200.0,43509.876707173986,435098.7670717402,41887.79611418523,1e-06,41887.79611518523,4.395979364542707e-12,0.057310707157333135,0.03410173327888183,0,277,5.182689816014511e-07,117896.13613333332,2051.6634960256306,3884.4353148552436,1200.0,lexicographic_flexible_discharge_reserve
279,2025-10-07,1200.0,52340.29858098294,523402.9858098294,50718.58503772364,1e-06,50718.58503872364,3.931255167915149e-12,0.1750125287658842,0.060101462635401795,0,278,4.6136101499423295e-07,117357.17863333333,3581.1826515941966,13961.781855312276,1200.0,lexicographic_flexible_discharge_reserve
280,2025-10-08,1200.0,40207.89640060927,402078.96400609263,38262.36984693573,2858.771306999104,41121.141153934834,0.009018481360851361,0.03204892057546583,0.02309862093082964,0,279,1058.689107734015,117391.06235,1406.9962877421995,2015.745103827885,1200.0,lexicographic_flexible_discharge_reserve
281,2025-10-09,1200.0,44611.85859366019,446118.5859366018,43178.024033745765,1e-06,43178.024034745766,4.586854126420396e-12,0.09571357133125687,0.07403360030330115,0,280,5.38647993536224e-07,117432.98973333332,4565.874827475975,6821.237543608828,1200.0,lexicographic_flexible_discharge_reserve
282,2025-10-10,1200.0,20336.592275491912,203365.92275491916,19553.416270977043,1e-06,19553.416271977043,6.582938633786302e-12,0.11586611451483934,0.25457677077651086,0,281,4.7641734159123383e-07,72371.53011666666,16045.444138698846,4201.20060853323,1200.0,lexicographic_flexible_discharge_reserve
283,2025-10-11,1200.0,20413.33456579151,204133.34565791517,19489.03915810029,1e-06,19489.03915910029,2.2625403161637287e-12,0.1330525872596944,0.2067696671006999,0,282,1.6242995208316412e-07,71790.96475000001,11927.436118551666,4855.333332355231,1200.0,lexicographic_flexible_discharge_reserve
284,2025-10-12,1200.0,49158.677493875126,491586.7749387512,41070.985942482206,2351.8848380976865,43422.87078057989,0.0044710334464030796,0.052284283940498534,0.022302478324999927,0,283,526.2825936391929,117709.38418333331,1320.1824518912642,3500.411006598292,1200.0,lexicographic_flexible_discharge_reserve
285,2025-10-13,1200.0,46096.67889778245,460966.7889778247,44366.76752080415,1e-06,44366.76752180415,2.189021860898831e-12,0.11052528661708007,0.04702633911247906,0,284,2.5759917568263783e-07,117677.75383333332,2852.164327681971,7949.329826186792,1200.0,lexicographic_flexible_discharge_reserve
286,2025-10-14,1200.0,47856.21355384421,478562.13553844247,46368.8764247918,1e-06,46368.8764257918,3.99635011954983e-12,0.10456143217935884,0.031751500630581325,0,285,4.716981132075471e-07,118032.22918333333,1818.0401205309277,7812.94572380927,1200.0,lexicographic_flexible_discharge_reserve
287,2025-10-15,1200.0,44954.093555879204,449540.93555879215,43295.64921478778,1e-06,43295.64921578778,4.143964446148758e-12,0.05426847827152021,0.006666951887485243,0,286,4.862630683199612e-07,117342.48076666666,369.4988550830307,3808.207993892146,1200.0,lexicographic_flexible_discharge_reserve
288,2025-10-16,1200.0,51091.77727061375,510917.77270613785,48499.730003307115,1e-06,48499.730004307115,2.57387131716564e-12,0.09778190184977466,0.03846306139770334,0,287,3.03030303030303e-07,117733.27633333334,2106.498921089097,7529.895689184425,1200.0,lexicographic_flexible_discharge_reserve
289,2025-10-17,1200.0,20430.923658897063,204309.2365889707,19418.71904818882,1e-06,19418.71904918882,4.152930874291034e-12,0.11876409889421877,0.16513964604183604,0,288,2.9877502240812665e-07,71943.17253333333,9237.74223694408,4306.705065050787,1200.0,lexicographic_flexible_discharge_reserve
290,2025-10-18,1200.0,20904.12083362496,209041.20833624958,19970.857721404962,1e-06,19970.857722404962,6.6139473307991575e-12,0.12244357176878136,0.18205941145106327,0,289,4.7393364928909956e-07,71656.70145,10118.881784244091,4578.386799049509,1200.0,lexicographic_flexible_discharge_reserve
291,2025-10-19,1200.0,47417.72273673171,474177.2273673172,45875.48173829406,880.3812266326408,46755.8629649267,0.002038435012167525,0.07244503682039845,0.02161705242223815,0,290,240.51748979550655,117991.24738333334,1169.6019670151588,5398.480403528538,1200.0,lexicographic_flexible_discharge_reserve
292,2025-10-20,1200.0,49226.70457601473,492267.04576014733,47118.67199112369,1e-06,47118.67199212369,3.971681324710184e-12,0.07716959098591936,0.018178603330053087,0,291,4.682744088035589e-07,117903.31864999999,971.8742401132872,5835.23006407655,1200.0,lexicographic_flexible_discharge_reserve
293,2025-10-21,1200.0,51725.086985444184,517250.8698544418,49772.25211027331,1e-06,49772.25211127331,3.947409052274308e-12,0.10177826056261015,0.015251415600101214,0,292,4.650081376424087e-07,117800.84898333333,782.9812558651913,8119.454461737014,1200.0,lexicographic_flexible_discharge_reserve
294,2025-10-22,1200.0,52350.73817946362,523507.38179463625,50639.82222567289,1e-06,50639.82222667289,1.7135193778601472e-12,0.11347640368838545,0.03421445772143218,0,293,2.0163322915616492e-07,117671.98653333331,1783.1579666666662,9190.433274234885,1200.0,lexicographic_flexible_discharge_reserve
295,2025-10-23,1200.0,53231.60516579829,532316.0516579831,51307.420404617675,1e-06,51307.420405617675,4.421636973964987e-12,0.13472268752209157,0.0423875894694746,0,294,5.182689816014511e-07,117212.01551666667,2281.8306935794367,10938.1382012211,1200.0,lexicographic_flexible_discharge_reserve
296,2025-10-24,1200.0,20789.360684972784,207893.60684972783,19994.82945915625,1e-06,19994.829460156252,6.543684827947187e-12,0.09462165824555427,0.1808518258970861,0,295,4.720320981826764e-07,72135.51853333332,9714.54043356033,3503.330321697552,1200.0,lexicographic_flexible_discharge_reserve
297,2025-10-25,1200.0,21990.521352362943,219905.21352362938,20881.39904650962,1e-06,20881.39904750962,4.863573975370539e-12,0.130125696507096,0.16036093561134585,0,296,3.5038542396636297e-07,72042.787,8442.097904857812,4984.521232305491,1200.0,lexicographic_flexible_discharge_reserve
298,2025-10-26,1200.0,48701.24704184296,487012.47041842976,46650.35355108003,1e-06,46650.35355208003,4.017106929849396e-12,0.06786237510002728,0.01794781265743779,0,297,4.716981132075471e-07,117422.34435,949.0450180126045,5091.586625501857,1200.0,lexicographic_flexible_discharge_reserve
299,2025-10-27,1200.0,54640.49880019674,546404.9880019672,52923.246719164,1e-06,52923.246720164,2.107919145846399e-12,0.16026975894754955,0.04015988023935771,0,298,2.482929857231533e-07,117790.56431666666,2178.1908876483612,13392.767455583831,1200.0,lexicographic_flexible_discharge_reserve
300,2025-10-28,1200.0,54109.33323357826,541093.3323357828,52404.85272346108,1e-06,52404.85272446108,2.258989620304688e-12,0.13558715911303432,0.02614252717339435,0,299,2.654632333421821e-07,117514.14480000001,1347.430896705317,11275.014712312313,1200.0,lexicographic_flexible_discharge_reserve
301,2025-10-29,1200.0,53459.2146963445,534592.1469634449,51816.75469453359,1e-06,51816.75469553359,4.40249637867544e-12,0.09560597423526053,0.00905084376882587,0,300,5.182689816014511e-07,117721.61451666665,438.1455336427551,7845.900373990863,1200.0,lexicographic_flexible_discharge_reserve
302,2025-10-30,1200.0,50551.51371086719,505515.13710867194,48961.753951344814,17.05834833333289,48978.812299678146,3.114912937848763e-05,0.09366501810133927,0.03486420995720326,0,301,3.641833808505489,116916.07056666666,1817.4103543888598,7350.941066377261,1200.0,lexicographic_flexible_discharge_reserve
303,2025-10-31,1200.0,22570.65104763892,225706.51047638932,21542.52379531315,1e-06,21542.52379631315,6.777281113940879e-12,0.12036343595082033,0.10045773806893808,0,302,4.862630683199612e-07,71748.98903333332,4806.370035865116,4719.652231760454,1200.0,lexicographic_flexible_discharge_reserve
304,2025-11-01,1200.0,23519.04543361856,235190.45433618574,22488.20253699267,1e-06,22488.20253799267,2.2191128723995722e-12,0.13239867971952957,0.1646226752565414,0,303,1.5971889474524835e-07,71974.20948333332,8137.326996639444,5318.606000127078,1200.0,lexicographic_flexible_discharge_reserve
305,2025-11-02,1200.0,49410.315194476134,494103.1519447613,47931.17050824801,1304.6526021341094,49235.82311038212,0.0018634062283249138,0.048642144596049694,0.00954684132508776,0,304,219.58982051844131,117843.23631666665,468.24251719868573,3757.1670374110236,1200.0,lexicographic_flexible_discharge_reserve
306,2025-11-03,1200.0,52892.13591095477,528921.3591095479,51396.47377414031,1e-06,51396.47377514031,4.0039254505831156e-12,0.08312996005727354,0.011556091071973501,0,305,4.716981132075471e-07,117808.91503333332,558.2052469102192,6767.624210216414,1200.0,lexicographic_flexible_discharge_reserve
307,2025-11-04,1200.0,54251.846914629845,542518.4691462987,53021.67802574093,30.93717857382153,53052.615204314745,5.6261107741398555e-05,0.13211138638779601,0.01963000626269256,0,306,6.604863364943092,117396.61073333332,977.8989666666663,11126.098099782197,1200.0,lexicographic_flexible_discharge_reserve
308,2025-11-05,1200.0,56343.52867922436,563435.2867922437,54427.04000605973,1e-06,54427.04000705973,4.045512147796077e-12,0.12389847625307601,0.020075910235432096,0,307,4.7641734159123383e-07,117764.40761666666,965.3779999999996,10640.755190435371,1200.0,lexicographic_flexible_discharge_reserve
309,2025-11-06,1200.0,55311.47936559399,553114.7936559397,52996.005803248896,1e-06,52996.005804248896,4.047275667153878e-12,0.0888693925612132,0.0029019770239469985,0,308,4.7641734159123383e-07,117713.09413333333,134.48780001990087,7417.4708421922505,1200.0,lexicographic_flexible_discharge_reserve
310,2025-11-07,1200.0,23030.62990948993,230306.29909489927,22005.215070735678,1e-06,22005.215071735678,6.5630527347227245e-12,0.13654496789628362,0.16446372506702742,0,309,4.7393364928909956e-07,72212.37866666666,8041.275703750623,5553.826822282935,1200.0,lexicographic_flexible_discharge_reserve
311,2025-11-08,1200.0,22555.07589237294,225550.75892372945,21270.333440886905,1e-06,21270.333441886905,2.2306043693102013e-12,0.12846871888929454,0.1434700205858607,0,310,1.606812886639351e-07,72034.86681666666,6921.518852687424,5070.617671828675,1200.0,lexicographic_flexible_discharge_reserve
312,2025-11-09,1200.0,52300.425392703946,523004.2539270395,50655.836099619075,1e-06,50655.836100619075,4.053211145106647e-12,0.05244793809989405,0.013359812607789144,0,311,4.777830864787386e-07,117877.67016666666,621.6434763379198,4230.283467918658,1200.0,lexicographic_flexible_discharge_reserve
313,2025-11-10,1200.0,64592.475038111195,645924.7503811121,56446.99477851341,1e-06,56446.994779513414,2.175299376240263e-12,0.11020314814210072,0.006460529121974127,0,312,2.5759917568263783e-07,118420.10276666665,287.89189999999985,9760.451704909976,1200.0,lexicographic_flexible_discharge_reserve
314,2025-11-11,1200.0,55323.12727804777,553231.2727804777,53706.1216579266,1e-06,53706.1216589266,4.0178214436607265e-12,0.09713032483752826,0.007674919752236787,0,313,4.7393364928909956e-07,117957.86744999999,356.10743333333306,8225.304928864727,1200.0,lexicographic_flexible_discharge_reserve
315,2025-11-12,1200.0,55930.60777679805,559306.0777679809,54744.092562028556,1e-06,54744.09256302856,3.90315081311183e-12,0.1232048532460025,0.006393367941213106,0,314,4.5829514207149406e-07,117416.71383333333,297.0405166666669,10653.039146319446,1200.0,lexicographic_flexible_discharge_reserve
316,2025-11-13,1200.0,57995.58457927813,579955.8457927813,56838.89900776239,1e-06,56838.89900876239,4.1285670356795475e-12,0.12317314890680033,0.00464666850913461,0,315,4.862630683199612e-07,117780.10726666667,210.88549999999987,10849.405041878405,1200.0,lexicographic_flexible_discharge_reserve
317,2025-11-14,1200.0,23818.80943571253,238188.09435712526,22557.943305178713,1e-06,22557.943306178713,4.2241316260555614e-12,0.13637951152743186,0.10403539230634046,0,316,3.03030303030303e-07,71737.89309999999,4592.063727704313,5703.071154668291,1200.0,lexicographic_flexible_discharge_reserve
318,2025-11-15,1200.0,22701.29723785442,227012.97237854433,21491.8012310236,1e-06,21491.8012320236,6.496887458611488e-12,0.10249996931039325,0.08789725907069143,0,317,4.708097928436911e-07,72466.97681666666,3889.9011021370397,4096.373226948655,1200.0,lexicographic_flexible_discharge_reserve
319,2025-11-16,1200.0,53213.38183082656,532133.8183082659,51641.21329610824,294.8216825489405,51936.03497865718,0.0008086276680808283,0.03559844550121504,0.006757680960358834,0,318,95.709389312197,118360.27023333333,296.83604124648684,2920.3908305984783,1200.0,lexicographic_flexible_discharge_reserve
320,2025-11-17,1200.0,57935.139972790654,579351.3997279068,56306.411345371656,1e-06,56306.41134637166,4.4194615875557385e-12,0.12379102162149407,0.004548339809903618,0,319,5.182689816014511e-07,117269.71065,202.73749999999984,10965.619823308916,1200.0,lexicographic_flexible_discharge_reserve
321,2025-11-18,1200.0,56210.05774370588,562100.5774370591,55032.989761845034,1e-06,55032.989762845034,4.007618645750882e-12,0.07998355148555715,0.0011882911736209158,0,320,4.720320981826764e-07,117783.6865,50.969533333333324,6914.649266812248,1200.0,lexicographic_flexible_discharge_reserve
322,2025-11-19,1200.0,58162.90577410765,581629.0577410768,56337.81344679443,1e-06,56337.81344779443,3.871741031526485e-12,0.08832512525397367,0.005422706465631613,0,321,4.575611988103409e-07,118179.70134999999,232.15359999999995,7781.4669869466525,1200.0,lexicographic_flexible_discharge_reserve
323,2025-11-20,1200.0,57518.728731313546,575187.2873131355,56054.47787094588,1e-06,56054.47787194588,4.021619829866601e-12,0.09623148400040736,0.0015691713740089111,0,322,4.7393364928909956e-07,117846.45723333332,67.55813333333342,8473.41105839433,1200.0,lexicographic_flexible_discharge_reserve
324,2025-11-21,1200.0,25926.110168979427,259261.1016897943,24278.252853875874,1e-06,24278.252854875875,6.635952044495501e-12,0.1425388707123969,0.13340198957151847,0,323,4.777830864787386e-07,71999.1771,5754.267210402341,6412.152467518399,1200.0,lexicographic_flexible_discharge_reserve
325,2025-11-22,1200.0,24547.449098090845,245474.49098090854,23336.22222896805,1e-06,23336.22222996805,3.235970088630678e-12,0.12107141963321272,0.0994409545397727,0,324,2.3476933912431036e-07,72549.91013333332,4209.343625581562,5276.985338816207,1200.0,lexicographic_flexible_discharge_reserve
326,2025-11-23,1200.0,56100.47992904128,561004.799290413,54356.833027008135,1e-06,54356.833028008135,4.5732355363517835e-12,0.06238312109584886,0.012879890119349384,0,325,5.38647993536224e-07,117782.69219999999,548.0469999195033,5347.477364769716,1200.0,lexicographic_flexible_discharge_reserve
327,2025-11-24,1200.0,58471.704075057896,584717.0407505791,56460.12242804754,20.211820867600288,56480.33424891515,3.65759876229794e-05,0.10225401581532681,0.006628160238791309,0,326,4.315077297394881,117975.68781666666,290.4045166666666,9016.32501101596,1200.0,lexicographic_flexible_discharge_reserve
328,2025-11-25,1200.0,59583.79548754176,595837.9548754174,58239.87029897042,1e-06,58239.87029997042,4.0272265065493725e-12,0.11339123313143107,0.004893023941007991,0,327,4.7393364928909956e-07,117682.39221666666,203.12768333333355,10374.23562202893,1200.0,lexicographic_flexible_discharge_reserve
329,2025-11-26,1200.0,60124.63656270945,601246.3656270948,58712.225478968925,1e-06,58712.225479968925,4.027088103304459e-12,0.10584822272887409,0.002323686582369474,0,328,4.7393364928909956e-07,117686.43673333332,95.10563333333326,9656.253892993314,1200.0,lexicographic_flexible_discharge_reserve
330,2025-11-27,1200.0,57703.20369269161,577032.0369269161,56211.666336185925,1e-06,56211.666337185925,2.4735638505261265e-12,0.08882314478810074,0.002163010637916846,0,329,2.8989708653428036e-07,117198.14164999999,89.58594999999995,7855.94111295441,1200.0,lexicographic_flexible_discharge_reserve
331,2025-11-28,1200.0,24142.27537632465,241422.75376324655,23156.910761953164,1e-06,23156.910762953165,6.4747118553357195e-12,0.10824842231358181,0.09575972273694482,0,330,4.6772684752104773e-07,72239.02128333334,3956.579418649326,4702.135386377874,1200.0,lexicographic_flexible_discharge_reserve
332,2025-11-29,1200.0,29921.402112639636,299214.02112639643,27497.348125036253,1e-06,27497.348126036253,6.489732130581908e-12,0.1631119596963471,0.0877986497360717,0,331,4.682744088035589e-07,72156.19988333333,3268.458365039266,8238.12963871699,1200.0,lexicographic_flexible_discharge_reserve
333,2025-11-30,1200.0,57751.30398697099,577513.03986971,55794.86045917547,1334.3170891196544,57129.17754829513,0.0029684690049692174,0.03198824665994138,0.00795188141538544,0,332,350.3055673278941,118008.83443333332,300.2949,2802.1626328853245,1200.0,lexicographic_flexible_discharge_reserve
334,2025-12-01,1200.0,60650.18396546127,606501.8396546128,58442.223759133994,9743.640233096598,68185.86399223059,0.023314134400893135,0.03440080975141648,0.00021215851746504618,0,333,2921.060343814471,125291.39163333333,8.272583333333333,3141.3052350761095,1200.0,lexicographic_flexible_discharge_reserve
335,2025-12-02,1200.0,65700.89800435705,657008.9800435705,64043.26089876488,117.55933251158945,64160.82023127647,0.0001608566457922622,0.05538291434112135,0.0015876273931497626,0,334,20.171523692553993,125400.62359999999,58.36565,5481.509559096944,1200.0,lexicographic_flexible_discharge_reserve
336,2025-12-03,1200.0,67462.32669307527,674623.2669307523,66145.31096412931,1e-06,66145.3109651293,3.757530051211481e-12,0.09326488319202975,0.004659001586268296,0,335,4.682744088035589e-07,124622.93113333332,174.52704999999997,9484.617719645072,1200.0,lexicographic_flexible_discharge_reserve
337,2025-12-04,1200.0,65580.21146467078,655802.1146467077,64133.38670543474,444.1241181001247,64577.51082353487,0.0007538729272554722,0.07870532384449709,0.0011364744035813172,0,336,94.48760639490295,125336.25094999999,43.82818333333333,7824.350117166244,1200.0,lexicographic_flexible_discharge_reserve
338,2025-12-05,1200.0,31281.605225857074,312816.05225857074,29851.015053584753,1e-06,29851.015054584754,6.040687125311373e-12,0.12663555626252662,0.06514840647168703,0,337,4.7641734159123383e-07,78868.07108333333,2446.742440254108,6939.933143083175,1200.0,lexicographic_flexible_discharge_reserve
339,2025-12-06,1200.0,32154.403192135953,321544.0319213595,30534.125768890346,1e-06,30534.125769890346,5.748394139479024e-12,0.11944729322333904,0.056258468121321674,0,338,4.5682960255824573e-07,79470.82115,2014.4014174138097,6762.088603156952,1200.0,lexicographic_flexible_discharge_reserve
340,2025-12-07,1200.0,65956.72896812498,659567.28968125,64333.85947505367,4.4332788610786,64338.29275391475,6.102627779358065e-06,0.07299541660829793,0.0011418107522476967,0,339,0.7632401734890847,125067.46291666667,42.72059999999999,7288.420638415671,1200.0,lexicographic_flexible_discharge_reserve
341,2025-12-08,1200.0,76815.13608204127,768151.360820413,73818.94928845864,1e-06,73818.94928945863,1.620220964603441e-12,0.1665511278230482,0.012937553053682634,0,340,2.0157226365652084e-07,124410.35393333333,473.0376,18623.879502226093,1200.0,lexicographic_flexible_discharge_reserve
342,2025-12-09,1200.0,69465.13690152232,694651.3690152229,68325.02110511984,1e-06,68325.02110611984,3.78193268379507e-12,0.11594018399083657,0.005936668457209281,0,341,4.715868898844612e-07,124694.68108333333,221.47469999999998,12129.171262150147,1200.0,lexicographic_flexible_discharge_reserve
343,2025-12-10,1200.0,67963.58563253398,679635.8563253399,66409.99928218368,1e-06,66409.99928318367,3.760504048569904e-12,0.08670909357687723,0.0033943672284552514,0,342,4.6772684752104773e-07,124378.76451666666,122.16716666666666,8866.863576869931,1200.0,lexicographic_flexible_discharge_reserve
344,2025-12-11,1200.0,67498.81578456922,674988.1578456921,65809.31476782895,1e-06,65809.31476882895,3.848661544741761e-12,0.09961063623320231,0.00921441913583633,0,343,4.7641734159123383e-07,123787.79896666665,348.5496333333333,10084.760886948,1200.0,lexicographic_flexible_discharge_reserve
345,2025-12-12,1200.0,33668.62889993347,336686.28899933485,32554.032674451424,1e-06,32554.032675451424,6.588580685816761e-12,0.15296428449060484,0.05735800234378506,0,344,5.182689816014511e-07,78661.70368333333,2004.5067532005369,9023.487230710314,1200.0,lexicographic_flexible_discharge_reserve
346,2025-12-13,1200.0,32620.744559287275,326207.4455928728,31369.283644406787,1e-06,31369.283645406787,2.5699303913762588e-12,0.14827606558062625,0.035287014064422466,0,345,2.026137169486374e-07,78840.15755,1236.5142848093726,8566.723243141238,1200.0,lexicographic_flexible_discharge_reserve
347,2025-12-14,1200.0,66434.03431857997,664340.3431857999,64412.178776583605,1e-06,64412.178777583606,3.815952316578106e-12,0.059448969707241076,0.0035548530275179733,0,346,4.751722499406035e-07,124522.58585,127.06418333333333,5927.663685506777,1200.0,lexicographic_flexible_discharge_reserve
348,2025-12-15,1200.0,68951.67568384028,689516.756838403,66458.18164230844,1e-06,66458.18164330843,3.696170043095663e-12,0.08090469320412447,0.0016886509582510266,0,347,4.5945325063174823e-07,124305.22548333333,58.82528333333333,8310.141009225177,1200.0,lexicographic_flexible_discharge_reserve
349,2025-12-16,1200.0,69038.17767984711,690381.776798471,67233.48535479949,1e-06,67233.48535579948,3.7524132949062586e-12,0.08300674045978501,0.010511613685502798,0,348,4.6772684752104773e-07,124646.94338333333,370.3120833333333,8569.134855926579,1200.0,lexicographic_flexible_discharge_reserve
350,2025-12-17,1200.0,68215.10473603023,682151.0473603026,66627.33180997947,4.96978684196255,66632.30159682143,7.288920348001533e-06,0.09479624148470889,0.003698432294507056,0,349,0.9072268028340298,124466.55465,134.15955,9760.429117514497,1200.0,lexicographic_flexible_discharge_reserve
351,2025-12-18,1200.0,67763.4147855725,677634.1478557255,66112.51559014276,1e-06,66112.51559114276,3.793472445129395e-12,0.09496264300148903,0.0009341866836604266,0,350,4.715868898844612e-07,124315.35926666667,34.51735,9680.090240460526,1200.0,lexicographic_flexible_discharge_reserve
352,2025-12-19,1200.0,35985.292313846214,359852.9231384623,35154.368637405314,1e-06,35154.368638405314,6.001757917822987e-12,0.20012598718584385,0.08420367500462232,0,351,4.716981132075471e-07,78593.32543333333,3004.8025963245536,12538.456781544646,1200.0,lexicographic_flexible_discharge_reserve
353,2025-12-20,1200.0,33834.74169543092,338347.4169543092,32470.27051931448,1e-06,32470.27052031448,5.994607362450577e-12,0.16094689501612666,0.08124124995572417,0,352,4.715868898844612e-07,78668.52011666665,2909.4252811122196,9591.417888191609,1200.0,lexicographic_flexible_discharge_reserve
354,2025-12-21,1200.0,65352.288338986706,653522.8833898669,63682.788528587844,107.2522565036713,63790.040785091514,0.0001484582462605573,0.048430363836452495,0.001694763417513673,0,353,18.464708302041064,124376.44096666665,59.89066666666666,4779.63523690707,1200.0,lexicographic_flexible_discharge_reserve
355,2025-12-22,1200.0,69857.21879175495,698572.1879175497,67819.96224824952,1e-06,67819.96224924951,3.754652134253619e-12,0.0990649826250107,0.0034734670302483082,0,354,4.682744088035589e-07,124718.45381666666,124.28421666666665,10329.27303476069,1200.0,lexicographic_flexible_discharge_reserve
356,2025-12-23,1200.0,69599.64419142253,695996.4419142257,67904.74362194019,1e-06,67904.74362294018,3.854436763794526e-12,0.1172939305823381,0.0016268439422532468,0,355,4.777830864787386e-07,123956.65456666666,59.70283333333333,12250.137418920829,1200.0,lexicographic_flexible_discharge_reserve
357,2025-12-24,1200.0,67856.45365240515,678564.5365240517,66046.90548980466,1e-06,66046.90549080465,3.808111753507357e-12,0.09410507082581883,0.0017192531840325128,0,356,4.720320981826764e-07,123954.37128333331,62.06471666666666,9639.439312680892,1200.0,lexicographic_flexible_discharge_reserve
358,2025-12-25,1200.0,68010.39961002443,680103.9961002446,66346.40964623686,1e-06,66346.40964723685,3.81047463184419e-12,0.09123593085848693,0.005928082012790395,0,357,4.716981132075471e-07,123789.8579,213.27703333333335,9326.993135140674,1200.0,lexicographic_flexible_discharge_reserve
359,2025-12-26,1200.0,38306.4857066311,383064.85706631094,36540.90581535878,1e-06,36540.90581635878,2.917282108081524e-12,0.2199212236386641,0.08853742300858286,0,358,2.283365681013814e-07,78270.30764999999,3122.067277446518,14216.810815519531,1200.0,lexicographic_flexible_discharge_reserve
360,2025-12-27,1200.0,32664.35140451794,326643.51404517953,31000.516486218236,1e-06,31000.516487218236,5.8036896735265014e-12,0.1374760661914249,0.04862671050583262,0,359,4.5506257110352676e-07,78409.18393333333,1705.3569659724283,7852.120977646185,1200.0,lexicographic_flexible_discharge_reserve
361,2025-12-28,1200.0,65762.19730208724,657621.9730208731,64015.11188572659,195.6181254121576,64210.730011138745,0.00027129281701617354,0.07909699537890827,0.001617880289860561,0,360,33.507720303722,123511.26975,59.37946666666666,7873.62281145433,1200.0,lexicographic_flexible_discharge_reserve
362,2025-12-29,1200.0,68532.90259833449,685329.0259833449,66749.89727319157,1e-06,66749.89727419156,3.8631427256174814e-12,0.09673309285806492,0.007721746817392234,0,361,4.777830864787386e-07,123677.30638333333,279.1684833333333,9925.288327242899,1200.0,lexicographic_flexible_discharge_reserve
363,2025-12-30,1200.0,66306.88859264544,663068.885926454,64206.1803247683,1e-06,64206.1803257683,4.1956093925690934e-12,0.08415649392254337,0.0017132423898275591,0,362,5.182689816014511e-07,123526.50905,63.90754999999999,8374.855015674144,1200.0,lexicographic_flexible_discharge_reserve
364,2025-12-31,1200.0,68276.31024733948,682763.1024733947,66846.5634152188,1e-06,66846.56341621879,4.186621238091567e-12,0.08886842004261133,0.006469124334516119,0,363,5.182689816014511e-07,123791.70508333332,227.3592,9144.073640258755,1200.0,lexicographic_flexible_discharge_reserve
